trans_id,customer_id,amount,category,trans_date
47c5b37a-0618-4304-8dc0-15695a812939,25,78.91,Groceries,2023-05-29
46ad3989-8fd3-4a4f-a0d2-a5bc82edc06f,23,145.51,Dining,2023-09-05
2874b652-1742-4da1-a1f4-e4f8d921ed80,24,42.16,Utilities,2023-05-22
3580c82a-6a8e-4d42-9068-0f7b64d1fd47,43,342.01,Utilities,2023-02-05
3d2d233a-4c48-4a29-8972-1523ed3a912f,37,267.16,Retail,2023-06-06
57e6618c-1b85-4037-afae-abefb9852666,44,246.83,Retail,2023-05-29
847a3066-8690-4058-9257-20273ec5fc55,85,346.14,Groceries,2023-10-03
6607b04f-fe4d-4d9e-93b4-24e1acf250a6,90,29.76,Dining,2023-02-23
505919ca-0866-4063-b772-f264323d2a48,19,1209.98,Travel,2023-04-20
42e333dd-a5ff-4654-a0ce-ba1750d4c65d,65,1433.29,Travel,2023-06-23
4f25ff7b-fff6-46e5-b668-b3d485f137b6,38,151.2,Retail,2023-08-11
e8778b57-dd9a-4f3e-ae6c-c99901a2ddfb,35,357.65,Groceries,2023-06-12
5419c5bf-6e2c-4afd-942a-72cb0617d3e9,78,1195.09,Travel,2023-06-03
0b1312a6-f7c5-45c0-9750-8b09ccc1d42a,5,416.3,Dining,2023-04-28
26b86755-cc36-4d6a-9a82-c39c77bc53af,91,179.36,Utilities,2023-11-28
389e0177-fa4e-4e03-9a45-6c8ddb556607,33,430.91,Groceries,2023-06-20
a24f0223-1e87-4e8d-9774-2f4fe6ea8a64,96,386.45,Retail,2023-05-09
9b6fd91b-2516-4311-9247-6bdd29fb871b,61,467.69,Groceries,2023-09-23
b7630aa1-990a-45cf-8dd0-4cf9a142c813,41,279.99,Dining,2023-02-27
16dc5ef1-6a39-433d-9415-5625fc1045ce,100,1581.69,Travel,2023-09-30
4ffd1256-3e33-468c-aab2-e000c2a5ff70,49,40.28,Groceries,2023-08-13
03049f1a-e27f-4126-a4b0-b733aa968a1b,35,294.08,Travel,2023-04-21
3162f958-81b9-4d54-be3d-9c27b8102847,63,297.99,Dining,2023-08-20
48e24caa-4a79-4cb4-87c5-320f3b40dfc2,3,221.89,Retail,2023-09-27
9b0c374d-619b-4314-90a9-d374e8d65c5a,73,1273.82,Travel,2023-02-26
629419c8-8df0-4d17-8600-74f69d31e4a2,42,30.88,Utilities,2023-07-11
cdb5f08c-f377-4ab7-ae1e-882a6a6838b0,3,131.38,Groceries,2023-08-14
1b11e93e-cab7-4658-be19-0053cb8c31a9,12,345.97,Groceries,2023-12-17
28c3fc0d-954e-4edb-9176-865264bd98e3,89,131.85,Retail,2023-03-09
ad724d7c-e79b-4a9f-b927-5cd3a4efc582,55,434.26,Retail,2023-11-19
3cc217b2-873f-4f38-ae2d-b7511b320877,4,407.78,Groceries,2023-10-04
51784c2c-5932-4a6f-b59b-32ed149f1e33,80,449.7,Entertainment,2023-10-06
d2e892e9-0cc6-4018-92d5-b17262589bad,97,361.03,Retail,2023-09-12
b4aab0fb-d7f3-4db8-9e79-ec6924a80c9f,59,151.11,Groceries,2023-01-31
be8ef1ee-8e82-4288-9156-1c35d0a33e9e,65,394.5,Groceries,2023-12-24
22507b72-e53d-4747-83af-5bafd529d471,25,364.0,Retail,2023-03-17
b731d699-f1ce-4c6a-9136-492ce401ad09,29,329.14,Dining,2023-02-20
8ecea807-48ab-47cf-91e4-3225f3c6df74,62,397.11,Utilities,2023-10-20
15ea1d46-ad2c-4f15-9fd8-d3352a57c597,71,1383.82,Travel,2023-07-06
1840385e-ffdb-4f3a-83fe-37b95d772767,27,1493.88,Travel,2023-08-27
97e76e5c-005f-4a76-91f1-7acf1b381c47,21,258.89,Travel,2023-06-01
a1f07899-e9df-49c0-ba9b-f96b18275df8,19,966.96,Travel,2023-06-28
2b434bfc-465a-46f8-901a-5ba78d76e4d7,22,472.66,Groceries,2023-11-01
2d9cca26-a0ab-4a5e-84fe-7c0533c71b3c,88,260.05,Groceries,2023-11-04
533aed6e-10b2-4b97-b5fd-8f5566db536c,14,335.19,Groceries,2023-03-19
37b58b91-f8b9-47d6-9686-e7aebeb61e52,37,254.51,Dining,2023-10-28
73b9e56d-7569-4c10-a0e5-5c128e5988c1,38,458.3,Entertainment,2023-02-23
8bdf64cb-008d-463c-9c8d-9256afa6cd9c,2,101.41,Retail,2023-08-21
8a519f02-041f-4fe0-a80a-ff35da055be2,33,1580.84,Travel,2023-03-15
956da7fb-b78b-4bc1-8e14-1267f66b0ba3,51,228.45,Retail,2023-04-07
235bdc39-cf0f-4cde-8599-de03a691e4cf,26,317.99,Utilities,2023-07-25
ea7e462e-d1bf-43fd-a5a0-7d2515c54611,25,389.92,Utilities,2023-02-10
b288925e-70d3-4f6a-a0f5-dd980c8f0893,20,94.93,Retail,2023-07-27
d42cb4d7-6e0d-4d0c-b1e7-6bde1d42baf9,2,1937.47,Travel,2023-12-20
1cdce376-ef02-4cba-af08-979e0ea6bfb2,18,143.04,Utilities,2023-12-29
50b5d7df-a2fd-4fac-b2fa-54a40f97870e,85,384.1,Retail,2023-09-29
a973ebda-d56b-441a-9a07-eae41c197b16,25,359.19,Dining,2023-04-12
f6041a8c-084c-4450-8394-49d1a2e8923b,25,326.37,Retail,2023-01-29
863498aa-bbbf-421f-ae47-2694f95bdcc9,93,53.37,Dining,2023-08-18
a918f2af-ae35-4b3d-b09e-162246289462,98,130.19,Retail,2023-05-02
c6a0a2fa-8241-474b-8380-71b7c5ea79b0,39,293.52,Utilities,2023-02-22
304bfbf7-9ca8-49a6-abbe-ed0f422560ef,4,479.38,Groceries,2023-10-01
c0775a59-cfd6-4e7d-8779-8f1343566dce,60,91.38,Retail,2023-02-21
490bf765-c233-4aa2-ae5b-36b37227fd53,24,180.55,Retail,2023-02-13
c1c17ac2-e490-4e33-91e5-66f5a4040ebd,86,111.15,Dining,2023-06-03
fa6a4510-c65f-43f9-a4ad-a6403a147b91,74,432.38,Utilities,2023-05-07
1f5fa486-eca1-43a6-a7b0-c507705ddda8,94,167.69,Dining,2023-03-01
fa0c21dd-029e-4dff-be3d-42f77caadbba,59,101.25,Travel,2023-01-12
54180782-94d1-4adf-be49-efa892e60db1,7,454.39,Dining,2023-08-24
8c9b7769-1de5-45e3-bffe-e04d1b672d76,38,457.16,Dining,2023-04-29
ecfa2d11-fc86-43bb-be75-26e7f2ef0a80,41,438.44,Utilities,2023-01-25
d0a296d7-f3c8-4eb2-b73d-e39d6e594cbc,70,315.39,Entertainment,2023-09-06
c97b1725-65b4-43a7-83ab-26e2edb0d6f3,38,77.16,Entertainment,2023-11-27
d419498b-775f-465a-944b-4c70ef0476bd,29,235.88,Entertainment,2023-08-22
238fc6c5-0ecb-4f43-bd59-9e4d02e62340,32,348.6,Utilities,2023-09-22
6aa16523-e019-4bd7-a4c7-dd7f077c2190,71,87.15,Utilities,2023-09-08
b02c120c-cd28-4bf1-be6e-1f2758909288,45,1088.25,Travel,2023-10-10
5c84e965-0140-4d6e-8031-43da4782242c,33,20.11,Retail,2023-05-01
06f52e06-05a1-4ee1-9ff1-80bf0a73338c,16,444.08,Travel,2023-03-11
6c1e837b-a446-4ef4-b003-0d4f8f2e50ea,67,151.05,Retail,2023-08-21
e4894eed-05ad-4c4d-9044-c8e23893653d,92,284.46,Groceries,2023-09-07
2e634195-b130-42b7-996a-5902c16660d1,92,434.78,Utilities,2023-03-26
5edf781f-1888-469c-98e8-8c1eeb94efae,78,1656.86,Travel,2023-01-12
db4ee797-bc9f-4fe0-9bc5-0d1f7aefacc7,38,287.17,Retail,2023-05-21
c638448c-5f57-4665-9fc3-9afc39f40e9e,71,206.95,Groceries,2023-12-30
a4471aeb-5bff-4838-91d9-be320b9cddaa,9,410.63,Groceries,2023-01-22
fd8f0300-6054-47b4-9f55-cc45235fd676,35,1155.46,Travel,2023-07-26
9bbdf01a-9791-4d29-9b49-d8afb3943735,29,57.34,Utilities,2023-09-14
d3af2324-7fa8-4bf2-b553-4a1d0b5e82de,54,254.02,Travel,2023-09-02
02d2d097-f32c-46d3-998f-e297ce5c9029,99,431.4,Utilities,2023-04-11
4bdfeec4-bc4c-46fa-a33a-78d0c01bb66c,65,254.31,Retail,2023-04-22
9523ebdd-8cee-4984-a705-feb82256e355,18,162.71,Retail,2023-07-21
087067d4-f7dd-44ff-a412-4a73a675dea9,82,776.8,Travel,2023-04-09
23ffe7af-2cff-4e3a-aa03-5fed0e0837c7,93,1758.52,Travel,2023-01-22
ba899035-7129-402b-95ff-e0ec3ec9f3a9,11,319.43,Retail,2023-11-20
af1d14b5-4cea-4fb7-a103-3a226f6675e5,18,459.79,Groceries,2023-09-10
7be54de5-3cb9-46be-bcff-6ee2083e26ae,64,113.14,Utilities,2023-03-13
ae0dd396-109b-4564-8692-d3f30171fcb3,5,183.96,Retail,2023-03-16
37ff8680-3d27-4f74-a549-f3d9168252a0,66,483.91,Retail,2023-02-13
cbe81f47-5dfa-4d83-86d2-44486987ff68,43,482.57,Entertainment,2023-11-28
bab15104-1bed-41c9-91e0-4f05a57cfa84,70,138.36,Retail,2023-01-12
4a2fbee2-335e-4188-b77b-629844ae61d8,8,440.19,Dining,2023-04-04
a4829e4f-afbb-41ef-b982-992165cdeae5,74,511.16,Travel,2023-03-28
005af378-d0a1-4888-b72f-7021d88ea3e2,58,479.37,Dining,2023-11-17
6f5f4f77-f4c4-421b-b9eb-113d993cbd9e,48,75.41,Retail,2023-01-17
8c1ed87b-c943-42f7-b614-f5fa625e30e3,45,149.4,Groceries,2023-10-22
1fef8245-32c5-4b0c-ac8a-a7f0133e80e5,74,420.37,Retail,2023-09-03
ee571ee8-a736-4084-858e-c133001c778c,84,434.59,Entertainment,2023-07-16
c8a345f2-460d-4b84-b4c8-05ad36ccb298,69,165.61,Utilities,2023-05-19
b29c6653-9a51-4c8d-83e3-30a6ea183294,43,470.15,Retail,2023-05-16
c1660289-7489-498c-a779-d9091ed47f34,61,123.01,Retail,2023-03-03
7c495d0b-9501-4d9a-b0f2-f03723283f9c,39,68.27,Retail,2023-12-06
9bec54ea-bd03-4949-8e54-568183d5652d,21,253.07,Entertainment,2023-08-30
6d4d0cfe-c802-45ff-b368-784d0ebf33f8,83,203.2,Travel,2023-11-25
6085cd82-ea11-4090-8497-e693fd35da6e,65,1797.04,Travel,2023-05-27
122b7ced-db4f-49fd-9c4d-ee8bd1358305,2,267.49,Groceries,2023-02-01
e4feab15-87a1-4f0a-9d2c-1497e9da181b,44,439.17,Groceries,2023-11-12
a0e1df54-334d-4089-99c0-34b37147e638,43,333.83,Dining,2023-08-05
c6e130c8-45d5-440a-a15b-f83045f49966,73,307.85,Utilities,2023-04-01
137bf5e5-c41c-4a52-8959-6f9b9ceffa14,7,367.65,Retail,2023-07-11
831796ec-eaef-40ed-a355-97812fc583c8,28,278.61,Retail,2023-03-28
a3a45c95-75b2-40c3-ade6-5b414f331cd6,79,385.51,Retail,2023-01-14
a22621ff-63a7-4b3a-ab1c-66fc2ede8ed2,82,398.45,Groceries,2023-04-03
922bea05-333e-4321-870a-0578bb3211fc,47,211.79,Retail,2023-11-01
3e2aa0ce-03dd-4683-a749-405907b27518,98,420.8,Retail,2023-10-29
aee7d019-f18a-462e-b66a-efdc3c5c2914,1,455.83,Retail,2023-07-11
97f0ab1d-eeed-4004-b811-79d12c19fe5b,41,57.31,Entertainment,2023-02-07
a2189c89-07cc-4156-b67d-f75504070026,27,283.5,Dining,2023-04-24
2b7b28c9-b409-465d-b9f2-6847c567ae08,31,183.51,Groceries,2023-11-11
9cc54c90-a017-471f-8196-e510264e0064,20,498.01,Groceries,2023-05-30
2f16b9c5-f46f-4670-a145-7a9e573d06a6,90,232.13,Utilities,2023-08-07
8ae88be0-918a-4fdf-a777-034570773e99,95,252.77,Retail,2023-05-14
21326ef6-012a-47ad-83a5-84fe7aa9d9ce,2,1199.94,Travel,2023-06-25
513bb981-e9ae-465a-bb7f-c0181cbdbf01,74,210.67,Retail,2023-02-28
470e5a22-e2ca-4bca-a455-93cf78545308,57,212.52,Entertainment,2023-07-11
36c11132-670a-4e1e-8001-8a3f978d7d2e,40,364.69,Utilities,2023-01-21
73699d52-46fe-4ff5-8e86-9543a7231cc0,72,364.4,Groceries,2023-10-13
6b7265cf-5106-468b-a6ec-20ba35294781,75,270.76,Utilities,2023-09-08
aeefcd8e-107d-4a54-8400-82aa3c8c953b,71,484.71,Groceries,2023-06-24
b3c175da-32c3-42cc-a1e1-a8d74948e957,61,357.91,Retail,2023-04-05
810720d1-7d83-4861-9ccc-cd2d16016c25,28,142.13,Dining,2023-08-19
fc4461ff-593a-48dc-b974-0b9af1318072,56,340.07,Dining,2023-12-02
53d51f19-4ab1-4d32-8d3d-2e2b890ca8b6,9,120.74,Entertainment,2023-01-20
8b690a28-3aa4-4820-ad70-d9ea1c17021f,91,218.82,Entertainment,2023-12-23
d9f8398b-7afe-4728-b13a-b6c3960d0080,100,478.29,Groceries,2023-01-10
e27dec6d-7db6-4f8c-a498-d87715689f73,14,72.31,Utilities,2023-07-16
ee77a3dc-2dad-4479-b3e5-4fd4c4068846,2,1854.48,Travel,2023-11-13
f1debc8c-74e9-40bc-b879-b6c5494582e2,71,234.49,Dining,2023-06-02
36de1e65-2210-4e04-8d59-18369794278a,87,358.04,Retail,2023-03-04
ef05bc9e-b346-4cc2-83af-5adbfcd643e1,92,169.52,Utilities,2023-08-07
fd271b70-2340-4c3b-86d2-4ef810142711,72,1842.23,Travel,2023-09-12
a6699580-b344-4a28-adce-cfaf3cab1ee4,59,424.22,Dining,2023-07-10
fed35409-b79a-40ac-9bc4-75e205cbf5ef,97,78.53,Dining,2023-07-14
5a51186f-52ec-49b3-aa57-e0df5deb0a63,56,294.61,Utilities,2023-12-03
08fd450c-9cc7-47d6-a623-8fae6191f977,89,209.97,Retail,2023-07-25
15b507d3-97a0-4cb5-866a-5c94f6107695,82,255.39,Utilities,2023-06-28
d238d919-522a-4320-808e-be379f667903,76,186.08,Utilities,2023-10-28
a8deab45-1e1d-4c11-9ce7-59246636684a,76,159.95,Entertainment,2023-09-27
40da6830-f79a-408a-8c55-c4bc9c5955ed,79,165.68,Entertainment,2023-04-12
a7ee3780-dc40-4ab5-8f9f-e43e7096f80c,81,407.69,Groceries,2023-08-18
adb55ba4-15b7-4499-8488-c7d9f88ba75c,61,140.52,Dining,2023-07-30
db495ebc-1028-44ca-b2b7-b94cd677d0e7,37,425.86,Entertainment,2023-08-05
33ebc306-3153-484a-9c13-89e88aa75701,87,160.06,Entertainment,2023-03-19
0278df1a-13cc-41a3-a004-adf92265d35a,78,356.22,Groceries,2023-08-25
3217bd9a-66d7-4785-9326-fa934795d19f,27,68.07,Groceries,2023-03-29
1e78da42-403c-44fc-8ccd-50cf2591b3ee,49,237.47,Groceries,2023-05-30
43ad51c8-0231-4064-9eff-fa51aee1d0c7,29,458.09,Groceries,2023-02-15
454badf2-2c7b-4a62-a46b-848d1c8c4d08,37,390.47,Travel,2023-08-05
187c09aa-fd23-431a-ac8c-a0843970eb59,78,41.61,Entertainment,2023-07-21
69fcc133-90cc-4d75-8fc6-33ebdba9907c,72,415.98,Utilities,2023-02-14
f7de7768-c12c-4472-bf34-51991203b2db,49,448.08,Dining,2023-07-31
7925cb5c-cda3-42c1-a3cf-44d74e1b6502,66,147.37,Retail,2023-08-21
020cba5b-7e78-49eb-9cf9-40633d606d39,44,444.57,Groceries,2023-05-06
cd4cc22d-74eb-4be5-b584-f35bdeb5317e,17,442.59,Utilities,2023-12-22
5a320265-e903-4243-a612-6781d50affbd,39,1229.23,Travel,2023-04-15
5d28f5a0-4c34-43df-a1d1-ba697068cb26,53,435.42,Utilities,2023-02-25
47e77984-d442-4ee6-96e9-2cd66dd44b85,24,450.41,Groceries,2023-11-13
54ca9796-417a-4110-adbe-9feb5840a816,41,428.79,Entertainment,2023-02-23
56f4b24a-6a5f-4ba3-9aac-0072dbd4e203,84,304.87,Retail,2023-08-20
3d8482f3-ed0a-4978-ae15-74faa84d6784,3,444.13,Retail,2023-10-31
7917f473-70e8-4577-aae6-3e1db75b056d,26,492.11,Dining,2023-11-21
6b674aee-5816-4d16-ab86-1ae077974c08,42,219.14,Utilities,2023-05-13
f0363622-c998-4da1-acfe-aa641c3b615a,19,85.62,Utilities,2023-09-05
3f80331d-e8ae-4d4d-b962-6b7fb4f3a2b8,18,230.23,Retail,2023-09-26
9ad1eed2-85b9-475d-b6b1-6dc05a5ab0bd,74,296.14,Utilities,2023-06-20
c3f7a7fa-7d38-48e8-893e-bcfcb14bfc49,23,117.95,Travel,2023-06-06
aa491d78-76e7-4824-ac0a-b91018f6cf1f,22,134.25,Retail,2023-11-21
198ee0e0-b81e-4d29-8734-0d16054d8842,28,488.37,Retail,2023-07-10
5b8c1694-136d-46d5-9e57-4e4308de24ec,62,416.29,Dining,2023-07-28
9d3d9846-c899-4824-8159-f66f488d3609,55,395.85,Utilities,2023-04-01
5b77c49f-ebb7-4611-894a-c596ba0f56b1,73,228.03,Entertainment,2023-10-24
c31a8fa9-5e5c-49fe-b52a-7952d7d61397,97,461.94,Retail,2023-05-21
0c488cec-7a74-4ce1-82c2-c832b51e2110,36,49.88,Entertainment,2023-08-11
c34ef618-3059-455a-bfd8-6d027f3f2fc6,91,1033.76,Travel,2023-03-05
277b4ca5-66ed-40da-a4c2-5a85cee5c0ff,83,417.98,Dining,2023-08-01
effe23eb-aaaf-4b58-ab1e-bf1b45c51830,28,174.63,Dining,2023-10-08
de9d6273-fe92-4aa1-8554-fe6549dcb759,80,431.21,Retail,2023-10-25
548fd7ff-912a-4d3e-ab6c-1dc9cc631904,47,1443.33,Travel,2023-12-20
11ba061c-7bf5-4146-8201-31a7409496ff,16,227.34,Utilities,2023-04-14
4c07f8d7-5946-49c1-8091-4f52931de616,46,79.13,Entertainment,2023-07-10
99f8e7c6-db92-48ff-b526-f14efd823b75,79,333.66,Retail,2023-08-11
d6539d9e-d870-4a1e-815f-bd2060287dcd,17,212.47,Groceries,2023-06-17
2b9a3a6b-78e5-4f86-ac99-57c5cab26037,63,489.24,Groceries,2023-12-22
ec5cdf88-3755-4699-b5d1-bfa5cdefa3e1,78,241.69,Groceries,2023-11-09
d1a5b415-b95a-4c3d-a406-0960f1da6ac1,65,388.3,Entertainment,2023-03-01
78fbfb76-afda-40a9-966f-62857417ab6f,8,321.56,Dining,2023-11-04
b5a052b8-4335-4ce4-8121-7087b54ddc36,76,154.79,Entertainment,2023-03-26
d0088c62-3b22-4e8b-8950-a0b84b830850,60,1405.92,Travel,2023-01-21
336da6b1-8ba5-4d3e-8d82-668cb1d9c836,56,310.44,Entertainment,2023-07-02
75e2dd19-ee37-4ff4-94aa-cde48b948c77,57,356.49,Retail,2023-09-09
7b20211a-89cf-4229-a525-6815a97868b1,46,449.53,Dining,2023-10-11
8d6e0985-56dd-4144-9b05-c971098d1200,84,238.44,Entertainment,2023-01-21
b470c3ce-05b6-41f9-9e0d-9e5c8769ee16,55,491.53,Utilities,2023-04-04
c603281a-c216-45b2-9243-292ac359f68a,38,372.96,Utilities,2023-10-27
82c76614-ceda-4cab-9e4f-554fc4dd73e5,8,370.81,Groceries,2023-02-02
73da680b-cd66-4a84-bc25-348b1584eb34,3,364.34,Retail,2023-10-09
27084d71-56a2-408d-8bf7-5d4bf6285e8e,13,384.08,Groceries,2023-03-08
fecbec87-01ab-4d3b-a3ae-f1d6b04da27b,55,47.96,Utilities,2023-02-25
c9970878-dbfc-4149-a6f9-d9253b80ff59,32,249.18,Entertainment,2023-06-07
3d82d05a-d702-46d5-9450-ee932016b537,42,48.46,Dining,2023-04-19
3831d68b-8a86-4e6a-a6ec-6f87c09475f9,65,129.83,Retail,2023-02-07
bda3af87-e1c4-45f0-9e34-2c043158575e,50,189.53,Dining,2023-04-19
62c2c7e4-e834-4cbb-91cd-96d428384fa7,40,819.97,Travel,2023-12-11
1c281fcc-ac86-4ef8-9533-e0dcece403d8,4,79.71,Utilities,2023-11-07
aee14b99-0854-4acd-80e8-aa51ef846e7b,63,144.0,Utilities,2023-09-24
bbca57d7-09de-4a5e-bd30-4423d7dc59a8,56,344.9,Dining,2023-09-24
74b9597a-c961-4ae7-a9f9-389b297b0e7f,86,179.89,Utilities,2023-03-28
287c8272-8a58-43c5-9df1-e74aa299febf,81,110.0,Groceries,2023-12-14
f8db959a-85de-457b-a712-f614398900ed,84,45.06,Groceries,2023-07-12
a0c31c86-f2de-490a-adee-28f4d56dc65c,49,175.22,Utilities,2023-09-05
123e593a-4e56-4c9e-86cd-989eca0a0eab,59,404.11,Dining,2023-06-15
00ab68fc-afcf-44c8-9184-8cab8f046681,72,333.24,Retail,2023-06-07
8c96ec92-bb10-46c6-aee7-447a4d06d1b8,37,405.66,Utilities,2023-03-18
4c0045c5-5518-4fa2-afdb-1cee0f136f1c,43,370.86,Retail,2023-12-04
b654509a-4fec-4b31-8782-89a8b1a2ed6f,84,330.21,Travel,2023-10-26
c3b1ad88-8ef8-42e1-aac3-60decfe0dc70,37,14.32,Utilities,2023-05-28
82d987e7-d155-41d8-af4d-34fec85d92dc,55,237.22,Utilities,2023-05-15
e1aa62aa-167d-4270-be21-7b23fc2ffd6c,58,70.79,Dining,2023-12-13
93fe4fd2-e451-44f8-84ae-a7c21418d81d,71,328.91,Groceries,2023-10-31
d573189a-068a-4a1d-8e22-b2adad781f99,46,338.61,Retail,2023-04-24
5f6dda67-fcf6-4e12-8713-a1f90c3be779,91,437.71,Groceries,2023-06-06
1e3388c9-ed78-428d-a428-b3445041352c,54,440.64,Groceries,2023-02-25
cfaa3005-c78b-4957-8ec1-0b92082a23bc,51,261.96,Retail,2023-10-13
91a97ecf-bb9e-41e3-a81c-3fb1e9aa100c,55,337.59,Retail,2023-09-16
f34a1fc4-cf9a-41c2-9342-1989cfae0bf5,94,326.99,Groceries,2023-09-02
42966d51-4e35-471e-a85d-771da235396c,89,378.31,Utilities,2023-05-23
445f8fbb-c095-4f2f-874c-8e0e510db85d,50,160.93,Groceries,2023-10-05
85b87b50-587a-49ea-995b-74bac021dcc8,38,325.4,Travel,2023-07-04
21316be9-e015-4493-be5c-a15e4f337e08,83,322.41,Retail,2023-09-10
cc2c2552-9d3e-4751-a16f-71f2900966a8,55,154.12,Retail,2023-04-20
34acc2b7-d94b-4c26-bbbf-fd2b1b8b2d22,94,458.96,Utilities,2023-12-20
b8d3b43c-6ba3-4b9c-81f2-4133172dfa9d,72,209.18,Utilities,2023-04-22
d1d0d2a7-1d98-4059-a665-938b3455f2d8,36,273.44,Retail,2023-12-18
28d95771-f88b-4850-bf56-de8d3c8c3511,16,368.36,Groceries,2023-09-13
3d1e38ef-0788-4b8a-b127-a6793d729487,20,417.91,Travel,2023-08-12
c995ef53-f89d-4358-8855-852677ad5e96,85,45.66,Retail,2023-03-14
cdae3f03-4904-4370-8a6b-8394883cef19,89,465.53,Groceries,2023-06-11
09cb9a82-d18a-46ff-9023-4664cb1933ed,17,144.53,Entertainment,2023-06-13
4c2b2869-e8f1-4981-afcc-27ca77f72be3,78,287.42,Utilities,2023-01-12
75e43136-6b54-400c-b13e-0bb67f12b66b,76,339.65,Retail,2023-04-21
f1994016-e57a-45b1-8089-7bb30be55dbb,78,490.06,Groceries,2023-06-21
84569714-dee3-4ea0-8463-5d29b93d3295,95,237.68,Utilities,2023-01-31
33c9ed7a-4e3e-418e-a079-5e2ccd9fe0d4,25,384.72,Retail,2023-04-14
ed3c8c5c-5b4a-4e3d-8a98-4db9c3fae1f5,20,198.12,Retail,2023-12-20
2d8982ef-bf39-4487-8959-dba69a5e1bd0,53,329.93,Utilities,2023-10-25
34fc4003-a70c-4ca9-9e85-b7632347426c,75,269.67,Utilities,2023-11-18
bd771fa6-ce2e-4b89-952b-353f4cfb75e0,14,334.43,Retail,2023-09-23
cbd7092c-836b-4e3c-94da-0ecd702de4b8,21,174.38,Utilities,2023-09-20
b14a7629-0689-4b65-a7c0-a54a499c0de6,10,1014.34,Travel,2023-08-09
ed688ce0-8a64-4785-85db-db27fe93132c,24,255.03,Utilities,2023-08-25
f3438a05-3ee7-474a-96cd-2a24bec5c37a,57,435.6,Entertainment,2023-02-16
7a21401a-068e-46fa-94b9-9009285d64e4,34,24.78,Entertainment,2023-09-12
e8285b97-ae6a-4d5b-934e-9188f5eee3ce,87,532.54,Travel,2023-04-16
8cae544a-8e9f-48b5-b183-263b5fe91032,21,292.74,Dining,2023-07-14
fc01cd5a-f0eb-46bb-bc73-8560e69b3afe,10,341.28,Utilities,2023-04-10
78aa8fba-5b0e-465e-9962-59e014e333af,60,35.82,Utilities,2023-06-21
9d450961-67da-4fab-a6cc-03b4465eb27c,89,82.28,Retail,2023-03-19
a0dba3c5-d8f5-43b8-84c5-feea331722f5,31,260.1,Utilities,2023-04-02
f9f36b21-ca6d-481b-8b95-77241c9787fc,23,1565.31,Travel,2023-10-12
018d9858-9248-4d78-b1a5-bdb12dbdf893,79,334.48,Dining,2023-07-20
6b084e43-20c4-4bd3-a2c0-d1aba92dd601,59,227.89,Utilities,2023-09-30
a96e14bc-5831-462b-ba99-b509306cd9df,28,498.66,Utilities,2023-03-12
248d6f81-425e-455a-ba02-f629d13aed90,93,447.96,Utilities,2023-06-26
a610266e-e48e-41d3-b3ff-2095bbdbf9b8,37,314.9,Dining,2023-06-29
3e5d1ecd-f6eb-45db-992b-9ef430a182cd,12,282.44,Dining,2023-09-19
e976c9b9-b488-4f15-9662-6178e86186b1,37,31.22,Utilities,2023-09-22
9073729b-00fe-48ab-85e0-fde606b17abe,97,330.85,Retail,2023-05-21
b313c351-68ad-49f8-a205-31274c573c5a,24,425.99,Entertainment,2023-11-21
43677eff-6865-45d0-ae5d-4afd3239cd0d,11,228.65,Utilities,2023-07-10
8c9670f8-63b7-4c2f-ade3-4ad359f5f9a6,31,283.51,Utilities,2023-11-10
f4c95924-4b69-4029-9ac4-967b53e5fb64,93,417.25,Dining,2023-10-19
8bb5011e-4726-418c-b961-f776186bb67b,24,449.88,Entertainment,2023-11-02
2c4245a3-d060-4ced-aef2-9603ef395261,3,80.36,Retail,2023-05-27
088889e0-e61e-43c5-9695-c2264dc61eeb,91,453.47,Utilities,2023-10-01
b1cd32c3-2d8e-47c3-af68-6ca44c3981a6,72,140.55,Retail,2023-09-06
8e808a69-ef06-4486-bf60-d7957e37e16f,82,130.29,Utilities,2023-12-02
82c43d64-a16f-4352-96d6-d747c985a016,25,121.5,Retail,2023-08-09
160da030-1391-4659-b947-97a0c778841e,28,467.84,Entertainment,2023-12-07
18f5cd77-9179-44e7-8980-50d94c9383e1,93,347.07,Retail,2023-05-08
a7af9459-b2be-473a-86cd-30056c616504,36,343.13,Utilities,2023-09-13
6981a0a8-19b8-46e8-b3df-2d1b9dae1d42,100,93.39,Groceries,2023-09-14
b5720047-5593-4212-8d7e-6b8310f8df8e,41,1859.89,Travel,2023-10-08
ce28cc61-efc3-4086-85c5-607761273eb2,39,235.47,Utilities,2023-08-20
258c47c7-8f42-4c9c-ad6a-0b946df6475b,71,201.32,Utilities,2023-06-15
a7b60406-9527-4ce5-b735-15466d8e8688,10,68.5,Retail,2023-06-26
6c69528a-2d2f-460f-b380-3a3ca2a73c83,34,355.01,Dining,2023-04-13
8cf76eca-ef54-4d2b-a8ac-be9ae91467f9,43,1754.31,Travel,2023-01-13
d2f7e6a2-f843-4508-8912-d60d5b1bd653,12,11.29,Retail,2023-09-22
79f02462-47a3-4645-8e17-1fc348da695c,94,7.18,Retail,2023-04-02
eb08dc6d-e205-4eba-b231-77ccb4ea5a37,84,437.08,Retail,2023-01-30
13f99a4d-80d6-45bd-b71f-0818b333b50b,37,247.91,Entertainment,2023-11-20
4c0ba958-8c7a-45be-86bf-3567bcc4df4f,93,292.37,Groceries,2023-12-15
bca2c8db-b9f6-4e49-85a1-90f937b7edad,32,404.1,Dining,2023-11-26
dad51bc4-4c1f-4500-913f-64e890d738a9,24,479.64,Groceries,2023-10-20
35572f0b-ecec-4684-911e-f0a6bc540efb,5,1277.24,Travel,2023-09-16
5fdc0eab-a8e3-4d4f-8b35-af0721f5551b,19,474.11,Entertainment,2023-07-09
c060cdfb-fee0-437a-980f-ddb8c283b47b,34,96.06,Groceries,2023-08-10
6501b86e-1510-4151-a391-eb4222042e23,91,172.39,Retail,2023-06-28
19001ea6-65b7-48a1-97a8-2171a2f1a9b0,18,318.07,Dining,2023-09-29
775eb229-0794-4799-b95c-38e86961a5a0,36,15.0,Groceries,2023-02-01
9b463107-1425-473b-a073-d23b2f134188,8,486.56,Retail,2023-07-18
47ae3cfa-52a2-4e2c-b76e-1fcbb4cc657d,46,315.96,Entertainment,2023-07-12
c0def047-4ebf-4bdd-913d-6f3ccc118626,49,92.47,Retail,2023-08-29
5d7e20db-7298-4bde-8f0d-596897bbc515,56,388.41,Groceries,2023-07-08
e0177ca8-11cb-4ae9-b335-5aabb8e4b802,29,52.86,Entertainment,2023-11-21
829ffa23-4816-49c7-bc2b-da652b41a79e,71,233.03,Groceries,2023-09-15
dacb5e4b-e751-4c25-ae6e-960013f0d0fe,91,421.14,Groceries,2023-04-15
4c883bcb-d4ff-4dd5-8dc4-385bd9a6c448,60,127.06,Retail,2023-01-29
2e24184b-520d-44cb-86f3-6535a076292a,91,369.58,Utilities,2023-07-07
0ed372fe-4bcb-4001-91d0-5b83f40d485d,94,147.06,Dining,2023-10-21
7d9c2adb-f206-468b-99e3-05551a1d5c55,67,150.39,Entertainment,2023-08-23
a70c14a4-7a80-4b2b-9505-b2ea5d1dff50,81,72.61,Utilities,2023-02-08
e230eb57-2588-48d3-9be7-70c0bd3a5a36,2,241.47,Utilities,2023-09-16
7f939fc3-1df9-40d7-83ae-db455f39be8d,74,125.95,Utilities,2023-10-31
361c300d-e6f2-4ac3-b903-8348d7d708ba,67,394.18,Utilities,2023-06-20
9e81d428-bef7-4a07-a026-7b777de5625e,14,434.55,Retail,2023-10-21
e753b31e-c204-4398-bd5f-1da60b5606cf,13,503.51,Travel,2023-12-24
80036738-c75a-4f7c-98b8-17e7e425ab77,80,385.6,Utilities,2023-03-03
072b0e2f-fce4-44a1-aa6f-f068062e79c4,35,781.09,Travel,2023-09-01
bb65f6a0-6fd1-428d-94f2-77bab1b2e80d,92,31.89,Entertainment,2023-12-20
208fbd02-befd-423f-a23c-b6524b888539,52,1662.62,Travel,2023-03-16
3583e3f2-6e62-444a-bdd2-658d38417d23,18,78.48,Groceries,2023-02-10
ccdf1720-0479-40b8-a364-3b105d80b79f,84,427.5,Entertainment,2023-09-27
fa4470e5-93bd-40df-9d15-184507c402c5,99,209.08,Dining,2023-11-16
8bad1273-ed6a-4f46-bf8c-e46799a2c832,92,403.61,Retail,2023-03-12
d072ba4d-657b-423d-a2dd-9c79213e563f,1,320.41,Entertainment,2023-04-17
3ae47995-318f-4afc-9864-7a1ac153e1ba,34,1693.9,Travel,2023-08-21
a5038a9f-9303-4898-b264-afed0533ede2,40,475.65,Dining,2023-11-23
6823f226-17c0-4ff6-947f-e4dc10351719,93,161.61,Dining,2023-11-07
f6830d41-5ed2-4917-9b75-9d62c14b3d02,1,309.24,Travel,2023-11-15
fe5bb5bf-cc36-4195-b908-e9e055c87cc7,83,292.92,Groceries,2023-04-02
21da1263-a568-4a6e-9c97-7a7647944769,83,1770.31,Travel,2023-03-13
20b2c3e4-7889-4d5f-83b1-90c08d2d0439,45,406.24,Dining,2023-05-21
6560a216-93d3-454b-93e5-9d0f3b692067,2,188.31,Retail,2023-12-02
fe788dfe-1492-4e69-9d65-f30dd202706a,61,68.65,Entertainment,2023-01-27
aa66b9ce-5c03-4e49-ab80-fc24db582f7a,84,60.78,Retail,2023-07-07
fefe2824-a453-4021-a5a2-5b18b8a8c8cc,77,23.69,Dining,2023-09-10
0c50bea0-1b20-401c-b369-7919a46b5e39,21,229.82,Groceries,2023-07-28
2c71a21e-ff27-444d-a5bf-fda92adb46b1,71,408.22,Dining,2023-05-08
db9a5d2b-09a7-4728-9351-92fd99def685,55,246.99,Groceries,2023-12-04
c507f744-7fb9-49af-962f-22edba7c5e4f,10,332.27,Dining,2023-05-03
d471e6b0-f988-4af3-8c46-d699203e73e1,32,184.5,Retail,2023-08-30
30c0fb5a-718c-40fe-98d4-f77324b07a8d,64,605.12,Travel,2023-06-13
fab8f7c6-6593-427f-8a6c-dcc89987520a,84,115.31,Utilities,2023-03-12
1dd9679a-5764-4221-a8aa-b733fdd3abe8,64,30.39,Retail,2023-04-29
48776eb8-db75-4606-9849-7fe0022f9abc,33,1550.86,Travel,2023-02-23
e0f963e3-dac6-4f94-b193-4654e49abf89,71,304.27,Utilities,2023-12-22
af57a37f-317d-47df-937b-c3d5b0fbcea7,36,411.62,Utilities,2023-05-20
197f15d6-72e3-476a-92c6-6b367b2744c2,15,311.18,Retail,2023-09-17
c26981b9-6b5c-496b-acf5-3d739c598e53,9,124.61,Retail,2023-12-09
7f19954a-52c0-43e7-a0de-e1a2bdbd0c46,18,151.21,Dining,2023-06-07
13fa1c75-9912-4860-b844-44ad8e5605f6,81,494.6,Entertainment,2023-10-01
2651aa19-c752-4973-9717-e9b65bfc2dd2,60,109.3,Retail,2023-02-02
d9c175f2-95e6-41fd-a971-e39f819cdfb1,75,422.27,Retail,2023-11-26
38bfd14e-8cd9-4c73-b481-8aa3cfb69375,66,25.44,Entertainment,2023-05-24
ff3fb882-4915-4a8e-a8ca-b9f1a11bdeaa,92,375.41,Utilities,2023-02-14
b3244b57-e8b9-41c2-86e4-4b2aa2a31262,22,392.59,Entertainment,2023-10-06
8718b6e2-6b2f-454f-9c9e-42e17b0354fe,38,106.68,Dining,2023-04-27
3a35bdc8-2c53-48f2-a378-2f1aa28e181b,25,133.91,Utilities,2023-03-27
9e7c2bed-d2f0-4804-bb8b-258ff111db91,48,183.5,Groceries,2023-03-21
73fce080-75b1-4af1-9ca5-1ebf28392c5e,86,138.9,Travel,2023-11-11
14a740ed-d907-433c-9400-9e7de9f2d9df,4,326.98,Utilities,2023-04-02
8402e0d3-70a8-446a-80ad-026af80b1ca9,3,107.84,Groceries,2023-06-30
1d32dc8b-b3ec-4954-83b4-6ddb626f0c09,89,13.66,Utilities,2023-07-05
4e6cf70a-d899-4c79-986a-437bfead8a71,33,351.68,Travel,2023-08-26
dc6f5ad3-5b96-439e-904e-9b6ac84711f4,69,107.9,Dining,2023-11-25
be1e7091-9232-4873-900b-660623f6e806,8,371.37,Utilities,2023-03-14
578d4bfd-6ac0-4756-8778-be7e2cb5128a,50,390.96,Utilities,2023-04-22
5307840e-f30b-4d05-8859-4f24b7aa72b5,11,114.03,Dining,2023-08-03
358f07cc-554a-4c15-8a6b-ccd772efb6bf,72,98.33,Entertainment,2023-03-09
0d7fd0eb-be1d-4594-b1fb-61ca67c0b1e5,16,497.44,Utilities,2023-06-04
e71b3b01-addc-4ed1-8d26-612c364d4bf3,82,356.68,Groceries,2023-11-06
f6f61f11-c361-4cc3-878c-8296b2936565,97,270.16,Utilities,2023-04-01
0f8d5ebd-bb32-45c9-8059-f457bff78a7c,72,496.64,Entertainment,2023-09-20
4fe35f16-8166-4520-b4cf-5d9e339584dc,58,137.78,Dining,2023-03-06
d7dd57bd-efb7-4266-91cc-e5ce5dcaa93e,28,112.39,Entertainment,2023-05-02
65179460-5763-4e22-aa94-21869f1f2c4b,7,1250.13,Travel,2023-06-04
cd14725e-f42d-40dd-8426-1c265464bdf4,89,205.67,Retail,2023-11-25
1df652bd-d22d-48c8-ba41-4b041c268cd3,8,174.32,Retail,2023-12-02
611e006e-7a69-4492-a696-190ad209b2b8,41,202.77,Retail,2023-04-29
12e1a2f0-eae1-4064-be4b-6380499989c0,97,1642.56,Travel,2023-06-26
df327ca3-295b-4d3f-a424-18ff5fe5728e,31,163.37,Entertainment,2023-09-13
d4bc7b8d-98a8-407a-8064-124f8c78c052,14,182.33,Utilities,2023-01-23
48a1efed-6d9d-4d8e-a53b-fa3650d46b4a,29,32.06,Entertainment,2023-04-11
90d952f1-e016-478a-a6ff-9725beef0186,90,42.2,Entertainment,2023-04-22
b470a5bb-6a1b-4d56-9fde-3c6915663b2b,85,127.99,Retail,2023-11-18
48eef31f-2ac2-4aa2-bd2e-46b228c3c9f2,49,9.73,Retail,2023-04-15
24fa2559-a055-4ece-a03a-f36a1404ca07,67,348.99,Utilities,2023-08-28
d34c3a61-eb89-4f9e-bc60-f0683c028bf9,54,75.33,Groceries,2023-01-15
1dbe4449-6b55-4dfa-93c3-8f3c25fe5357,17,160.21,Retail,2023-07-12
a08cb5ca-655c-4d7c-bd6b-b965a0ca2a5d,58,379.27,Utilities,2023-03-06
9454335c-3d88-4dec-a0f7-886dedb05db8,84,490.87,Dining,2023-03-31
0c180406-34bc-4d71-b0d2-5acbec5a5ebe,65,364.74,Utilities,2023-03-07
848f83d7-6229-4a97-b095-0de4ac55c6ad,99,148.42,Dining,2023-10-31
b0e8afea-83c8-4124-a813-b7d8f5368ed2,34,462.28,Dining,2023-03-23
fcc29085-7b99-4b95-b45c-9e41a3984e9c,87,43.37,Groceries,2023-09-11
8b9c6caf-b614-4479-a243-5e8a5f7cd88d,31,207.49,Groceries,2023-10-03
db6c718b-9445-4ee7-a823-9fb650d47e26,82,278.53,Dining,2023-09-28
680a0411-1096-4ff3-9c0e-a850418cabb5,72,376.52,Utilities,2023-08-25
477151bb-4e56-43bd-82d8-945ec835bf02,5,332.42,Dining,2023-11-13
b1f2e0ee-fbfc-4b0b-ae9f-50b437ac2121,90,265.61,Entertainment,2023-09-22
d22eadb1-1064-4d9d-b3e1-d97006de9d9a,19,381.08,Dining,2023-06-02
c17236bb-cb79-46bc-a799-c772815f74ff,10,1977.43,Travel,2023-11-29
8b71a7a5-3a27-4839-a6a4-df870274d3ee,14,201.98,Entertainment,2023-03-15
5f8b100c-f64a-4ee8-b572-b236afd1bb52,63,437.18,Retail,2023-06-29
5c911157-e793-4c93-a21f-acb597dfd088,88,411.67,Entertainment,2023-12-16
1abedfef-261d-4df1-bafb-71d8740a873c,18,293.96,Groceries,2023-06-12
1938c0b9-33fe-482c-9a9a-468b99878e3f,65,925.64,Travel,2023-01-17
86880925-a36e-4a0f-8066-89f596818665,98,126.89,Retail,2023-05-14
5eafdc9c-1672-4482-8785-34cac470d8ba,54,368.36,Dining,2023-09-19
4cf32b8c-3668-4821-b163-920212eccca9,17,488.18,Groceries,2023-03-09
86a161de-82fc-47d9-b926-591443c71366,71,395.67,Retail,2023-09-26
2706092e-338a-40fd-b231-5cd384384acc,75,258.97,Retail,2023-05-13
45bd2ea9-e188-44c3-bdbb-7626ae5dd700,25,86.06,Utilities,2023-02-15
698c446c-ff73-44e6-8482-c62048ac2b39,25,255.82,Retail,2023-03-29
384e24ce-e452-4421-b502-26640b15712c,5,446.45,Travel,2023-06-07
c74550f2-2880-4861-9929-b1df916e6d65,42,302.09,Entertainment,2023-12-02
3aee5cb6-6d95-4a2c-8054-88b75126c5e1,87,357.75,Groceries,2023-08-15
4236eabb-70a6-4ee5-ac89-12e48b0ff7c9,10,1738.97,Travel,2023-07-28
0f3a7258-fffa-4270-a671-b2e6410b6f1a,59,329.81,Groceries,2023-10-25
19770995-6b89-4de4-8b77-61dad6291df3,49,257.58,Entertainment,2023-10-06
228495b3-0c94-460b-9558-f271b22752ce,25,242.19,Groceries,2023-09-16
4e12018d-e80b-4091-b249-53ed63b35af4,34,355.42,Retail,2023-07-26
70df4ab2-d5cc-4fbc-b557-fca44661a573,79,472.67,Utilities,2023-06-03
52c1cfd7-7ecd-4533-86fb-4dc170c02418,47,123.24,Groceries,2023-08-17
a125bb56-8d10-4fd6-9359-f335e5e50af0,66,420.58,Dining,2023-09-02
96906a1a-cac6-47ba-82ce-a51934abe687,71,61.53,Retail,2023-03-30
c663247c-9565-4923-85bb-20f0aa853f16,20,1341.42,Travel,2023-06-12
853a3062-d013-4d1b-bebb-4ffba6fdca97,75,427.15,Travel,2023-07-11
d6cbda55-d983-4457-a89f-0616b8b105e9,53,301.14,Travel,2023-11-04
6de5d52e-5720-486c-b7e2-0ea3bfc00422,57,477.47,Entertainment,2023-07-20
a975a721-f59d-41d0-a8b6-a9b26a671a70,56,45.35,Retail,2023-09-12
0663fdc0-45eb-468a-aa2a-7c8daa821df3,62,236.43,Utilities,2023-12-08
2cd8f4dc-4fbd-4c4d-a8fa-c326f5c6dd0b,61,390.99,Dining,2023-04-20
d2693d3b-1969-4d46-9012-2b3984e20184,45,231.62,Travel,2023-03-04
7480be5a-1d5b-4ddc-9599-9de0b7cf15db,37,1673.89,Travel,2023-01-28
a77876b5-251e-4d1f-aaf8-56768c55f9f4,94,158.05,Entertainment,2023-06-21
90790ced-9530-439d-aba2-415e1c7f3191,74,234.99,Retail,2023-08-06
a29bbffa-ecba-46a1-b0fc-9d6d918f9884,94,1171.15,Travel,2023-09-10
6ee446fe-9738-48d7-b89b-bcc8810f224f,73,1510.18,Travel,2023-08-03
45cbfcce-d863-47ae-92d7-9a88127be1ff,71,397.2,Groceries,2023-11-27
c5e97b15-6b33-4170-9b3e-db4896578189,82,239.97,Dining,2023-02-17
f9b9cd28-2498-4116-85fa-b2e8aa42a357,32,22.5,Utilities,2023-01-07
0226bbdd-29ce-49e3-a027-803fa328b0aa,30,490.45,Retail,2023-07-30
18e77427-9037-4a6e-a6cf-a8d3fad19da0,71,1075.11,Travel,2023-11-14
396da25c-08c0-454a-8433-d0497db3e814,92,213.69,Retail,2023-11-30
54b003c4-6ad4-4e5c-bcdf-6808d7d12695,57,1383.09,Travel,2023-03-01
bc484b10-54d1-42d0-98dc-260a7fefa55d,80,114.73,Dining,2023-01-27
1a02b697-a967-4e9a-ab34-4f32717ecef2,60,205.8,Groceries,2023-04-14
d602d0c4-abb1-4256-bbd1-40d09d852050,53,435.91,Groceries,2023-02-12
ddbb00a3-4553-454b-8189-b6a2a8b438c3,36,243.3,Retail,2023-10-17
6b87a67d-0e94-48a4-971e-9c49ce88736d,79,314.58,Dining,2023-11-25
9a92a936-8818-46bc-a197-fe57f8238d42,55,393.47,Retail,2023-09-09
e40d9de0-b1cd-4202-ae68-93318b2f79ba,62,1527.05,Travel,2023-03-12
2be5d732-2f0b-4827-a983-023eaa947890,23,132.93,Dining,2023-11-20
aa1e5db6-1760-4a0c-9e18-6839f6d0fec1,31,185.57,Utilities,2023-10-22
d11703ef-28c7-4ac2-b922-6d6936404104,47,257.2,Utilities,2023-01-21
b0f093af-8160-4c76-af7c-8aaa2b5656e2,41,163.1,Dining,2023-11-01
736cdce1-2ead-47b2-bbee-23790317813f,51,313.84,Groceries,2023-11-17
468f5cff-a1a5-47c0-bd41-877a9cd87040,90,441.66,Groceries,2023-04-13
572b0e87-aeb1-4897-8c7c-8cd064d42c29,91,84.97,Dining,2023-12-16
c45d4025-f4f9-40fd-98f5-1f768e416b12,78,758.86,Travel,2023-10-17
df08fe40-4dca-458b-9991-43572df8b359,69,455.06,Utilities,2023-12-26
a6566b6b-1fe6-4ae0-9cd0-db121712b2ed,78,264.14,Utilities,2023-08-22
0c4693f0-01ab-437d-a8e7-e722c0776424,76,419.6,Dining,2023-02-14
42a7a765-5ea1-4ab9-8bde-c88632c26a39,56,392.03,Utilities,2023-11-03
96a388cb-fa79-4f6e-b52d-a2d2c1938a66,34,209.07,Groceries,2023-06-16
b9d608eb-05fb-4bc5-99c0-f9aafa647ab1,57,158.07,Groceries,2023-06-05
94f06bbd-7c18-42a5-8841-242aaeb56a54,65,378.71,Entertainment,2023-12-21
e6bee494-a9bc-4d3d-be89-48e5c5041d3c,81,34.92,Entertainment,2023-05-04
689ca2f2-3ca6-45f2-aa0c-e0f8c00d6a40,100,413.92,Retail,2023-07-21
b242fe1d-826c-4a34-a6be-928f6c6f15ae,55,305.84,Retail,2023-12-15
7b3a0f56-bc39-4fa4-bb1b-1579f361544b,45,385.65,Utilities,2023-12-07
b5d8feb6-69b1-4f90-b26a-2ba100de2136,8,291.1,Retail,2023-06-03
4a9c8c3c-a1f7-4be2-9627-af8dfa48eb43,63,206.55,Utilities,2023-01-03
6af31be4-fb53-4438-9146-99dd4315c359,21,256.38,Travel,2023-12-06
b1e310df-ee22-412f-aaf3-c0833ad131bd,83,411.15,Utilities,2023-08-15
4e7a4739-2974-42d7-a64a-bf7f627356de,50,89.0,Groceries,2023-06-14
b5a37a5e-d9e2-4de4-b9fa-7a3495444b2b,82,295.15,Groceries,2023-11-15
af418485-007d-4a66-939e-1b54a4ead618,78,907.85,Travel,2023-08-13
1368eb8f-ea4f-4ce6-b6dd-61a59cd8978b,47,240.53,Entertainment,2023-09-08
bf63e670-6307-4528-9da3-231e6b6f03a9,30,440.65,Entertainment,2023-09-11
f1f594a9-b68d-4418-bd77-810fe99d26b1,58,202.05,Groceries,2023-08-04
835e5ca9-5604-4737-b989-11e2cd741e73,51,471.62,Dining,2023-06-08
10ffa6c1-9ad1-4ccc-9f83-e80c45413dc5,54,187.07,Retail,2023-03-26
c4ab7c53-9c97-4d10-9521-9bf5c185711f,44,1926.56,Travel,2023-04-18
54ea8095-d2b8-42b1-80fc-a0db55dee959,14,427.07,Groceries,2023-05-05
7c1835e3-f3b0-4595-86c5-9a576c0c5378,57,15.78,Utilities,2023-10-18
8a403567-7bc2-4ac2-b398-39e66910fcf4,75,284.83,Utilities,2023-01-25
1725d8f0-da48-4ca1-aa01-47abe35bcbab,64,252.36,Groceries,2023-10-08
2ad623f4-62b8-42bf-9e7c-7299c1d54550,60,461.56,Utilities,2023-11-19
8472a351-c599-44bf-a1db-ca64daf08e0f,5,444.71,Retail,2023-11-13
b559b4d7-9efc-4ac2-9a1a-71cebf411a4f,31,83.13,Entertainment,2023-01-08
181d2f99-2a24-4771-9ad2-2dfa2418c5ab,10,191.9,Utilities,2023-01-31
48e2cb43-79da-461d-b727-a9974c98269e,18,40.75,Groceries,2023-03-11
9b42570a-97bb-4317-8297-9c37e8db3f01,71,154.1,Retail,2023-11-14
2daef06f-920c-4428-89b9-304eb48e8069,83,156.89,Utilities,2023-03-29
96a76943-0288-454f-af0d-a067fd6bec9e,34,369.01,Entertainment,2023-10-20
eb2d35c7-9706-40fe-a72a-db85e536b850,80,101.96,Retail,2023-01-21
dee8cdc5-aff1-460b-9453-dcab06cf28d2,17,19.73,Dining,2023-08-27
cb7deb89-33d9-4bc4-8b3f-d6959b224df9,82,365.61,Dining,2023-03-26
fc7c266d-0449-438a-a546-0f1ff0e69ab3,21,126.83,Entertainment,2023-04-10
46209f9e-a28e-4590-8275-f1004065231e,51,1684.89,Travel,2023-04-03
c3e31a0c-16a2-4f28-9759-626a95f438b1,87,22.91,Dining,2023-07-30
4c9be6a9-4f77-4aca-bd08-3cff8802f977,85,350.63,Groceries,2023-11-26
99dc7ea7-1446-4dad-8e09-e2d0b485a5c7,60,450.29,Groceries,2023-10-30
914fd14c-623a-4b41-aa28-0faf1b6f97fc,26,289.23,Dining,2023-11-17
10da16d6-5e58-45b3-8d66-5e6ac62f88e7,2,1172.27,Travel,2023-04-07
9503ba45-60b7-4922-abbe-fac00ea401f7,23,53.78,Dining,2023-08-01
01b038e9-a3a1-4610-9311-fbeaac293618,90,870.97,Travel,2023-07-18
a459f894-9cd0-4943-8116-ec15ae0879ad,58,265.43,Travel,2023-07-10
4b92effc-615a-4b62-9691-b8c78245a268,86,99.63,Utilities,2023-04-01
6daf45ef-c807-4b49-be30-639cb61622c4,73,1461.94,Travel,2023-12-16
af122b87-1bf6-4756-94b8-fd3d71e971b0,62,393.01,Entertainment,2023-06-15
738ce390-3fc3-4c49-9482-3a157c3dfbe7,6,427.06,Entertainment,2023-12-17
74d3a6b3-4025-4e03-aa16-ff3f7794538f,100,103.16,Groceries,2023-05-08
5994dae1-e4e8-46c8-9b8b-854ef3ef84a5,21,53.13,Utilities,2023-03-16
30f29b94-13e8-4605-9b71-0eafd8bc3f68,52,144.91,Groceries,2023-12-27
5b18ed08-a7f4-49ad-a51f-6875ab72aad6,7,134.73,Groceries,2023-05-31
042579b1-3d42-4c00-a868-9fc7a37b3dae,10,105.57,Travel,2023-03-04
0a317890-a0b6-4c46-a2e9-5139bd5e9601,34,379.12,Dining,2023-11-17
559f1c01-5346-46c0-8fa3-66d49a44b943,73,429.38,Dining,2023-01-16
c99b132b-23dd-43bb-98e9-aa2910d51f86,84,101.0,Utilities,2023-03-20
7475649c-1a12-41e1-8c16-68f4f29f23bd,8,440.82,Groceries,2023-10-28
4828728a-8277-4448-80a0-6c19fcfbcac3,25,415.02,Entertainment,2023-01-19
c9841a34-bfe7-4f26-abfa-7c6fcf703d5a,96,427.43,Entertainment,2023-10-14
e349cb40-a320-4b94-a9fa-289fbabff4e6,66,211.63,Dining,2023-01-17
b59ff7a4-3fe1-4b2e-9932-e452d026b572,57,597.64,Travel,2023-12-08
fafd8f96-4862-4608-afe9-57979f6aea17,81,824.39,Travel,2023-10-21
16ca62a2-4d25-4e59-b306-8e1442b3db51,47,1575.97,Travel,2023-05-24
16d56b6b-3887-4cf9-b6e4-826acea51db8,10,260.81,Utilities,2023-09-28
a50afbd7-abad-4b2f-a8e0-ec9849d4f657,4,296.15,Utilities,2023-06-06
7c8a6e7b-b9ca-483b-afbf-c22e5ec083e2,44,79.37,Dining,2023-05-08
fc28704e-06e5-413b-a3ff-13a1a8fa175e,21,229.78,Dining,2023-11-15
03acbb59-c1c7-4935-ace7-bd118e71c0f8,60,271.55,Dining,2023-04-25
8c0e814b-7625-47af-b7e5-97ca3fbe4318,15,313.29,Groceries,2023-09-13
075e962d-f4c1-43f8-8267-32b59834622f,61,422.17,Groceries,2023-04-20
f98d3566-1326-4f1b-a03e-7f95edc33562,40,1450.93,Travel,2023-05-24
4ab03daf-cda6-43c2-bebf-a4615fa31983,58,331.32,Travel,2023-10-12
cd5cc7b2-9836-4bf7-acbb-c515b4aa94f5,56,208.85,Dining,2023-10-11
79db2fa9-b93d-4273-94d5-445f211b46dc,63,113.83,Dining,2023-07-04
1febf8d1-bd61-49d6-bf03-0d90bd362bb8,29,83.01,Entertainment,2023-05-06
93fd70f9-5c65-4d2b-8096-6d879aa72db8,18,278.05,Retail,2023-11-29
fc73c1ab-ee42-47be-bd0b-b1ce4befbb4e,77,447.13,Utilities,2023-10-18
8eb2b562-b92e-4037-80dc-6d1ed9997c94,41,1594.93,Travel,2023-03-03
46c6e523-8e9b-4a19-a356-4ae2002faf47,6,126.52,Utilities,2023-09-25
da85d346-8ab0-4c66-abc1-6b6c6948e04e,53,183.77,Entertainment,2023-10-19
0ac3aab8-5668-4ef2-8de4-82f4f3994a8b,4,292.11,Groceries,2023-05-03
5d9f2dd7-2290-46d6-8fac-89852416ed7f,89,1116.45,Travel,2023-07-25
7552be1c-b525-436a-b86d-4691a7e5ec09,31,154.16,Dining,2023-01-27
f770b258-20b7-4831-8258-68b76fce0fee,48,368.37,Utilities,2023-07-02
09139c5b-99a8-40bc-833b-9b3ebae5c956,17,355.91,Utilities,2023-07-03
834254d5-a454-455d-a4b1-daa7b5084e8d,76,393.48,Retail,2023-02-12
66fb1276-6963-4059-9802-28fc56059d6c,74,240.77,Groceries,2023-09-27
4fc2d39f-3fa8-4205-8a73-a977662c90f7,78,391.95,Retail,2023-05-18
e797291b-857d-4462-8644-c66360ca6bbd,72,1628.51,Travel,2023-11-29
dc338085-7ae4-48fe-ba52-ab7b2504e126,16,131.46,Entertainment,2023-10-24
3252c6b1-ca88-4f6f-9455-142e45fcd99e,98,776.13,Travel,2023-04-17
65ef6cde-f7dd-493f-a26c-38809438a13c,24,182.37,Utilities,2023-06-17
429e981d-246a-408d-9eee-785289bebfcb,36,224.37,Entertainment,2023-01-10
d1a189f1-25b7-4ebc-8c62-b063f999a6ac,34,409.1,Utilities,2023-02-07
a16f4eeb-52ca-4c5d-af44-1a5ff05eee07,38,384.8,Retail,2023-09-08
13d26bab-1514-48cc-a2be-14a3d20cdbac,3,290.08,Entertainment,2023-01-05
7477e6ce-ea7e-41df-bb19-4f4e66a1c43e,47,790.4,Travel,2023-01-02
8bee87ca-f2a1-4dbf-8282-cbcc34320956,12,1190.85,Travel,2023-04-25
eda10e2d-c986-4156-88b1-54f4b2212813,51,403.53,Groceries,2023-07-08
15caaee9-ec2d-406f-a601-4a967cb20e88,22,387.34,Entertainment,2023-12-26
394bb778-0bf6-4863-b847-9cd6e6e5f493,84,35.15,Retail,2023-06-01
3fd4f0c3-16d4-4a6c-bce4-509761a54b53,24,164.23,Retail,2023-04-05
c275d566-cd0d-42ac-98f8-52220f1a6605,36,65.69,Entertainment,2023-09-12
2654869a-4160-42cc-bc51-1b1ab1432125,77,441.28,Dining,2023-08-28
11ece26f-8986-47c1-a423-313630c48e57,78,437.89,Entertainment,2023-10-24
267e1359-97dd-46c1-a3c9-bfa311c6efd8,6,283.73,Dining,2023-05-23
f4d8e453-7dff-4a61-96ba-da074bb00924,47,464.33,Groceries,2023-04-21
329cb651-42e7-4ee9-98bb-e31e61e733ca,97,258.46,Groceries,2023-01-03
c5b7197e-451b-4fb8-9322-7ed7da28a1b8,41,196.62,Entertainment,2023-12-26
01a69413-4c1a-4856-bc01-9a6043d26ad0,34,452.84,Dining,2023-04-16
2c43c939-1360-4f90-9a36-b5d818ebf232,58,90.14,Retail,2023-09-08
124382ab-deba-4e66-8877-a175402e5631,22,37.46,Dining,2023-09-30
c03b07c9-3238-4713-a974-1f219c2b4208,94,204.81,Entertainment,2023-12-06
3f4acad6-cc57-4f4e-9f03-51f66233a8e3,30,1083.19,Travel,2023-07-16
e6bbd52a-c735-47ec-8c87-bb91bc91f653,60,17.93,Retail,2023-12-17
1609fff9-934b-460e-bad6-09792ea0535f,6,758.63,Travel,2023-09-30
6949b3c3-c6a0-4ac7-af48-74a358e06cb9,80,93.43,Entertainment,2023-04-02
61a82c27-e3ae-4c14-9aa5-8e71dcb68d0a,30,188.99,Entertainment,2023-04-10
b9925c68-2baf-40a4-bf7d-f0e3d404cb87,53,6.3,Entertainment,2023-06-20
d643858e-3495-47e7-8289-211061a0b160,18,98.84,Retail,2023-02-19
e5055280-481e-4ddb-861a-edaa584d6572,20,306.05,Utilities,2023-06-09
5d2194db-1cc3-4569-b05d-5c655bc8ddd1,82,153.07,Retail,2023-07-15
14f7e69a-a05d-438d-8d47-75e5a1a91fa8,15,427.38,Utilities,2023-02-19
4117e76a-db37-4767-ae20-344666bed261,95,63.18,Dining,2023-07-28
d091a105-7299-46ff-a68d-9c7982052f45,91,32.93,Entertainment,2023-01-11
2fddd092-d113-461e-9be6-82b859ee8a47,79,473.38,Dining,2023-10-20
7e7f7b79-11cf-49df-9c91-288c2b45ef84,49,1619.13,Travel,2023-12-22
43509d2f-5928-4453-ad20-544a173ac130,27,242.1,Groceries,2023-01-21
c8549a6a-dbf6-4d7b-b894-93553bdd3fba,29,321.58,Retail,2023-08-13
51c83f93-f78d-4733-a73d-a92a59374550,48,1701.79,Travel,2023-06-15
8b4ef783-42c0-426f-bd54-52dd76d270e5,94,180.75,Groceries,2023-08-04
e4008744-43a5-4860-917d-d473dbffdf21,57,26.14,Retail,2023-11-09
c8ba2279-fbf7-4300-851d-d928e4616e04,58,74.04,Dining,2023-04-30
eca82ed2-4531-48f9-a821-da418a813ac8,96,434.1,Entertainment,2023-02-23
2839002b-c28f-4806-8428-2c6716771e51,55,460.47,Groceries,2023-07-15
fd6b0fdb-b6b2-4828-9330-c13b011f656e,53,413.01,Travel,2023-04-08
b787e45f-1e6f-4430-a85e-d5ae2c1747b1,71,399.91,Dining,2023-01-10
2314bc03-a182-45e2-8764-a94fab3fe925,100,237.52,Dining,2023-07-25
e1e67f7c-c625-41b8-857e-42045a0c9da1,52,1672.54,Travel,2023-07-21
d64f0d66-a60b-40d1-8155-7f520414807e,31,386.72,Travel,2023-09-23
7c58aa2a-4988-48be-9c10-2e8ecdd6ac00,40,74.12,Dining,2023-07-02
dcaaa14b-9d27-440d-bb4d-cabf9a4194b6,72,1629.47,Travel,2023-07-09
f4256186-fd4b-4814-ae1e-b0dcf79873c3,55,7.47,Entertainment,2023-07-03
17d8807b-4aca-4e6d-a5d7-05f47b388079,5,333.12,Dining,2023-10-13
0749e370-04fa-434f-8da7-6ca09596edc3,54,1229.41,Travel,2023-10-22
b5c2b64c-4763-400d-b879-cf800d721595,4,382.08,Groceries,2023-06-26
a36ddda1-2718-437a-8ae3-8c072a3ea5c3,35,278.01,Retail,2023-05-19
51e91b19-297f-431c-9ec7-5f4083a2d39d,77,49.84,Dining,2023-01-29
9dceb036-9bc7-423c-8815-f72e44f1d04d,14,1462.84,Travel,2023-04-26
f1ecb844-0f77-408f-9b2f-d8f9584f6a49,66,350.8,Groceries,2023-08-30
76c7c97f-0bd0-4cc7-89c0-bed79d5e96b9,3,83.81,Dining,2023-10-10
913d9964-13a1-4707-8eb9-ba0b9772b11d,81,175.2,Retail,2023-09-10
32066849-f79c-4dc3-89e7-d57de4ef8100,27,150.71,Travel,2023-09-08
4d44162c-77d8-4c5e-a3f2-dbda0e212517,77,46.84,Utilities,2023-07-04
7ce147a4-8538-46f3-a9c8-17c8061498f2,86,323.39,Utilities,2023-06-20
e4efdf1f-86b2-4a2a-9041-c7e7c0d15616,3,483.28,Utilities,2023-01-21
e8771c05-6d99-456b-aa9c-32e2d58300a4,86,405.86,Groceries,2023-06-27
d297b089-3585-4171-98cf-47ca79596e9d,53,272.78,Dining,2023-11-14
3d47af2c-94b5-46aa-af95-1e0ead89d15c,34,194.66,Retail,2023-12-04
abfb6800-3df5-4458-8f73-2a07d55af964,28,137.26,Entertainment,2023-10-09
52894832-8a0e-449d-a62d-b62ff534d923,64,463.92,Groceries,2023-02-16
19aa7365-53bd-4117-90c4-d6686c374a68,18,338.69,Entertainment,2023-09-05
7283c791-c588-4faf-9a5c-d2a8f38347f2,15,316.92,Entertainment,2023-12-27
2eb1ea8f-a598-48f9-8e5d-9f2ded4a46df,83,44.05,Groceries,2023-05-11
78569307-d36a-41bf-ad9c-62223c5c3d66,51,11.19,Entertainment,2023-05-21
852d67f0-cf4a-486f-941e-c0bf1f08a7c1,79,200.73,Entertainment,2023-05-04
abb56557-d80f-4beb-a91a-fd1119fe76db,49,22.39,Dining,2023-03-19
9bc0828a-598d-41a4-8c9f-efb3065ce41e,5,1629.69,Travel,2023-07-24
adcd2853-8874-4587-844b-76c400589c08,31,404.62,Dining,2023-05-11
95edac17-edf6-4d15-988c-3748e091e202,90,139.25,Retail,2023-07-11
11c9e520-b05c-4bf5-9d1f-6e0f1f48e239,47,447.45,Dining,2023-03-24
763f706b-4635-4229-a07e-a0f331438bc1,19,203.89,Retail,2023-07-30
b00af57f-4b1c-431c-af6c-57ec4956a9b0,87,164.52,Dining,2023-07-19
8f600023-d744-4080-983b-8bb96212f571,73,173.4,Entertainment,2023-11-02
a06e2a25-da64-4267-a456-9953d980bbf7,59,487.83,Entertainment,2023-10-05
10df028d-49a3-4614-87dc-28a683d31262,98,247.28,Retail,2023-06-25
95f2c0de-30a0-4c5d-b732-954b32f15bd0,83,417.98,Groceries,2023-09-01
43676947-a479-4b47-8eef-acfd74d3ff66,60,127.87,Retail,2023-01-03
e0fc406d-856d-4526-8ce3-71de28a87dec,81,223.99,Dining,2023-11-03
0f712acf-d64f-408e-9b3e-bc9b80035a34,51,165.17,Entertainment,2023-06-04
57fa1ef7-b6c2-4d53-be6b-0c16e0745c51,57,336.93,Retail,2023-04-02
3feb7fe9-90bf-4623-923f-5c83e76ab33f,50,308.05,Groceries,2023-12-21
aeeeddac-464a-4afd-94ef-9a95b5265e33,14,117.02,Dining,2023-06-02
3b6082f0-2f64-434e-a805-2b18e42dfdf0,15,164.37,Groceries,2023-06-16
d170fa48-59bb-4f2b-9726-aa55a825712b,38,78.53,Entertainment,2023-10-27
e0a1b7d8-64bc-4eb8-a18d-a8b8ea178acc,15,359.61,Travel,2023-09-18
c7948a5b-a81a-445b-8741-284960b31b52,73,449.23,Utilities,2023-12-09
30e0d737-1704-4192-97da-8fb7e9c516ca,42,339.85,Dining,2023-09-14
1a56601b-4f09-41fd-a058-baf79327e162,80,352.18,Utilities,2023-05-04
74241019-e7c3-401a-b460-bbd7bd6a397d,18,173.03,Retail,2023-03-15
5bc2f8af-db68-4a0c-a44c-dee207cb777e,16,425.77,Dining,2023-11-01
87ce5fd4-1a4e-4e75-a9f3-ca9dd6d49252,29,243.41,Entertainment,2023-04-03
967411ed-a34c-46bd-a7d4-50db07bc132c,88,81.34,Groceries,2023-07-06
5b6f8a50-d419-453b-9e37-8b186a08a214,65,403.59,Retail,2023-12-28
7c433a39-3493-4a52-a660-965d4d34eeab,85,151.66,Entertainment,2023-08-17
6ffb7263-6f75-4e49-b558-c22d8c07a260,80,259.42,Entertainment,2023-02-21
85a785da-8fc9-48bf-a69a-1a2b7fc9c006,34,94.28,Entertainment,2023-06-10
5442f756-258f-4aeb-a797-4b07cdf09111,17,370.39,Dining,2023-05-31
e1c34896-ed59-4b54-89b1-6339881ddf40,92,1920.18,Travel,2023-10-03
5922d8d3-968e-4a07-9470-3f28c86c0554,56,96.53,Retail,2023-03-02
71d69ad5-438d-4ca5-92d5-44ced2f12df9,72,165.6,Utilities,2023-02-15
5b3258cd-a542-40f0-8a26-35289dab9350,34,86.47,Dining,2023-01-05
6cea5c3c-d844-42f4-9512-048380b25034,55,206.47,Utilities,2023-11-06
22ec2af4-c970-493e-a678-9b91ce4e35dc,43,190.42,Retail,2023-10-27
a39ee707-4db4-4280-aee5-719875e089f9,20,89.47,Retail,2023-01-04
6ad9032b-51b7-4e5b-beea-6168738dc3bb,34,452.31,Utilities,2023-05-18
0f6490fa-db77-4dcc-a96d-5912a30bc44b,25,1597.28,Travel,2023-05-27
61a76208-66f6-4b33-ac44-b1c453a545fd,81,62.24,Retail,2023-07-03
6937a779-7621-4363-9fff-b8980fc600e9,32,84.38,Retail,2023-10-13
1ea4f88d-aa2b-41fd-ab0c-96f1efaaf11e,12,347.79,Groceries,2023-08-29
83ac1f7f-a07d-4d84-a72c-90535679402a,59,451.91,Utilities,2023-02-01
9131726f-60a4-4ced-9877-09525c38741d,58,115.32,Entertainment,2023-08-23
a0c06488-9833-4f77-add0-96fb6c449df6,96,350.38,Groceries,2023-06-25
140ebb44-cc9a-4d8d-b8a5-c01ab1098204,63,1908.96,Travel,2023-05-23
65ba622b-bf37-48ec-9539-c2eee508c6ec,94,663.23,Travel,2023-10-07
350f02ad-5600-4ed5-bf8b-805d211e09e5,55,168.61,Utilities,2023-07-18
62272164-f672-4489-8213-591133da251d,36,453.04,Entertainment,2023-03-30
a542f9b3-223c-4fb5-a2a4-6301b3b0a81b,36,345.73,Utilities,2023-06-02
aa2c367c-b6fa-4cc7-8088-dc11339a83f1,86,120.13,Groceries,2023-10-14
a97ffde5-ac81-4e88-b0d7-d5af8328ab71,92,382.31,Entertainment,2023-12-14
11cf1708-da68-44a4-aad0-884dacd5d1c8,33,147.7,Entertainment,2023-01-28
359b7fd2-c601-47c5-a1f2-b81f09dc7f1f,14,248.84,Dining,2023-09-02
7ad20632-6a47-4b13-9c3b-f89a66ba70a6,1,60.36,Groceries,2023-08-20
82f08ed8-b798-4833-8d28-d0c99b1ff7c1,100,15.01,Entertainment,2023-03-10
2f71e62b-b7c0-4b90-b36c-c52d03c772c3,75,381.14,Dining,2023-08-07
69b09367-59f6-4055-8b44-c5ff06b4fed6,65,282.69,Entertainment,2023-06-12
6a4283b1-ff97-4cc2-9773-b6ae8b1c4a34,95,59.69,Dining,2023-02-11
1d4f1bf8-7212-4ec6-8e6c-7cd440108af5,99,727.4,Travel,2023-03-24
9030e46d-13bc-46b8-ba06-b166f8dcad3e,92,34.78,Utilities,2023-05-29
4907add2-82b9-4f72-b2ac-4677aec179fc,74,305.26,Utilities,2023-04-23
19f44cd2-b13f-4aa2-81d7-b0b2ba39e459,33,265.54,Utilities,2023-05-19
812bc307-ce86-4dfa-b9eb-a72d005a58a4,44,130.61,Utilities,2023-09-06
c119d608-c6cf-463f-b2ba-c5995fca5996,51,346.53,Retail,2023-07-13
a4a886c2-e576-4b7d-aae1-f5c6c93f1531,96,84.5,Entertainment,2023-01-28
2667b7de-4589-45ee-828e-44a502b7b9b5,21,188.32,Entertainment,2023-10-15
07f81e22-85ec-4081-8f3c-39f225ee7b6b,66,494.13,Groceries,2023-05-13
a407966b-be61-4288-8c71-e95960a30dd0,38,443.01,Utilities,2023-09-11
1256f09f-3e58-4495-b90b-76bdec317111,82,262.93,Entertainment,2023-01-26
0bc276cd-dc28-4ed8-8cb4-3a9e9e9e606a,65,124.2,Utilities,2023-05-30
a2070b93-beea-4940-ad88-ea85c25d15d9,49,292.8,Utilities,2023-05-14
5c079643-978d-462b-8b71-5d73ce914de7,7,250.87,Dining,2023-02-02
589f53f5-7418-4724-80d7-15d4b980f001,72,46.21,Utilities,2023-12-20
17ecf4f7-0998-4059-adb5-66efa3fb189e,18,307.52,Utilities,2023-02-23
92f8f5ca-b2dc-4c89-89fd-11329b672989,99,199.79,Dining,2023-02-26
645c109c-174c-43a3-83b6-768da7192066,46,198.81,Groceries,2023-06-26
5659fe0f-cc23-4bd3-9b64-6db2a0f936f5,1,450.45,Dining,2023-10-20
82ed162d-7833-4aae-8c94-fb002140358c,73,431.81,Travel,2023-10-11
116d0395-df0d-4d60-ad6e-4b9ad9380633,31,294.31,Groceries,2023-06-20
1bcc5b65-ea02-45a2-b5ed-1859b06fb5bc,27,227.24,Retail,2023-11-07
06b4d5ec-0490-42a9-8642-5cb8147b7339,80,377.2,Dining,2023-01-22
1a9bc11a-d2c2-445f-8f9e-7e15ecaf8409,67,146.9,Entertainment,2023-06-18
9f81e99a-131d-46ea-a12f-db42594334a8,4,463.74,Groceries,2023-07-15
7263a171-c0ed-4b9b-bbf5-235b278b66d7,18,442.85,Dining,2023-06-08
59ae0043-ac4d-495d-ae9c-8a9b6b9cba0b,88,60.46,Retail,2023-12-25
3b2a0210-4bdf-4263-9cb7-f7c1e8ed10f2,49,215.88,Groceries,2023-02-03
deb73884-2d67-490b-8a22-1d7537090d8b,45,495.09,Utilities,2023-06-25
c2d2ccfa-5b5f-4d1d-89b5-f80662cf0f98,53,369.25,Dining,2023-05-21
f3a33031-cd2e-4ad6-90cc-585cc70115b8,98,217.28,Dining,2023-08-22
30a3df4b-741b-4b10-99c8-de102fb60a26,61,1160.83,Travel,2023-05-16
e7d629f5-73c4-449d-9114-a54f6b485f2c,75,228.9,Utilities,2023-02-23
7250e82c-f1a5-4be9-8818-659343431cac,98,384.27,Utilities,2023-10-11
71675f2c-e9e2-4ed1-b4c6-0471f268a288,7,1427.96,Travel,2023-05-19
67ab3145-b23a-4bc3-bad6-2555c5dd2164,69,398.86,Utilities,2023-05-09
f7531cd8-5588-46e0-b240-11acce121b95,44,195.86,Entertainment,2023-10-02
e04f0886-271c-4930-b22f-9f7e22647ce8,62,161.4,Groceries,2023-11-01
d1390720-24db-4df5-bb33-128b4a9fe358,8,311.42,Utilities,2023-09-26
392364f7-fdc8-4903-9b99-a263f5fdc8c9,26,333.44,Retail,2023-08-09
a6c027cc-22ab-4314-ac9a-1f7e3c8b5a85,63,443.73,Utilities,2023-10-06
08c703f4-477a-4e1c-b3de-903c520948e9,47,368.5,Dining,2023-05-22
1cc28d3d-b678-40fd-99a9-ddd7802efcdf,96,332.51,Utilities,2023-10-08
255100cc-5feb-439b-b9b0-64b0034d9821,75,79.21,Entertainment,2023-11-28
a66a61ec-3cea-41b6-88dc-cb9c662075bf,72,1618.74,Travel,2023-03-28
048b2c34-59cc-43dd-8feb-ef4bc1dd52c8,29,459.96,Groceries,2023-06-22
89546b74-5c81-4e30-b118-5f49a04fad52,76,90.4,Utilities,2023-06-30
434ff868-137b-4836-8cc5-44157d8be54c,4,318.67,Dining,2023-01-13
41b16c6f-cbc6-4599-a95c-9c7c579edb8b,15,46.27,Dining,2023-01-07
72df70d5-443e-4522-a21f-92e95f21737a,28,14.27,Retail,2023-03-12
c71fe939-84da-40fe-8ace-b32de4e58d9d,98,297.99,Groceries,2023-09-15
57133738-bc9b-4b52-9336-c2dbb7304eb2,43,308.58,Retail,2023-03-05
d8634b29-7d82-4ddd-945f-9072e13fad2d,68,279.69,Retail,2023-10-25
353c6552-d314-4ea8-9783-15f6f7b7df9a,30,122.99,Retail,2023-03-05
25ac0436-ad9e-4360-aa18-5ee179a1c2dc,47,91.85,Retail,2023-04-18
66aff618-8983-438c-a81a-d854ae3523cd,59,302.42,Utilities,2023-07-04
55f2670e-5ce0-48ac-ab7b-76f110ad2434,49,284.37,Dining,2023-01-05
27c3f38c-d11b-4a36-9de3-34814f607a46,58,209.3,Entertainment,2023-08-27
629a50c7-7818-4738-a26f-569cc9fce8c3,5,493.17,Dining,2023-07-03
a5352680-e080-4c63-a985-eba8a37fd26d,37,434.01,Retail,2023-07-18
57c1e654-b437-4aeb-b396-924e7bd7b68d,8,261.64,Retail,2023-03-02
084b604b-2485-4069-8206-a69fb4839f6a,75,315.66,Groceries,2023-12-23
62d8c5ae-7969-44a4-a007-b0c7251788d0,68,409.21,Entertainment,2023-02-04
2a7f7af1-b481-41af-92e1-17f261337cd1,12,47.0,Dining,2023-08-20
fc9b0146-6c9a-451e-997a-76c092b026fc,77,95.16,Retail,2023-03-09
257e9af7-0c76-4707-a532-4a87b08f9817,29,798.38,Travel,2023-03-02
57574eb0-6f73-4aeb-9f6b-aed2a3c2b58f,87,247.66,Retail,2023-11-02
2f76acf7-aa86-4876-b3eb-23f28ce7c930,33,67.0,Dining,2023-12-27
ae87a35c-57b9-4605-95e0-21e190eae604,28,1555.8,Travel,2023-08-02
c3bd74d4-365d-4a99-a6f7-f226b62fd0ef,17,327.97,Dining,2023-10-15
3968b311-dc4d-4bda-a236-e777b7c7d244,21,88.69,Dining,2023-03-30
d818ba3a-344e-4c07-8f67-555dd0e66129,14,51.35,Dining,2023-04-18
a9e815b6-34ad-4dc6-b26e-7f03aed9bf19,56,155.01,Utilities,2023-02-28
9c89a4d8-f0c9-495b-9396-ad8e26bbd3ec,27,904.22,Travel,2023-03-25
400b0d70-5584-478c-94b4-90452364d033,81,77.75,Entertainment,2023-11-14
28ea7ec4-238e-4347-a347-30306e704048,95,79.45,Utilities,2023-06-10
f1d9ee32-40b0-4175-9db5-35cf450b4260,99,30.83,Dining,2023-07-18
97441e7c-c956-420e-99db-24c5845c1781,99,184.79,Entertainment,2023-07-02
8b3cf4ea-3657-48e0-a12a-a32364fe9176,25,94.87,Entertainment,2023-06-14
9a9b7c78-be80-4820-b4d6-ae39957025d1,32,424.82,Entertainment,2023-06-27
2fd5d629-160f-4db5-942d-6e4029540116,40,1599.3,Travel,2023-08-23
652673b8-09c3-472f-9b77-bf329940a80f,56,482.17,Retail,2023-03-19
42b49197-2374-4b0c-8f16-e787283dc980,45,1693.71,Travel,2023-07-28
b51c041b-dd9d-43ba-8254-440691d77539,18,93.69,Utilities,2023-05-11
ae9ede85-ad24-4d61-bea3-bcdf65e948d5,12,176.43,Entertainment,2023-06-28
87af5e93-036a-4cc4-a812-7d484e9eb05b,64,289.35,Dining,2023-03-29
642cdcad-1f47-499c-aedc-e1c07549709f,92,112.1,Dining,2023-03-08
a9ef35d0-e1f4-4ad2-b772-6ca9a0b7308e,34,112.24,Entertainment,2023-02-11
2b99f122-987a-45b0-b142-04a71501b8b8,67,359.51,Dining,2023-03-03
4363143c-e2f1-450b-97e4-b5de7ee60db3,3,1409.69,Travel,2023-02-08
83028e99-d56e-470f-ab4d-249b83f39c36,88,408.55,Groceries,2023-11-05
792a284f-600c-4789-adf1-8d685c12595a,51,91.53,Entertainment,2023-02-14
23d83982-b2d2-42e5-8334-aed501722093,37,371.9,Retail,2023-08-25
498c078d-e9f1-4746-9124-305119ba69ff,76,198.43,Travel,2023-10-10
6b0a1f54-fd3a-47cd-82bd-4500cd272ea4,33,1789.32,Travel,2023-01-08
176057ac-5225-4c00-81bc-be77ffdb210b,63,948.15,Travel,2023-01-31
3bdf3900-a5ab-4c9b-8a3b-8976ab73206c,40,182.08,Retail,2023-06-13
73696218-f8c9-4532-9c17-7c4dbc4d23b9,62,120.29,Groceries,2023-05-04
df295d69-4bc0-4ee1-a1e4-e0868ee4562b,63,144.82,Groceries,2023-03-11
bb1841c2-2bbe-470c-82d9-9d28d59519eb,85,417.67,Retail,2023-01-09
e0688ee5-c743-459c-8af1-cc4e30aa2287,76,252.25,Retail,2023-11-02
4bd4b97f-358f-44e9-a551-7c011ddcad76,2,21.37,Retail,2023-03-08
92dace54-110d-4187-be82-c7a8160ecdfb,6,414.24,Travel,2023-09-25
a7ef31db-4760-467c-b921-0493f3df37ca,14,278.77,Entertainment,2023-09-28
b40b51a8-8df8-4e76-8daa-f4e273b7654f,67,219.75,Groceries,2023-11-13
52fa723a-e1b7-470f-aced-17812d4745f0,86,456.98,Retail,2023-07-20
bb79ec8a-c7b7-4061-b321-5ff8a55a3cab,2,329.5,Groceries,2023-03-17
4c1e6d7d-54b5-4c44-9e27-ea456a9442e0,99,1204.38,Travel,2023-10-14
d8b2a8fd-e4c0-4930-983f-72a13e85e41b,3,92.16,Entertainment,2023-07-18
50fa7e27-1af5-4c93-8488-5477574b833f,73,451.42,Utilities,2023-05-15
ac24cf06-e4c7-4742-9ffc-a9c745f1ff35,70,168.91,Groceries,2023-12-17
2113f289-0081-4244-89ed-ae44b7e97407,43,105.72,Utilities,2023-05-09
99cfa7ea-2eac-40e6-9917-b30a4130a276,6,124.69,Groceries,2023-11-25
1b9fb4a4-c0ed-40ee-ade1-902fe25dabf3,7,339.39,Retail,2023-04-10
ef7e9d9e-5e91-46f8-a4ab-2e1536e06abc,22,140.93,Dining,2023-06-01
8b75ab86-ca9d-4df1-b3f5-e51ee3b6dc8f,41,210.47,Retail,2023-07-06
0e5afa67-3e44-4a6b-b55b-0f87144945f9,55,467.84,Groceries,2023-09-22
ed856d7f-3b71-4e2a-9f31-28ba194b0523,69,165.59,Retail,2023-04-21
233533e1-eb27-4326-9e39-b11940f5fb9e,49,219.19,Travel,2023-09-15
06d65b9a-12a6-4467-b3fe-7e562cdf0e3f,74,1881.54,Travel,2023-03-11
4da8fdfb-2e75-4cb8-a71c-4770c8bf5ee2,85,1057.34,Travel,2023-11-23
0d738739-77c3-4c44-a3da-1ea7ae24aea1,67,296.96,Entertainment,2023-07-03
bb5435b0-e2df-4f52-910a-fe45bb9ab610,15,329.24,Utilities,2023-04-17
f8005987-4861-4923-85a8-bef8ffcf1ee3,81,317.63,Retail,2023-06-07
6abf04bf-99a7-4dd4-b2af-b044860bd999,81,691.85,Travel,2023-03-10
687354ad-643f-459a-81ca-d8f47cb02868,69,38.62,Groceries,2023-06-18
ef7b283b-d2e5-46b3-9e33-8bb344e800cf,7,1161.94,Travel,2023-03-17
e194c404-e49f-4bd5-8d83-288aeeebccf7,32,123.57,Utilities,2023-07-04
90050f0c-e671-4fac-9406-fd29361bddc9,13,1418.2,Travel,2023-07-31
837f54d8-8568-4494-abfb-2621e102a627,42,325.95,Dining,2023-05-23
f2be182d-a44a-4317-8fa9-aa709c6cea20,78,1091.21,Travel,2023-12-21
4182e69c-9042-4e73-a8e7-8cbbfc020ee3,26,464.94,Retail,2023-10-17
49c10667-68a1-448c-8fc4-5fc1bd83359b,11,103.69,Retail,2023-06-08
20eec95b-bf00-4f8a-9d96-584eb49e2d83,93,1536.28,Travel,2023-02-27
b7258c3d-8875-459b-b129-0ebee6014a84,29,406.9,Dining,2023-12-15
85c16ad7-2cfa-4443-b3c9-5b602766ee19,42,735.66,Travel,2023-05-11
8a215274-ce53-45c2-999c-eb2f7c13d349,2,416.73,Groceries,2023-02-10
135c77fe-d65c-4609-a756-5b45d8d358d7,98,437.74,Travel,2023-03-29
b1405b25-8e52-46a4-8323-b9cadd10c4c1,63,369.14,Retail,2023-08-06
ec833b16-2114-48a7-b931-c65a87d5974b,95,1947.7,Travel,2023-01-08
2ab62754-0ae8-4dcc-b7af-d419d455dcac,57,393.5,Dining,2023-10-02
366f7bad-bb3d-4f48-ba5e-f5c4bd28c5e4,90,341.18,Utilities,2023-06-18
5c1e3f4c-f3bd-4a86-9a64-f68efdc47e4b,53,392.88,Retail,2023-05-17
d0bd6d23-2f7d-4963-a86a-e8809dc55081,85,229.13,Dining,2023-12-24
88c2137f-0859-4343-a658-a1caf5eebf42,79,60.09,Groceries,2023-09-09
dee6afc6-c3b3-426d-a1d7-107f3e989d73,40,131.18,Dining,2023-06-04
2bc186f6-ca24-4a17-a9d8-0421ba18e18a,4,458.53,Entertainment,2023-10-28
8b8e2d5d-9607-48f5-9979-c0eb28be3e43,1,462.62,Groceries,2023-03-05
3d920695-a911-40cb-bd87-b1a6d1b310c1,96,375.32,Dining,2023-05-27
492f12ba-7ec4-46ff-86fe-32e1dbb83bda,98,584.29,Travel,2023-04-24
188ece94-b4d5-4651-a97f-dc74c344496e,75,267.93,Entertainment,2023-02-15
18a73dfe-996f-433d-a204-e3c2687b91b3,26,242.44,Dining,2023-02-16
638c021a-87b5-4cff-b4c5-edf49ce7a326,70,357.57,Utilities,2023-02-05
af9e8ce8-0ec1-4c14-9efb-2388dbf7d09f,7,335.39,Dining,2023-11-23
cc5b64b3-9876-4a0a-933e-131c237e6352,67,125.93,Utilities,2023-05-17
9cb9d228-9400-4041-b0fd-135ff897f271,80,459.98,Dining,2023-08-19
fc95d7b6-1721-4dff-bb54-f899bab65ac5,73,432.0,Retail,2023-10-23
d2ed6774-7a45-4f58-8446-536f73ab8a0c,93,314.16,Entertainment,2023-06-16
ad3e5fcc-c302-4953-9b27-d41e7c19aff4,8,509.29,Travel,2023-05-07
1bb18534-cfc9-469f-a939-16dde560a230,81,68.57,Dining,2023-01-06
049b2030-7e4a-4201-a3ef-689eec49d309,10,144.99,Groceries,2023-03-08
df41980f-0f20-444a-bd65-6dc1d109578d,86,331.74,Groceries,2023-06-15
b848f5cf-0335-4dbc-9a36-39e562d384bf,80,252.83,Dining,2023-04-11
93fac567-7e0f-4851-8ed6-ca0c637ab49b,100,176.64,Entertainment,2023-09-07
8c6c7981-33a2-4bfa-a71e-f7198832f527,63,431.16,Groceries,2023-09-02
a6356fc6-4ca3-4148-8010-c97f4b4bd5a7,93,257.92,Entertainment,2023-11-14
7081358f-9b02-495e-aa08-dfb55206f5c8,45,496.55,Utilities,2023-05-29
8210e144-4c96-45a8-9bf5-d8266f1cca76,62,161.43,Retail,2023-11-17
95be3ea8-8056-4562-ac8a-20b4ae76b8e1,30,25.25,Utilities,2023-09-17
288d016a-045c-427f-ab67-f25503f68d14,48,444.84,Entertainment,2023-12-21
5a8c7a77-2449-4452-be37-ceca4e6e1aed,51,358.13,Entertainment,2023-06-21
8a0b0503-03ca-4aac-8697-0e4552630424,81,262.37,Groceries,2023-09-28
90630577-ecbc-44dd-9379-6dbcb5610881,65,236.45,Dining,2023-07-20
14b0a480-dbb2-403a-97cc-9149437024fb,68,419.87,Travel,2023-07-23
89c8df81-b88e-4759-9590-5c27f750d378,98,281.73,Utilities,2023-07-31
9764fd32-d04a-4fbf-afe1-1648f2c8b29e,1,118.96,Travel,2023-01-12
6698da06-9ddf-4f22-9e5a-2f546771f174,33,378.45,Retail,2023-07-07
59026059-7040-4c99-9cbb-2c7f119eb293,24,478.93,Dining,2023-06-10
6b23d4ab-469f-4cb5-a6aa-fa98337c655c,21,390.0,Utilities,2023-09-23
bed9aa7e-1431-4a57-a4ba-51026cd6275f,21,17.63,Dining,2023-12-30
2974ff24-dd92-472a-9d3b-8dedb66b38b4,54,126.72,Entertainment,2023-07-18
58a5ee05-2da7-45bf-9bf7-aea8dc7437c2,8,403.13,Entertainment,2023-02-20
ce255c8a-393f-4182-9c3f-8b959744dbc0,82,342.25,Travel,2023-07-15
f12eecb3-fcc8-4f9c-98c4-1433e26d9ceb,67,284.06,Dining,2023-08-07
0e47d12a-8214-4beb-8c2f-9c6f0e8c4f64,20,367.9,Dining,2023-08-16
9e2f72ee-5d4a-4286-8c2b-d65768eb3e93,83,164.43,Retail,2023-07-03
93f9b6a8-2796-49fc-8c79-c434ca514b4c,97,814.54,Travel,2023-07-04
8b670572-231e-4890-ad61-a29619e63788,2,455.3,Groceries,2023-03-11
7aeb5049-0fdc-4a35-a95b-b55b41c9fce7,4,240.93,Dining,2023-12-27
75590dbb-ce8b-4619-9ffa-ad43d2f50329,12,330.54,Retail,2023-10-14
eeefbb0a-80b6-47f6-9bda-291c6e7ddb14,8,358.31,Dining,2023-03-09
fd645ded-75f3-4bba-a419-e9345b513cf1,80,342.09,Dining,2023-03-05
7244b8c5-3735-427c-8e69-47ff9553e068,47,159.02,Retail,2023-03-06
603b103f-975b-48ff-bfc9-0a4aad2e08b8,65,1618.7,Travel,2023-03-20
ec8e681a-e876-428b-ad08-3070f52b17b3,58,853.55,Travel,2023-08-16
baeab999-eab1-409c-a14f-9ec476ff81d7,2,1166.55,Travel,2023-08-01
891ca34f-e0f6-42dc-8cd9-4a059ce61f10,49,185.98,Groceries,2023-12-22
2fcbf30f-4858-4a7d-8d44-4b1fe86e4530,98,1983.64,Travel,2023-02-04
481149db-5dc3-4d77-92ab-734e941c3660,54,41.72,Utilities,2023-02-18
40dac331-9fd9-4d50-b578-5db114bd18fb,86,433.4,Retail,2023-01-08
afc5add7-3f36-4a97-bf63-ac10ede37467,46,142.69,Utilities,2023-12-12
da43af13-4621-421c-9865-24b3b4dc5b68,97,37.95,Groceries,2023-01-15
807cb4ee-c8b9-4102-960d-1fad729fca00,87,346.74,Utilities,2023-12-17
b2cae742-7566-49c8-8e56-d2492cdb6d26,24,230.06,Entertainment,2023-12-07
a5d29408-8d3e-4c5f-b4a8-749564bf07f8,33,491.09,Entertainment,2023-05-30
69401016-e92a-4847-aefc-b7874cc5ff1c,46,408.56,Dining,2023-05-08
4acc7d31-8e0a-4b5e-a4f2-cd877acb9625,56,128.94,Travel,2023-06-21
65aa13e9-cf50-472c-b9ec-d4f601adfbbd,47,1114.22,Travel,2023-08-13
e708a687-acf8-42a3-84d8-1659d426db0b,81,267.15,Groceries,2023-12-13
af9ed0e3-4802-44aa-9766-588c4b94c021,68,443.65,Groceries,2023-02-28
0b7b3039-672b-455e-9b4b-c06eb52acab9,25,310.29,Utilities,2023-07-22
d038c66d-5493-4a65-bd67-98dcbe805a92,8,128.37,Travel,2023-02-03
b13a7baa-e898-4552-bee8-f53644949e14,79,406.93,Retail,2023-04-21
4401c045-893f-43a2-a5e6-bfa112144394,18,290.62,Dining,2023-05-28
585a22ea-7efd-4dd6-8745-04d38b1d6f0e,33,393.17,Groceries,2023-12-26
b4b618f3-297d-481f-a8cc-a34557498515,38,409.17,Utilities,2023-03-16
f2f4bfcd-8d99-449c-9469-5cb6c2f58ef4,33,87.24,Dining,2023-07-18
4084ec18-7ae7-4c88-a722-ebc2e6fd5273,28,439.47,Retail,2023-09-07
56e5d326-49eb-4bff-a010-561ed3b03692,97,245.25,Utilities,2023-02-27
38f0756c-0588-4564-853d-86bdafe66354,1,180.84,Groceries,2023-08-01
fe677a99-7c3f-4220-9c53-9ed2123d6d8d,82,1229.04,Travel,2023-12-13
c3b6ea3e-a561-48a6-baa7-87a034eee484,90,21.86,Retail,2023-12-07
dfc39114-95aa-4988-ace4-210ea5a9969d,32,223.93,Dining,2023-06-09
c8c081d7-651a-4575-897e-b73476466d93,56,267.11,Retail,2023-10-16
74c59fdb-2f71-4af5-9520-f28c3179f1e7,83,386.69,Dining,2023-03-17
5d0db3cd-2393-4720-aa68-35859b7ce350,13,215.52,Retail,2023-08-31
a5435385-8d90-4a97-be9e-a0c3ce15361f,69,299.38,Groceries,2023-11-02
b05457cf-c838-4707-b0ac-4529068dc31a,20,229.81,Utilities,2023-11-27
85256be6-ab37-48b7-ac47-adf3d7d3c8f2,23,313.14,Groceries,2023-06-29
b3a2d198-5a0a-4d7d-a380-102ae2004912,72,424.36,Utilities,2023-03-04
7cfa5c39-449e-4575-8d63-9879ca5f7111,66,205.1,Retail,2023-02-13
62ae6a27-eaf1-47a0-b712-b5ff75ff5265,95,403.14,Travel,2023-07-23
785d19d3-0ac2-4416-8afc-40c49a3fa3e5,32,407.04,Retail,2023-10-15
82e87727-ad61-44e9-84e3-dce33286592a,95,60.3,Utilities,2023-11-14
94a52fd5-409f-40d5-93d1-0e01fa2b94a7,60,125.75,Travel,2023-04-10
ab1884da-a84d-4afe-b272-6fbdf232e525,1,126.37,Dining,2023-01-25
db35be4f-0e16-42db-9be0-86a4e834519d,3,1369.18,Travel,2023-09-11
6bf37fa2-aaa0-45db-a91b-1ea8e88a1f89,41,378.02,Groceries,2023-11-22
3c1de9ee-36f9-4914-81ad-e367cb02f2c9,53,481.95,Dining,2023-12-13
8bb765a4-8b04-41c8-b5b9-2a6026754771,37,299.77,Utilities,2023-12-04
97964d1d-1c31-47cb-be80-d1d3f7eee0a5,74,375.46,Utilities,2023-12-08
6f0ce7fc-ec4c-46e4-9aa4-50e78a9e1524,43,319.26,Entertainment,2023-07-25
0aa933fe-bc46-4121-a8cd-7309521e1d20,29,854.59,Travel,2023-11-08
fe0d83a3-aeed-4760-a3f0-dbda8c863cf5,93,111.09,Dining,2023-10-05
ba722a82-3a97-4ea8-9b80-e2d4435d1f98,84,1185.6,Travel,2023-10-31
7837e2a5-08b3-46d0-a167-0cd687b704a5,58,106.9,Entertainment,2023-07-20
5929ef37-e66f-43e7-89c0-988faf3566f3,45,77.52,Retail,2023-06-16
a0089a0a-ce0d-44ba-af49-9b62600782e8,31,382.02,Utilities,2023-04-07
a5915281-02b1-4253-a4ef-d7b27934374e,2,165.02,Retail,2023-11-30
8abe59eb-0223-42b9-9722-412fdb144b12,92,493.23,Utilities,2023-05-13
bad935a5-3fed-44f6-9001-d5421ee8a389,82,302.32,Dining,2023-07-17
055e4e12-02f1-4eeb-87b5-3057794baa5c,49,5.59,Entertainment,2023-12-30
10aa2059-5126-4c2e-ac49-a14b9b4e863b,69,228.49,Retail,2023-01-27
51a89052-2738-4870-b21e-5a32e6348284,73,295.7,Utilities,2023-01-28
359241ea-ec35-4a05-b1a3-a0d4d3b5b680,54,230.95,Travel,2023-10-10
c84a9fd9-67b1-458e-ba0f-c33c9ce518eb,3,474.79,Utilities,2023-11-27
0386d60e-dd66-421f-9aa4-fca37b94a605,13,179.67,Retail,2023-06-19
3bc80387-a869-4e54-92f9-9032d44914e9,42,156.44,Utilities,2023-03-30
3c4b8b33-2939-483f-9597-843606dde5bb,92,283.81,Entertainment,2023-04-04
e762a91e-23c6-49c0-85d7-c1e566ff7828,98,44.65,Utilities,2023-09-19
cdb629d2-7cf1-47de-bc31-de7acf8fe063,30,298.9,Retail,2023-05-16
772eb897-91bc-4fff-ac47-9cdcdcb2d827,76,248.45,Groceries,2023-09-21
79b7d0fe-7a05-4173-8b0e-b7c0d5c643a7,90,1298.64,Travel,2023-03-05
d0599d96-94b7-4f85-b953-76e5f1c53a26,40,343.73,Entertainment,2023-12-23
43747602-ff55-4957-a96d-41e5bbf8cdc4,9,149.49,Entertainment,2023-06-02
786c9c54-c753-47af-b642-8f940465c45f,73,304.08,Groceries,2023-03-22
8f8580a7-7798-4fe2-8564-b55efec3ca13,64,176.61,Entertainment,2023-05-21
95e0eca3-23fb-4990-b7e8-ead27b5e8731,5,195.13,Retail,2023-10-31
785b176b-9e6a-41f7-a1ce-4fba8283275d,48,58.53,Entertainment,2023-07-11
d28440c3-9c55-49a5-a54e-5c306e14902d,48,8.92,Entertainment,2023-12-01
3ef24179-bd8a-4ffc-80c3-5f9f649dea68,6,438.08,Entertainment,2023-07-15
a2ece51f-2cfe-494e-b735-790928f382dc,36,350.7,Groceries,2023-09-23
28aa46e6-b6bf-449c-a958-a13a3a471dbd,47,294.46,Utilities,2023-07-28
8f42e28a-3eef-4007-a6a4-b3fbd29190af,33,1327.95,Travel,2023-05-24
92c9bb13-03e5-451a-83e1-ba144da7fb19,19,24.48,Retail,2023-03-14
1d482290-8b08-44ec-9b73-bc7b94a46a92,15,321.03,Travel,2023-02-03
027bd715-8ff9-4b86-801c-cbafac70ae6a,88,272.35,Utilities,2023-12-10
ead1a8ff-265e-4620-aa6d-be3b1e877729,2,24.86,Utilities,2023-12-13
772ab2ce-e483-4e4e-b0ea-833572c38bd2,33,33.68,Utilities,2023-06-21
6c94e921-4f02-4aa2-a513-9915a8e02ad8,65,1223.1,Travel,2023-08-16
1c015353-5aa1-460a-be23-ae530faf0f4d,69,482.35,Dining,2023-12-04
ed5f1ab8-d96a-4c8b-b69a-e6f7255a39b9,96,406.31,Groceries,2023-10-27
82c3cb25-26fb-4dc0-a0e9-841d86bb458f,80,227.33,Travel,2023-10-28
1db3226e-952a-426d-af36-5c51d785981e,61,210.24,Utilities,2023-02-09
3bd6bc02-5524-49ff-aa14-86cad2afa9ab,64,1110.34,Travel,2023-07-17
99fcf528-92c8-4155-ba87-d122df8baf29,92,27.47,Entertainment,2023-03-23
a6a72cec-0da4-40bf-b997-6834aaec3404,49,362.62,Entertainment,2023-07-07
3042ccaf-1c66-4fed-9a08-a8c2c45b357f,53,155.89,Retail,2023-02-24
15c8f599-8ab8-4536-94cf-711e1e7d9a9f,83,225.17,Dining,2023-10-16
45c0daef-4739-45ef-8f69-cb48485dc846,33,388.13,Retail,2023-06-28
af2816bc-7ee4-4a3f-81dc-66cef433c69f,73,426.37,Retail,2023-11-07
4b8feb58-fae3-4e8d-949b-97acef129ae2,94,249.49,Travel,2023-06-21
2973bb2e-0ed5-443e-abae-ec5a4afcec23,4,564.98,Travel,2023-11-12
e56a5d7e-ad8f-47d5-93b2-5651cf648636,40,346.27,Travel,2023-01-08
d3629de9-a478-4f9f-b643-f31515189c87,36,424.13,Utilities,2023-07-19
929043a0-cc3f-48b3-83c7-cf8e69033faf,17,313.36,Dining,2023-04-15
7adc75f3-077b-47b7-875c-5337f59df137,33,493.25,Retail,2023-03-21
69220094-c182-4b41-bd92-2ad16c9bfddd,67,471.61,Retail,2023-07-14
4ff9fadc-94e8-4100-9994-0145e52f202f,79,30.4,Groceries,2023-11-27
a3a252a5-0fc3-4502-b1a6-eb7cd7a5e22d,50,171.24,Utilities,2023-12-20
fe5ac2ec-e72e-4ad5-a9ce-b571e811bc9a,7,389.07,Groceries,2023-04-10
c7c0b29a-17db-4883-bb1b-6cf99254bdca,10,212.16,Groceries,2023-07-12
019f918b-5de5-4703-a1fe-fcd6adc65b97,68,1486.11,Travel,2023-10-17
816f3d31-1187-4e51-b523-a886e2b8fbbf,21,1266.84,Travel,2023-08-15
674179db-31c5-4c4f-97c7-551a2e072cf2,92,1385.69,Travel,2023-12-08
0205ac21-59c2-41ac-accd-5a9b116d6149,20,96.15,Groceries,2023-03-06
446a87f4-1a93-49a6-b91f-b00615e1863c,100,290.18,Travel,2023-09-08
6bb3c7a3-a87f-4b02-9b57-e9da171d8e78,67,243.89,Dining,2023-03-22
b5ad0ee5-dfc8-43e8-9fee-b601440bd7fc,12,370.15,Utilities,2023-02-02
c6f55ca5-4263-4fe7-9668-d45e6de0e63f,77,211.69,Retail,2023-09-29
f9213ed8-45b3-4e51-b395-c860433db92a,28,285.56,Travel,2023-10-02
8cd1384b-336e-4b4c-8799-dd67a5ae2084,32,303.33,Groceries,2023-05-09
2b562e91-2fc9-4521-9c15-e54c5c910859,11,72.0,Dining,2023-03-30
d3deaa10-16b7-4c4d-9df5-e49ecafefa0b,25,473.44,Utilities,2023-11-26
04358a6c-0e93-4a14-92bf-3e7cde9e4f4c,2,362.5,Groceries,2023-08-01
f07309cb-bd2b-49d3-800b-5eae66a475ae,66,449.36,Dining,2023-04-24
a8d3246d-dba5-4c97-92eb-7a15e1b18d32,5,231.99,Utilities,2023-05-29
faa6e9e6-1f5e-47d0-b150-287b0dcee09a,84,174.0,Dining,2023-02-23
8f1f2787-30a5-492f-8e25-520df426d44b,77,200.97,Retail,2023-01-22
bdc57a18-9190-4f4b-8bf9-3c88475b3a89,52,15.21,Dining,2023-10-14
5966276e-1802-419b-a5f5-082a26f80295,55,1462.82,Travel,2023-09-11
9734ec99-fd1f-4fe2-9899-34ae3c856df2,29,104.96,Entertainment,2023-11-01
6908e73f-1b1c-451f-92cd-602db4deda37,11,316.2,Dining,2023-09-13
1f29996d-7b60-4898-ab4a-e12acb5853e2,28,445.56,Retail,2023-12-15
37dd288f-9820-4c67-829f-b675f8266dd5,21,345.03,Retail,2023-01-29
22d0120f-5304-4487-9070-78b2b3b5d0a1,7,58.22,Entertainment,2023-07-04
952a3a76-057e-46be-a035-9d0aaa965ff1,80,395.5,Entertainment,2023-03-11
dc9dc0ea-dcf6-401e-9d89-e260a5063518,38,362.12,Entertainment,2023-08-07
67fd571b-f487-4ad1-8df9-6d53f80be6e7,11,318.66,Retail,2023-09-10
40319909-7d52-482d-b9f1-d17621f04647,73,199.62,Groceries,2023-12-11
fba31dae-dbae-4b66-9bde-52941db9521b,61,174.71,Retail,2023-05-18
ae3ac2e7-8e5c-4b2d-8cf9-349b111411db,23,168.36,Entertainment,2023-03-31
4e76a085-4f4b-4dfe-8a8b-58201d0556c1,82,359.11,Utilities,2023-11-28
6d39b965-189c-428d-9ef4-3c6b7a229b7a,81,1268.5,Travel,2023-02-04
75a9c436-3c60-40f1-9ade-28f8c516d4f3,24,344.6,Utilities,2023-11-04
9a14434e-6801-4501-9fe9-cda61b09e675,94,1849.26,Travel,2023-11-26
0f3bbf7a-200b-42f7-a47a-fbbc5e1351ed,28,526.92,Travel,2023-01-10
93dae0d1-cc97-4114-99dc-69c251b81b42,97,128.25,Groceries,2023-01-21
778834c5-a9cb-4549-844a-63f98c880194,66,216.08,Utilities,2023-10-31
3884ed6c-6b8b-4cc7-b98e-534bc6bb6fab,74,420.79,Entertainment,2023-12-11
f7a77726-87e1-48f6-92dc-8456b52cf814,56,5.26,Retail,2023-03-05
b8d64813-c17b-48cc-815d-d26fb455f8a0,6,138.9,Utilities,2023-08-27
ec2e48dd-a56e-48c6-a594-fba0b56d2ed2,25,171.07,Dining,2023-09-15
c31bacc9-2948-40b4-8d3f-d416b80094a6,12,315.17,Dining,2023-05-31
3bac49bc-6c09-413a-bdcb-30584af4594b,7,349.56,Dining,2023-10-31
84303cbf-ced1-427a-9622-ece49bb0febd,65,100.38,Dining,2023-12-14
d22a2be9-0861-415c-bc6f-fc683eee9e2e,90,168.88,Entertainment,2023-06-05
a177e559-38db-41a3-b050-5195fd1a028e,9,333.04,Groceries,2023-06-28
ed809a2e-6650-4a76-a040-bd2203a7604e,7,470.53,Entertainment,2023-07-16
04ca1e34-fdb7-43f6-b3ab-b31dac4ada71,26,293.59,Dining,2023-05-23
990c246d-e072-4465-bc84-ff22d3d19bd9,95,659.4,Travel,2023-01-03
8f4281ae-3c7e-49a4-93f0-73f1c408172e,18,68.93,Retail,2023-02-23
f50a43a7-e676-4a75-9385-83f24c3aa31b,88,49.8,Groceries,2023-02-16
5503cbd4-5630-4af8-b333-37da33f8bf6c,82,485.79,Retail,2023-05-17
682fa5c3-748d-4946-a2d9-72c651a4f75a,16,338.38,Retail,2023-10-07
d27a0043-9665-4b02-9e41-0aac2fcf1de6,36,151.4,Groceries,2023-07-11
3fc8b815-14d2-4e7a-ae3e-1c9634a0e77e,96,310.86,Dining,2023-11-23
a5ff075b-6225-491e-a60f-d999cbdf5bf5,97,735.06,Travel,2023-11-22
54aad693-6772-4a4f-9c2e-c1b57580929d,82,454.32,Entertainment,2023-08-16
fac1632a-769f-4613-866d-bc565f8f88f9,35,62.7,Dining,2023-05-11
f9ba33e6-6915-4619-9d1f-32d8f589a213,84,388.73,Groceries,2023-05-01
f42c55e8-47a1-480e-a54d-c07b545523b2,23,225.45,Retail,2023-11-25
c02d02a7-3a73-4e10-8a10-1d9f7dae259c,52,1633.63,Travel,2023-06-11
d6272667-1daa-4021-b6f7-8a30d1720ebe,64,231.59,Dining,2023-10-06
267cb7e6-387a-465b-9371-6c6ecb36777d,11,206.06,Retail,2023-04-28
e31916b8-bfa8-47fe-b060-3afdcedb375a,77,320.35,Retail,2023-07-02
80605841-1595-47cc-9cc8-dd2520f1870d,16,498.08,Retail,2023-02-04
e31952cb-6b4d-4aed-b5ca-88f01d2a193e,68,140.17,Groceries,2023-04-10
15783214-7bc0-4f8c-8a6a-07d728eb8d84,84,219.61,Dining,2023-07-01
6529b33e-18be-4753-9cd2-866472778e3c,33,393.28,Retail,2023-08-08
3173f5f4-8ef6-408c-8bf2-7fcc94fd7049,28,1727.75,Travel,2023-11-16
18ab4b19-efa3-4175-860b-167ea5656854,40,317.55,Utilities,2023-05-12
6545a42a-be79-4a9c-a39f-a37e791e97bb,100,332.59,Retail,2023-05-15
30f1fe4a-413b-44da-b741-7c9c0a920671,98,1152.23,Travel,2023-11-04
54e174f6-fbbd-48f4-993c-df260b821f4a,18,115.73,Utilities,2023-04-02
96f8b377-d9c3-42ed-975f-5798a452a2bf,80,184.85,Entertainment,2023-09-03
b35d86da-5ca5-4379-960d-34894beecc04,66,451.82,Groceries,2023-10-09
f8e17e70-df1b-4a9c-aaa3-85d9de239098,71,367.8,Dining,2023-12-13
43a5e5ff-37af-4f76-933b-e371c2e7d5b3,57,294.27,Retail,2023-10-28
5a693f78-964a-4eff-8dae-730631ba2908,46,1193.3,Travel,2023-10-27
f6e1d306-2c37-4b09-b946-35201de125bf,22,58.34,Entertainment,2023-05-14
54c1c950-e90e-4f7f-8b97-3d346c448933,37,100.07,Groceries,2023-08-17
57947bbb-048e-459a-a810-30ca3b10f393,39,500.87,Travel,2023-08-16
63afefbc-7302-4fff-925d-a34f1529ae4f,61,199.77,Groceries,2023-01-02
c95e6851-e2d9-4d55-9ee5-f49636f76507,1,295.4,Utilities,2023-04-15
53fc6b46-0d41-4d90-8389-5ced23085328,65,50.18,Dining,2023-08-09
29a55b40-201e-4301-b7a3-cb1fa90f03af,24,233.96,Entertainment,2023-09-23
5fbe3815-289a-4c3f-90f3-35ba5a4d363e,86,453.63,Retail,2023-01-01
bafb2bd0-0997-41b2-a90e-46eed1a295e0,67,183.69,Utilities,2023-07-09
cd7c09a2-2aeb-4c17-9277-2fa93f3f7263,71,477.76,Dining,2023-07-27
15262332-4123-41b8-a3d6-8af0145fa060,73,92.14,Utilities,2023-08-18
b5ea8484-45bc-4ac6-863e-be5d70154247,77,147.56,Dining,2023-01-01
233557ee-e43a-4e32-8cfa-3a544ec8cb99,41,21.05,Dining,2023-01-30
df8323bd-d03f-424c-832e-44c73fa6d2a9,44,340.33,Entertainment,2023-02-08
a6662b98-36d6-4656-9956-439691e2e29e,81,82.81,Dining,2023-12-11
9e5df833-adff-4af2-8f5d-044728a0d4e3,38,326.46,Groceries,2023-07-18
9a4be8e4-55a3-462f-a14f-599bb7941dd2,19,256.41,Utilities,2023-04-01
f71bdb4e-79e5-4263-8a3c-b646943bd345,9,312.53,Groceries,2023-03-31
941c2bf4-06a6-40fe-b463-31ed729a1dfe,42,445.7,Dining,2023-11-29
3828a784-b58c-4f2a-bb7f-5fbe17dc0e8c,91,194.34,Groceries,2023-08-19
75dacd21-6901-4ae1-9daf-fa4de59cbb98,24,433.59,Entertainment,2023-01-19
3b193f7e-e158-4315-b872-1d2147a72b56,24,299.26,Entertainment,2023-08-26
33bae805-a0c1-4b37-938e-dcb9c04cf2aa,63,36.19,Retail,2023-01-07
35acfd84-6cc1-4b3f-b8de-30e3e51cdbbd,36,464.97,Retail,2023-06-12
067dd099-bdf2-4f27-9fa8-90522a876311,60,511.06,Travel,2023-09-15
abc7074e-5982-456d-ae15-48cf4adaaff5,69,1207.69,Travel,2023-02-23
662cbe16-b4cb-4bdb-ab34-b5324040bc10,96,198.97,Travel,2023-01-20
a204f6fb-6641-4f89-aad0-174bf1dd55ef,28,368.87,Entertainment,2023-01-11
a5892e8a-cdf3-4924-84d6-a5f4f08e6618,78,211.76,Entertainment,2023-01-11
a3573387-4b1d-433b-a71c-3eee1890a495,99,1690.77,Travel,2023-11-22
d9b7f353-4c36-409d-8716-6ccae104923f,26,17.27,Entertainment,2023-07-09
6023f82f-fe45-4026-9619-cb2f9d707e19,73,35.71,Dining,2023-09-05
cb91317c-770a-45ed-bdb1-29662010497a,61,302.02,Entertainment,2023-08-06
6d483e83-a922-48a2-b659-8127c50da3ab,27,409.12,Utilities,2023-11-15
0b36cf85-4f00-4940-9a2b-b7d4e3e14271,62,434.32,Entertainment,2023-09-12
c4b7c3d8-3f1a-4e50-b7ef-52b513201308,94,353.37,Utilities,2023-03-01
92cb3f2b-400b-4726-8e22-d73f1e3ff301,97,1205.77,Travel,2023-04-04
5579bcbe-1d9f-4c39-a5eb-9086b0ea67c3,66,452.44,Dining,2023-10-29
2ee39bd6-d603-474c-b828-77a87c7e0e9f,36,104.85,Utilities,2023-08-13
fc68faf3-6340-484a-9436-24c2aa37765d,35,416.74,Entertainment,2023-02-07
4760b0db-6449-47a6-afc8-8b3f87cdb352,19,431.65,Entertainment,2023-09-14
ccf6dce8-51e1-4f3d-b4a7-6ebf76964bfd,15,53.25,Utilities,2023-01-01
d91b6dd3-ae16-4e4d-b83a-8dbf0ff4c417,26,107.53,Dining,2023-03-31
06cca4f1-59d3-4f9a-be5c-ac6062ae124e,55,422.52,Entertainment,2023-03-09
8fceb16c-87ad-48cb-ae2a-5927e798b827,32,338.69,Groceries,2023-08-27
03f78f7a-4d86-4be1-ac06-a71e0fb30faa,34,242.54,Retail,2023-11-30
535e1091-f3be-41a7-873c-051cd5e3be94,66,790.84,Travel,2023-01-20
09256131-ecbd-40be-9f87-7f2d0f2267bd,15,338.16,Utilities,2023-03-23
046b1397-8cb6-4686-9cab-3d6832b623fa,14,121.4,Entertainment,2023-03-28
ef2f8852-5d97-496f-a4f1-893d687c4696,50,370.74,Entertainment,2023-10-16
0c2eb130-4421-4ce6-81e6-f175b4079c32,66,7.56,Entertainment,2023-01-04
49b453d3-8273-4075-97e3-e52ae87005e6,19,997.43,Travel,2023-02-06
57310dc0-5e2c-4476-b880-a503445ae6ea,20,17.48,Dining,2023-08-21
f4633269-ba09-4bc1-8853-cdc76fdf6fc1,86,171.87,Entertainment,2023-03-19
cd872a79-6520-43ce-8f36-a0adeee6ed22,13,353.47,Retail,2023-08-25
883912f3-3105-4b04-a437-5d728a587075,27,1218.37,Travel,2023-10-02
c6af19ca-4749-4db5-80b4-0a1e9635d622,6,278.41,Retail,2023-05-02
a8a67b88-535b-427a-9d80-940b2a187af4,28,70.93,Dining,2023-02-05
45dc5879-31d5-45c8-8cda-1b5b46ad482b,75,1735.66,Travel,2023-05-24
1c14249a-789d-4961-874b-94c855add598,2,479.38,Dining,2023-01-26
360e5335-80ee-4151-bbf0-758ed3f68426,33,277.86,Groceries,2023-04-22
108776a0-dc74-4310-9afd-4a034b8b7010,20,152.67,Dining,2023-02-11
3c034a37-5db6-4878-ba3d-fd44727b9b59,71,77.47,Groceries,2023-07-09
7290361e-e3ec-44a9-9faf-a351ca0dc3a8,16,107.38,Dining,2023-01-18
d3352dae-c1b0-4e03-886c-6d67d4101b01,73,320.98,Retail,2023-07-06
d9bed0f9-8807-4285-b89a-696e2440f41d,13,212.78,Dining,2023-11-19
dd704fae-02b2-48c7-a7fb-a628ed861dd1,6,84.5,Entertainment,2023-03-04
e5ab54e9-28f5-4f5b-9269-899f0edc90bf,69,453.34,Retail,2023-02-27
00d0c369-88a9-46eb-b296-a1fba02c8f45,43,426.76,Dining,2023-03-02
4f939e6c-2fad-4892-9140-f62d6012a8a0,42,358.98,Groceries,2023-09-16
15a6d8ec-097a-418e-a5c1-382af1b70486,75,458.07,Retail,2023-12-15
a01c24f8-8693-4b89-af53-cc2a0b999f59,14,391.08,Utilities,2023-09-21
ffddb586-2a25-4d4f-b89d-632a843384a5,90,148.18,Groceries,2023-01-26
0c8e17bd-60cf-43f4-adb2-611429334a72,42,404.79,Travel,2023-11-12
831ffaa8-e68e-497e-a8ec-4d87dd4d2414,48,87.35,Entertainment,2023-09-04
8cb19243-3af9-49d3-84e9-ff93c3e44265,85,490.33,Dining,2023-07-12
93d9ddfb-0f46-4d02-bf54-4ebaa965acb8,51,221.45,Utilities,2023-12-03
f6a3c7b3-6808-4cc3-b6c6-f5632974e47d,44,152.03,Entertainment,2023-02-16
16303b9a-a200-42fc-a207-3cf6c6819475,22,91.72,Retail,2023-11-15
d093b3a2-f5fb-4868-9163-950281181358,94,396.26,Utilities,2023-07-24
f5abcf4a-4c6a-454b-a2f7-35c33215d1bb,54,355.48,Retail,2023-06-23
496917cc-3c54-4159-8132-dfe0f092374b,58,356.27,Entertainment,2023-09-19
bde23ab3-31c5-43df-a461-d660e72d7d7e,78,52.59,Entertainment,2023-10-18
61f8dc4b-aacc-4863-8f05-08bc718d6f45,55,126.55,Utilities,2023-12-19
d2778642-1eca-4f01-ae0b-65732515e311,29,153.73,Groceries,2023-08-23
3aa65ce6-5b3f-4f52-8c35-c09260ac3de0,95,293.72,Retail,2023-06-08
4fccd568-35c9-452f-9da9-5496b7431be5,89,233.95,Entertainment,2023-03-26
ecedf119-db96-4aa2-9a71-5794a807170e,14,269.69,Groceries,2023-03-28
38696e4b-10b4-401f-9733-d07d2f8740e0,50,1377.04,Travel,2023-07-23
c5d386d7-8ca2-4c45-8475-651cf5ec402d,77,173.57,Dining,2023-05-20
d5ff3011-a0c3-4bf7-a3b2-c141df15ba4a,39,1943.08,Travel,2023-08-27
27c8ff66-ed0e-496e-8e27-fc6a9a9f4553,24,204.43,Retail,2023-07-05
3110dfaa-bba2-43a0-be70-e573b5498628,49,458.79,Entertainment,2023-12-05
85f2d964-299d-4afd-b727-95c2bb6d15d6,46,48.43,Entertainment,2023-09-25
3a717592-a249-480d-bcc3-80011b37f227,47,263.38,Retail,2023-02-21
70ba42c0-70c5-4ffa-bd4d-677ee873bef0,28,309.43,Utilities,2023-06-24
0f248028-e53a-4078-9436-3a1f2ad7baaf,17,346.11,Entertainment,2023-05-26
82fc4a19-c9c7-4b4b-bf31-90977557f3e4,18,104.18,Entertainment,2023-03-17
e421b1c4-8c74-47e1-9bc0-d02ea4414174,81,1542.95,Travel,2023-10-29
b91018c7-4668-4179-b855-38e84ac3a261,64,402.55,Dining,2023-11-20
4d4144d3-1d03-4d70-b2dc-ac8f8f40b57d,4,383.58,Utilities,2023-12-01
878ca61d-ef76-4e11-8bff-28c796108de1,16,388.94,Groceries,2023-10-23
7292de9d-75a1-4241-802d-ede0858e797e,68,172.79,Retail,2023-08-27
e0f3d9b1-cada-4a7d-846f-625035fd8ace,70,42.55,Retail,2023-01-15
52125077-82f6-4e5d-9ea5-1b1161ce655c,45,18.62,Utilities,2023-01-19
a9e5cbc2-d692-4ebb-8e16-eb8441deb84c,47,114.01,Dining,2023-04-10
6c643137-3b08-4a2e-8d4b-4343b7614e2d,48,389.6,Travel,2023-03-09
89a174fb-d516-4521-8175-2549bcc860e9,73,922.95,Travel,2023-05-24
65781479-494f-4c24-ac35-c30913ec269d,38,41.56,Utilities,2023-05-28
3fad3aaf-0f3a-4f44-8984-120312e4d00a,81,417.69,Retail,2023-12-01
edcf33e5-1531-4ae0-8ba1-514ff2da8c46,15,472.9,Utilities,2023-12-02
38eea26f-052a-4b1e-bad6-f64d98882a97,19,896.86,Travel,2023-08-20
f36426d4-92a0-4369-af89-9658c1da01a1,89,375.68,Entertainment,2023-09-01
c9382b6d-57ac-441f-812d-d29136ea6135,21,63.79,Groceries,2023-02-07
e4403867-4378-4b0d-94b8-29115415c48a,83,184.6,Travel,2023-06-02
d9598afe-ef93-429c-bedd-ec487dee17bb,17,84.08,Dining,2023-01-08
84bd2edf-7d3d-4c36-b114-a5b883f8b86e,45,424.4,Entertainment,2023-04-28
72526ca1-8856-4b18-998f-1b4c73f78e74,94,183.73,Entertainment,2023-02-01
86b6e2a3-dcf6-41eb-98dc-3748715be802,49,162.64,Dining,2023-11-01
dc556179-7860-4d01-a777-5d1fe5f5f7a6,98,251.4,Dining,2023-11-18
c450c15c-89f8-4c6a-9433-4fa3e469edbe,93,122.52,Dining,2023-02-11
b8c05ea4-f1c3-4b73-8423-900651539dd3,13,420.21,Groceries,2023-05-10
82869812-5f27-4897-8b53-51adef4c4e59,37,326.03,Dining,2023-02-27
b964fce4-9cb5-4af2-86c7-975818d3a189,79,219.34,Utilities,2023-02-11
043a81d8-96ae-4f4b-ab19-11bae09e9988,17,338.68,Utilities,2023-01-06
0aedabc8-79c1-4bb7-a492-c8e9784f1071,90,210.61,Utilities,2023-04-29
5e009e1e-a664-4027-8eb6-5014faf4c909,10,462.22,Dining,2023-08-11
d3ff3fc6-a437-48af-8133-264f19bc0923,78,416.95,Entertainment,2023-12-07
c7163cb5-7e34-4ece-8113-662b38c119a1,95,154.51,Entertainment,2023-10-14
003088a5-3935-4e42-976c-d91889ec0bdb,1,1885.38,Travel,2023-09-15
a46cc973-d5d5-45a5-9cf5-651c7770f001,73,166.73,Groceries,2023-08-17
36392f7f-401a-45f8-93d3-6760eec3d81c,5,724.02,Travel,2023-02-21
1e9a0445-b88b-42bc-8b2b-db1c5cbdc1cf,8,171.78,Entertainment,2023-04-18
9f47858b-3022-4ee1-a1e6-99cbee4873ce,23,212.2,Retail,2023-08-12
381ebf27-8d92-4c66-9a36-e4057942da17,32,1152.65,Travel,2023-05-12
0af51785-c848-415a-af41-16676a699525,12,474.08,Entertainment,2023-01-10
a6fa7afe-4e12-4034-a350-161e03642813,15,382.66,Dining,2023-11-27
98f82e6e-28be-4ccc-a2f2-eef0f09460cb,50,8.42,Retail,2023-02-10
def94aa9-9625-4f05-9f89-f6f7a00ebd7d,39,228.5,Retail,2023-07-18
70ce5af7-80be-46a7-a3b6-370cb99fec2c,51,356.76,Entertainment,2023-04-07
de745c5a-462f-45de-9dbb-8dc932af1604,21,459.47,Dining,2023-01-10
b9d0cf9a-66f3-41f3-b55c-cb7d730adb74,11,382.58,Dining,2023-05-07
8f330cfc-d93a-42b0-936e-5fc8e4f7c98b,35,102.8,Groceries,2023-11-28
d9d26307-9acc-42f4-9a73-eba5677aeee3,6,405.77,Groceries,2023-01-14
37ced10c-52ba-4ede-ac08-5e71108429f4,57,60.93,Utilities,2023-08-11
ed458f66-ff85-4697-9755-185b4c772758,19,288.76,Entertainment,2023-08-06
c761cd40-a136-4625-8f19-c97f79b7806a,62,434.11,Entertainment,2023-03-11
33a10f9a-563c-4b23-a487-033df571e8b9,9,88.16,Entertainment,2023-05-20
48fae195-8aa3-445c-bf3c-cec7815ffeeb,10,478.39,Retail,2023-11-30
9a4366b9-cbc2-4656-9714-d707b55e3857,75,283.69,Retail,2023-06-08
199faac7-1ee1-4081-b070-f5556643691a,8,62.38,Utilities,2023-05-24
2e6cf21e-594d-4540-8989-b4363877b3ff,9,483.65,Groceries,2023-12-19
6fad3af6-6630-4d69-b3dc-71243e5de360,49,448.73,Entertainment,2023-03-24
a93af8ee-3668-4192-b11e-aba6bd1648f9,7,422.25,Retail,2023-01-27
c349a244-4dba-4e4f-804a-31d46f408863,41,791.24,Travel,2023-08-25
fb9b2ead-30fa-4a59-8cd7-592f0f2bdf76,30,90.01,Retail,2023-08-31
c7c5c260-aefc-477c-9860-709a7cc6bd2e,53,456.09,Dining,2023-06-19
8ae0dd1c-36b0-45cf-a478-93ebc20096b3,44,371.76,Travel,2023-04-17
332f07e0-98db-48c9-9509-e852a8701f06,52,388.31,Groceries,2023-12-18
3143d9a2-d4a7-4036-842e-fa0b2ff5627f,65,250.15,Utilities,2023-08-08
09e9e167-a4fa-4c1e-b9b2-079b4213cf1b,50,102.17,Groceries,2023-11-10
c6f5d999-27d6-4b49-9dc1-74f242fe60b5,78,409.04,Dining,2023-01-24
48e5c6fa-ac24-419e-9100-83fd0f000de3,60,386.25,Groceries,2023-05-24
3b12d2f6-df0d-4b47-ae04-bd338370eaf0,82,1076.38,Travel,2023-06-22
0262fd52-fdec-41a3-bf38-7d1c8b69ae7a,69,41.24,Dining,2023-11-25
9ed3cc28-533f-40ec-ad1b-bc2b94c86afe,26,390.31,Utilities,2023-12-08
2152b563-9613-4a4e-8bf4-7cd7a1a7a5c9,15,1112.99,Travel,2023-04-18
66a09e0c-b90c-4210-8742-37a4964b4df3,46,1534.92,Travel,2023-08-04
52b84d63-f9bd-47ae-b839-1a9901ca5cc0,15,219.36,Utilities,2023-01-24
c73259ef-3929-4ac0-ab9d-254e99ead9b9,55,238.86,Entertainment,2023-06-27
5306a7d2-2033-433f-a31b-7924b285ec21,59,276.28,Dining,2023-11-13
bc006ed9-fcfc-4351-adcc-b50c1b0b2a20,25,213.03,Dining,2023-05-18
d8e2e1c9-5188-41b6-b649-60b82bba7cca,80,468.15,Groceries,2023-09-19
d857e201-d2cf-4d34-a40c-eb87d3e47f58,96,322.83,Utilities,2023-06-21
6b35b342-b4ca-4ad8-966a-7a8aa9152aa0,65,108.32,Groceries,2023-10-03
0fae1a29-5263-4918-bcf4-bd0d66d9c438,81,247.63,Groceries,2023-05-02
edefaa60-9f5d-4a26-bb0e-89141f476b94,43,318.43,Retail,2023-02-19
efadceac-3655-44db-a486-c2a9fb3c612c,69,103.91,Utilities,2023-11-05
f8548700-7f75-4388-aebe-a37182087886,26,22.44,Utilities,2023-11-05
0d4cc495-7b87-4ff2-87ee-854c016561b6,61,26.54,Groceries,2023-06-07
ea247ab6-ff37-4ee9-b56e-18c0ed80bf58,12,365.4,Dining,2023-05-07
c3b63e0d-55a4-4de4-803e-82145c44d6ff,66,545.17,Travel,2023-08-21
99948dff-3b1c-4d9a-a45f-88e34d8fc7a0,32,293.33,Dining,2023-03-06
53d1dec9-c5f1-4668-8388-640d6880b32d,41,279.52,Retail,2023-03-06
e4fb6781-6fb8-41aa-84de-25a7eebf8fa9,16,230.0,Utilities,2023-08-04
f57827d8-0164-480e-9288-74050b372782,31,253.51,Entertainment,2023-10-28
90d1c5bc-e115-42b1-847e-37d0777b6c94,8,381.75,Entertainment,2023-12-05
37319e3b-6613-47ee-90cb-1ac8bab65948,31,293.37,Entertainment,2023-04-18
7c34c4db-4e9e-4fe7-a8c7-b5fd7844f517,51,346.71,Groceries,2023-02-03
fcc59c42-69f4-4c52-916f-c081af0931f8,9,88.38,Utilities,2023-04-29
f41f4f6e-c7ef-4bc8-98d2-d30d89729c2c,41,1985.41,Travel,2023-04-11
78148d37-6f56-4af9-b625-0650cccc04fa,51,487.25,Groceries,2023-01-18
7168756e-e495-4ca6-8b80-8175ef146b1c,86,297.63,Dining,2023-10-25
6ba9f9ed-6673-4ecf-ac30-cf8aeec736d1,60,403.45,Groceries,2023-09-12
e57381a8-2a0f-443d-93d8-c82e1cf39789,64,1985.74,Travel,2023-10-05
03268f5e-ce85-4c76-9e81-53d9cb3f335d,28,1404.47,Travel,2023-03-21
6cd777d5-d1a2-4921-93ef-a6f01701b56f,57,1270.79,Travel,2023-05-19
28f23ccc-d85b-4d41-a8b5-4edad8489257,3,1599.5,Travel,2023-03-27
2f1289a1-c389-443a-a274-e27d62d0e659,57,220.68,Entertainment,2023-01-08
1d5c3ce8-d1ca-4781-b2c8-7bc87e13bf96,93,67.52,Groceries,2023-06-03
1e64b6a7-d73a-431d-9a29-31788b445581,42,487.98,Entertainment,2023-09-19
a1762ae4-24ac-4162-a26c-216e15964a17,58,366.4,Groceries,2023-07-26
fd5d631b-8cd7-4969-9859-f2a55353f1c8,8,109.92,Retail,2023-06-04
4987cc69-3bb4-4711-8633-f2edccc246fd,15,243.9,Dining,2023-07-15
185bee8c-24fb-40d0-aff3-08ab00e886e6,34,1507.04,Travel,2023-12-12
85316f7e-8bca-441b-9c8b-a0c0816db96a,13,1400.31,Travel,2023-04-22
af40a3f8-82c0-4c4a-bde6-6bbfb5328d15,85,1092.21,Travel,2023-03-27
17ba750d-fb1b-4487-a25a-19d92920d47b,3,40.05,Retail,2023-07-22
38aeceb0-13bb-4948-ab7b-911f6bf7e27d,93,129.55,Dining,2023-02-03
138a653f-f58a-417e-91e6-552815486306,57,331.18,Dining,2023-03-03
0003b4b8-c1e6-4586-b608-af82d6cf1793,16,121.92,Travel,2023-07-27
e36e72db-22eb-4468-abc9-7adb28057024,14,452.68,Retail,2023-04-10
316960b9-2a7f-4692-a7f0-4ac47e75edc0,21,1201.47,Travel,2023-03-01
67381c41-2117-4f10-ace9-b8cd3cec84a0,7,219.16,Dining,2023-09-14
025cfedf-dde1-4ef5-b4c8-d4c2449a16fa,38,447.35,Dining,2023-11-11
ab27e7cc-901b-4d54-b4b7-ce184399b188,2,115.48,Groceries,2023-01-31
070388c4-9ee3-4f51-bbb7-8f3a7b8de78d,94,1472.4,Travel,2023-04-13
55208e5e-95ed-4f10-a7de-96dafedb51d0,51,376.14,Utilities,2023-03-12
f2bda80e-e4f0-43aa-8826-8bcfed67c0e6,8,431.89,Dining,2023-11-26
b3c9bc2a-4694-4874-8833-2f2c426baf7d,54,74.32,Groceries,2023-04-09
72ba1efc-27ac-4d8c-ac6f-eb98d6fa751d,15,457.08,Utilities,2023-04-17
98742dbc-4528-4ba7-a408-dd4785b94a16,36,372.29,Groceries,2023-08-20
5def5ec9-9d96-4ef7-bd2f-63c01758181d,12,210.95,Retail,2023-02-04
4351236e-51bc-47c3-b6d6-8fcd247e307c,50,469.17,Utilities,2023-07-08
62af2f0b-78ac-4d06-b098-f904b177588b,55,69.81,Utilities,2023-03-30
3e9b69d7-e654-43e8-9118-29a880b7f4e5,12,1619.7,Travel,2023-08-17
ca447c9b-08ce-46f7-91fd-2bc55c468fc7,28,41.78,Groceries,2023-01-04
9c673680-789b-4ab0-b55a-92a705312dff,18,301.93,Groceries,2023-12-20
1341fe39-3587-4ba1-aaf5-70b07869c218,97,124.29,Dining,2023-12-26
f832bc90-bd90-476e-a993-d7a31f2742de,52,468.23,Utilities,2023-04-23
cf43c2d9-5d5d-4889-8fd8-7ece3d88579a,5,273.59,Dining,2023-03-28
27641fe8-58ad-4f7e-9198-275f1c73377a,50,355.76,Dining,2023-05-12
41a22d20-53ad-41a4-9d31-6f86ba6987b2,45,208.65,Utilities,2023-04-02
f4114c40-7201-4f9f-84c5-72b1c7440a58,63,93.74,Entertainment,2023-06-18
c091db73-55db-402e-a42f-948d3021cd9f,13,493.05,Entertainment,2023-09-04
cb1d096a-6db3-4d48-8430-b0f8dbf78ad9,99,50.79,Entertainment,2023-12-12
46396630-9c15-41c9-ab4f-05343f21b61c,59,177.89,Dining,2023-10-18
1dd39495-9b7d-45bd-831e-91fa6331738e,96,663.21,Travel,2023-04-18
95a1d091-f828-406d-886e-cd27d9c76bd0,1,1774.49,Travel,2023-04-12
817aefcf-7150-4f5d-a3a9-b0f7785ec3f1,33,449.34,Groceries,2023-12-30
c961f2fb-bc19-45c6-a4b1-4c3851be90f1,23,1617.99,Travel,2023-01-30
a38228ea-6760-4914-88bf-e1ee0b125da8,75,221.31,Retail,2023-11-20
80749f8b-e912-46fb-b43d-73a127bb171c,57,230.34,Retail,2023-06-18
9c2b6eed-d273-4f6c-bd9e-5866b019951a,80,281.05,Utilities,2023-08-09
45e74665-21e0-4637-b398-0b530ae6be2b,16,345.74,Groceries,2023-03-07
1b48af62-3560-48e7-91b3-62570af60243,11,378.42,Retail,2023-08-03
86b03388-f9b4-4015-832d-e9247380f521,65,120.04,Retail,2023-06-17
98c6b957-da0d-4201-ab80-f34b146717bb,60,488.71,Retail,2023-08-06
0d153caa-80e5-4cf9-afb9-394a5bbc1c40,15,265.46,Entertainment,2023-09-16
bf5e9b0c-113d-4535-bc37-691161e4ef4a,82,1822.32,Travel,2023-12-16
2e0686dc-db72-47a3-9d0d-9f53e3de6198,50,105.25,Groceries,2023-04-30
5287446a-3d66-485e-85c4-16e424d23ee6,71,359.81,Utilities,2023-03-27
1a342315-5ece-446b-b02d-77bd9a85dc99,41,129.23,Retail,2023-06-17
4d0734d9-651c-4dd5-ab4a-50a79f7f58c6,61,1486.37,Travel,2023-10-06
3194b280-017b-437d-9b90-e0686f1d220a,68,18.26,Retail,2023-04-23
5fc109c3-279d-4491-bfd8-fe980c8225fc,22,689.38,Travel,2023-06-22
84813293-064c-4497-bce7-5a290da06d9e,28,1647.17,Travel,2023-07-10
dc054206-90a9-4bfb-b187-36aa1667bb63,25,88.55,Groceries,2023-08-07
fec60ca6-9d42-4724-a01d-a946b989f160,19,272.87,Utilities,2023-02-12
4c2d4b93-c358-4113-8927-80a44d8baf00,48,1169.8,Travel,2023-12-22
1562f2f1-0e65-49ec-b9f5-aaea92065831,55,238.46,Retail,2023-02-17
3610f025-5ec4-446a-97d0-455ca1b59277,85,323.09,Dining,2023-11-03
5c6f4a77-ee22-45be-8b07-83607e9e14ca,47,219.2,Dining,2023-03-17
22645218-03f1-44d6-a488-268475d88da5,82,32.62,Utilities,2023-07-25
477a7f57-d264-421e-bd4a-835532a69eb6,40,296.58,Retail,2023-12-15
d92acca7-f2f0-4cb5-ab66-8253fc6fb10a,70,422.33,Entertainment,2023-08-31
9dc0d2ef-88f5-4134-9adc-e52498fc92c8,92,1734.6,Travel,2023-07-07
3d7fcb15-121c-4835-9034-30202ebaaeea,33,67.74,Entertainment,2023-10-14
2accb6a6-b7b9-4375-a9dc-dce3a256684b,74,149.76,Retail,2023-07-01
105f9425-b5e2-4611-933c-fcf91ec305f0,19,327.11,Retail,2023-04-30
f7899275-efa3-46af-9878-3f338b6e6df2,3,191.18,Utilities,2023-03-04
39c0c670-2e8d-463b-91fa-d7e661c6fe36,98,135.99,Retail,2023-03-15
70ce04bf-f62b-4449-9723-be2dfa73ce02,34,1416.05,Travel,2023-08-02
c8eb8303-bb66-42bc-bf75-d53846719bad,94,209.94,Utilities,2023-10-05
bacc6ea6-0037-46b9-a93e-9413cfe7bae5,20,199.44,Utilities,2023-09-16
de87faf9-a373-4575-ac7c-7025db18671f,52,65.15,Retail,2023-07-03
e0aa991b-b914-4102-a300-4c7e05718366,8,223.93,Travel,2023-04-16
b6e06b89-1705-49c8-bfe9-82f16550840d,26,248.08,Dining,2023-11-18
e3c31299-96c5-440f-8b9d-26c9d8015fde,31,480.9,Entertainment,2023-11-09
baaad59b-a10f-42b7-bc45-de54b17410da,36,343.84,Dining,2023-05-18
c4de7fff-c37e-47d2-a0bb-fa74df46ae20,67,332.57,Groceries,2023-12-18
a3b2b021-ff0b-40c7-b30c-e4e653d18681,52,362.41,Groceries,2023-01-03
9d51ac03-7865-4ed2-ae0b-41f0b9bc925e,4,134.02,Groceries,2023-07-25
aa41ef25-d0f5-4e5e-bca0-25dcbecf042b,49,55.89,Retail,2023-03-02
c9cdfa77-1dce-4f84-8fe0-d98e70a2ca9a,72,171.93,Dining,2023-08-02
c4f785fc-9c5b-4c6e-9f1d-fe2a179405a6,66,358.77,Dining,2023-12-28
ff3cbf2e-b5ae-4165-b7aa-9dba6ffca070,25,5.75,Dining,2023-05-18
ccc3eb18-7486-4076-a977-7bf0ab05e6a1,62,370.79,Utilities,2023-07-11
922e0e6c-0c70-45d4-86b5-d32f8cdf8ff2,21,33.88,Entertainment,2023-01-12
9e0a716a-77c4-4fd3-977a-4284e2b4fd52,75,103.51,Utilities,2023-04-05
746204b3-e4a2-4e5d-9a4f-abc951b502b9,22,1633.94,Travel,2023-03-18
10974dc0-bc44-47cf-bbdf-7a2a39678d17,3,438.55,Groceries,2023-10-25
41174a70-db0a-41b9-a458-52dc6e373baf,91,66.17,Utilities,2023-07-28
a09b4cff-0570-4e36-a363-cb55eb4ac14e,40,1921.91,Travel,2023-02-03
dc6dce48-c5d5-4158-b57d-2e82e9a04dee,92,267.12,Groceries,2023-08-20
d0f741a6-7c83-4659-9d73-4d5c5df1e210,17,340.3,Utilities,2023-09-01
3c8fcd74-d7ca-4420-be90-4d18e0626a95,94,509.28,Travel,2023-02-23
2f4388ba-49e2-40fa-92ce-b0f11bf00bfd,68,336.62,Entertainment,2023-04-21
5c13d1ef-5530-484d-81d2-6f570ac87e2b,92,63.07,Retail,2023-02-08
20946227-c566-4834-ab88-67067a7ced16,90,97.51,Groceries,2023-02-05
b980eb87-8091-4f02-a5c9-23817234c321,23,421.89,Entertainment,2023-06-28
a1531764-9573-4695-b2af-4cea7f53a9af,91,278.34,Dining,2023-03-25
b10f8e5f-bffc-4014-9a03-e2d042a2c10c,65,336.3,Groceries,2023-02-26
d765a043-d2bf-4200-bdcc-a2f7039aaf40,66,250.35,Utilities,2023-06-27
7824f583-123b-4006-b094-a31a1099e66d,10,448.89,Utilities,2023-02-21
da1dba72-b3a3-428a-8839-a28b2b7552d1,57,674.52,Travel,2023-11-03
037b9b19-7e4f-4526-bd3b-25c5bdba844a,87,121.59,Utilities,2023-12-07
63de209f-6bea-4c64-9a64-eb59a1b82368,54,188.83,Retail,2023-09-04
989d1d8c-82e7-4e2c-b683-042c29367b1c,13,251.56,Entertainment,2023-02-24
583e5b29-6c4c-4fb6-ae0a-bbfebfc4ff85,8,205.9,Entertainment,2023-01-19
8db8831f-5982-414a-a3fd-fb688624bee3,35,258.65,Groceries,2023-11-18
9c99eb51-2791-48fb-87ca-afaf258e1baa,18,248.57,Groceries,2023-02-15
d6436a48-1908-446c-9248-adff432d0c62,28,70.7,Utilities,2023-02-05
38c90f3f-c658-463e-a531-f6e9b726685d,85,450.09,Dining,2023-06-18
f609d44e-0eb4-435b-ad4d-9d423768f25c,54,237.75,Retail,2023-07-24
6023918b-5093-4054-aa2a-b5b45b48057a,70,199.31,Groceries,2023-12-07
0264cba4-dca9-4145-9ce4-38fe52d63449,22,1934.07,Travel,2023-05-20
121da9f0-f5d6-4f8c-8a39-b7967d852cd3,84,1611.04,Travel,2023-04-01
c4ff9f98-0a60-4ca5-b1b7-d9174cc57a76,18,358.79,Groceries,2023-09-08
f6d8c241-52ce-4580-8ed3-be37660da973,35,265.88,Utilities,2023-03-20
124ee6d4-bc21-4151-801f-5c6b41863a4c,84,343.39,Groceries,2023-03-21
8ca34ced-bf6f-407e-b91d-bd3852ef0139,50,155.84,Utilities,2023-07-05
385e2016-5324-4f89-a473-5fafa1ed6d88,96,251.71,Groceries,2023-11-24
c97e2805-18e8-4423-87e0-d00c3c9e4695,6,292.35,Entertainment,2023-02-04
7e590173-9f5a-446d-aa7c-b077c971a48f,42,284.56,Retail,2023-10-18
911f1659-ff29-4224-ab67-d5406cf82a2b,71,110.98,Dining,2023-07-27
7d206786-21a3-4917-b3ce-ecc4e73958ac,18,102.56,Groceries,2023-11-14
60b1a289-f405-4e9f-9093-a85cf8c5e478,69,181.45,Utilities,2023-11-11
4d212cc0-37d1-4298-97b2-2171131ef2c5,10,1092.44,Travel,2023-05-27
65f9367b-692a-44be-ac79-244159fdc3c7,94,93.64,Utilities,2023-10-27
139ab2c2-6459-44eb-bd70-192a527431f8,25,451.51,Retail,2023-05-12
c505da6c-958f-4165-be42-fd547cbef84b,38,430.32,Dining,2023-08-01
f2bb5db5-6e07-4d32-98f7-22b0688f0dc6,4,182.58,Groceries,2023-07-27
afb0b421-d10e-4da9-8381-229b975f0b72,47,230.87,Dining,2023-02-02
5ec674c3-8e07-4f57-9f03-43d6b1334e98,5,316.03,Entertainment,2023-07-27
9c556f0c-a1ee-4a3f-9448-6da12632974f,47,274.3,Entertainment,2023-07-15
23d0626e-ade9-416c-807b-0ae1885e8cc9,59,143.64,Entertainment,2023-05-02
007145b9-e304-4567-ad92-8c48db07d4f3,87,442.59,Groceries,2023-01-01
8b30be78-eee5-4f21-8179-4d826eba9b62,11,1296.39,Travel,2023-12-17
f44099f9-6a2c-4361-b8f3-d17f0ec0710c,44,40.28,Groceries,2023-06-09
edc33c11-f568-4654-8260-c9af1e8b4ace,52,342.27,Entertainment,2023-06-28
561fe957-d73e-4545-9edf-5960a2c64425,52,101.09,Entertainment,2023-02-22
b339fe0b-1469-41be-90fb-ae7236b74086,6,53.15,Groceries,2023-05-11
22b051aa-317b-44cc-8172-aeb2c13a235a,62,125.36,Groceries,2023-10-27
0fd4d410-a8a4-411e-aeaf-b838fb8358ed,57,493.2,Dining,2023-02-09
4ac6f2a9-5e6d-4d25-bca3-c0296abb0555,83,251.85,Groceries,2023-05-26
d4efd7ca-c79b-4675-8a13-3403886b2c8b,96,490.53,Groceries,2023-05-04
3e3fff1f-52c0-47ab-afa4-979a4acc08dc,76,328.72,Utilities,2023-09-07
b0cd8f09-8cbe-444a-a1e8-b92c0e323353,32,153.22,Travel,2023-03-19
3e0de8c5-19d9-4280-acff-db3590876335,71,359.64,Retail,2023-01-23
3645e2d2-74e8-489e-a23b-0f026cc63897,56,495.03,Dining,2023-12-21
6ae857eb-d75d-4518-b7d9-51efeaf058d2,85,733.54,Travel,2023-05-28
27b86df2-b740-4721-8ab0-fdf583b29710,9,433.56,Utilities,2023-04-02
0681b2b0-0620-470f-9734-c8c8d2ff61c8,24,252.33,Groceries,2023-05-22
85a2cad3-a4fb-4c6a-ba5c-ea8b19343432,19,345.7,Groceries,2023-10-19
9b563f31-6a8d-44cb-9373-66ced90124f5,4,244.14,Dining,2023-04-05
69741d7c-ccf3-48b3-a7ab-cb524f4b4503,27,299.77,Entertainment,2023-05-22
16bf074b-e02e-4cc1-b39a-d3931d793e96,62,1001.4,Travel,2023-06-11
024153fd-5d4d-47a2-86c6-76bea19b0e47,61,499.35,Dining,2023-03-22
760ab552-3455-406e-b0b6-6306dd13f80d,76,1681.74,Travel,2023-07-05
7c324f81-4c2e-455c-b8c5-50be995f02cb,45,344.8,Dining,2023-07-19
1544c1ff-16de-4a9b-b170-4ec960da170b,18,193.73,Groceries,2023-10-02
d1f3c21c-5c89-4159-ac20-b1fc19ee1839,95,53.88,Retail,2023-09-16
d030a196-a5c9-4c49-a01a-a605f1764c84,8,14.39,Groceries,2023-03-28
19e6e67e-3e92-4bac-ae23-710464d6a05c,42,174.39,Utilities,2023-01-10
2ec985eb-5ce8-43b8-bdce-e74574a3c2d4,48,348.24,Utilities,2023-07-14
3a685917-201c-4110-b284-3b697a128028,64,352.25,Retail,2023-02-28
d6180913-65d8-42a2-a4d5-f1532ff28af8,5,358.74,Dining,2023-07-31
d5bffac7-d590-4393-b851-a4b18f2b9756,55,111.25,Groceries,2023-10-27
54754277-74c4-4660-954e-470dddb79866,26,478.37,Dining,2023-10-09
62710481-ac9d-4612-9f97-2c610ad83555,90,156.84,Entertainment,2023-11-23
e19b3f7c-cd15-4ade-9780-69fa1c7a3867,40,8.77,Retail,2023-12-25
390e0d86-2dd3-4817-8c2e-af5adb2e08d3,89,255.32,Utilities,2023-01-01
38dbcec3-7871-46f7-af5b-55f095024f6c,23,1222.38,Travel,2023-11-24
62b6b86e-7294-4e85-8f35-0f0ce7452b9a,97,168.96,Groceries,2023-02-13
21c99616-d9d1-42de-ae38-a5fc7e3d06dd,67,448.72,Retail,2023-05-06
8b1ded83-831e-4db2-9001-62d416d34e51,3,90.01,Groceries,2023-05-23
28d4b0a9-aafe-4266-9c0d-107025a090b5,49,422.79,Dining,2023-06-08
1784452f-878a-445f-a696-42540230d78b,51,401.7,Travel,2023-10-18
cd82d5a2-67d1-4d92-bdf4-5c97ae0fcfb0,36,218.38,Dining,2023-11-14
9199fd93-ac3a-4240-a18b-60e942105efd,82,484.37,Entertainment,2023-06-20
6a4c7a43-d7ea-4d49-a47f-a74793f75500,80,405.59,Retail,2023-06-08
25f8b78d-7741-427b-b656-ddd8bca76c34,74,479.11,Groceries,2023-11-14
f7e9adb7-3a77-462d-a333-b22d583dbd0d,71,267.79,Utilities,2023-06-01
4d853c18-343f-496d-9836-4ccbf4f101ff,92,349.43,Entertainment,2023-02-04
6f89e0b8-f05d-4bca-8614-fe794e1863cd,45,85.85,Utilities,2023-04-13
db5395b8-7954-4e4b-91ef-b4516a483208,88,352.54,Groceries,2023-03-30
cebeb61e-a6cc-4a06-8e63-4134c0ab9a3a,49,281.95,Entertainment,2023-06-21
6a4b09bf-eb7b-4a63-adfe-e4f194f12fd3,75,470.73,Entertainment,2023-03-18
b40c74db-7bff-42f8-82fc-64f64bf5c6ed,86,174.91,Groceries,2023-10-12
50c7069d-1441-421f-be1f-7a1d0de2442d,2,321.15,Dining,2023-05-20
208361d0-62c4-4800-a689-de4dee275c88,11,456.73,Dining,2023-05-08
8ab3d573-beef-4dfc-a25e-12b01d64c7ce,62,450.87,Dining,2023-07-17
c29811d6-e869-4d54-a950-aecdc8fda93f,26,264.08,Dining,2023-09-10
fdff9ee5-f345-4401-a6b8-1c6f41ed44fb,74,484.5,Dining,2023-10-17
2a13501c-f424-452d-8bd4-5bea933c7f13,98,157.74,Entertainment,2023-10-10
2b9266bc-0ee1-44e6-be14-22aeea7357b5,82,391.6,Groceries,2023-12-03
06d04600-c976-4dbb-993e-a37482d8a920,94,268.57,Dining,2023-12-01
f0b90ded-935c-4118-8477-837dc8969355,37,1537.61,Travel,2023-03-21
ce0645e1-e00f-4fa8-a216-77d5e7406f2a,93,328.94,Entertainment,2023-05-07
977dec8b-4241-42a0-9681-3bfd9ee8a95e,92,430.77,Utilities,2023-06-03
417905de-d328-4264-adee-97c209859c83,6,288.67,Retail,2023-03-25
71dc632c-93c0-4649-9ac1-40751534e86b,91,358.96,Dining,2023-01-05
df9ff5db-80e9-4a44-938b-aed4f064107d,71,42.65,Retail,2023-02-16
dd5e7abd-97d4-44f3-b1b6-a71a159138c9,54,531.36,Travel,2023-10-10
1fe4e7cf-8500-4e16-8d29-ca64fd83e2d9,46,479.26,Utilities,2023-05-05
7cfe895c-e14b-4111-adb7-5c0053936715,87,366.42,Dining,2023-12-04
0a6e4fa7-9acf-408c-b976-6e6610104c2d,91,429.39,Dining,2023-07-24
37fdb9aa-69db-4a22-a920-593edd147aa2,32,400.8,Dining,2023-06-22
c386ea92-b0a0-4d5c-98c0-ce7581ce15a1,72,342.67,Entertainment,2023-08-17
ff080411-3310-44a7-8659-5662465e6e94,55,374.32,Entertainment,2023-09-06
378596f0-2dec-4d5f-ab8a-2f2e2a893767,99,219.22,Retail,2023-09-29
defffddf-d783-425c-a156-df7d447d0492,12,122.09,Groceries,2023-05-18
fb6918c9-c1bb-41a1-b31b-fdfa999ba295,83,963.81,Travel,2023-11-14
45e604cd-e90f-4263-a414-0ab5ea01f519,96,322.68,Entertainment,2023-02-11
146e913f-fa2c-4f20-81b1-4ff644b3c9e5,18,319.29,Travel,2023-04-09
d59a0d6d-7006-45f0-a544-96f4aa14878e,6,12.26,Entertainment,2023-01-01
a28ece30-6ec1-4289-b8e9-ef32e769f00d,67,1627.0,Travel,2023-05-15
c2d8f3b2-cada-45f1-9c03-077bbce69a35,17,97.53,Groceries,2023-05-22
dfbc88e0-bbc2-4811-9db1-3f1575b14944,64,697.28,Travel,2023-12-15
3ef1f0f9-1b37-4c39-a389-288f49664e0a,76,292.8,Retail,2023-01-06
9517524d-9896-4499-95f1-67894c3248aa,15,437.39,Travel,2023-08-11
ceb86cd2-3fac-4ac9-9aa9-cbd5a813eb00,1,148.84,Dining,2023-04-09
f6d3a9c4-b2f8-49a8-9a98-ecbb48344bc9,93,83.23,Groceries,2023-03-30
74c62c95-ded0-4d4c-88b0-25dec9f43639,16,42.67,Retail,2023-07-09
e1f658e2-6d5e-4d75-b6b9-062f0f8f0a14,86,1904.79,Travel,2023-12-16
e624f4fb-9118-4891-950d-40ffbc192c9c,77,338.54,Groceries,2023-05-29
4d13a4b9-9243-468f-a5ff-d7999d704e8d,19,102.34,Retail,2023-03-31
fb6b3f0b-b18c-4c15-91d6-7bbb2db33169,43,458.27,Dining,2023-04-12
eea5dceb-37bb-49f2-bf0e-acd06fd7a3ff,35,301.68,Entertainment,2023-07-25
f64dd67f-15db-4b85-b689-76838ad50bc0,91,368.58,Groceries,2023-04-21
907fe200-6d71-4e28-a857-27eb3a479b87,24,193.7,Groceries,2023-07-31
f97581c3-baa2-4027-9b65-ff3c82ec90d3,40,181.5,Entertainment,2023-02-24
d989216f-2923-42fb-ba25-43031ba8e547,30,304.83,Travel,2023-10-26
ae7260c6-562d-4a89-9b85-7e271401cc4e,99,50.33,Utilities,2023-01-06
66a4e87d-54d9-451c-9256-90c76020dd86,5,334.63,Utilities,2023-03-16
128c2b44-9a80-41e7-9112-3c716a6fb0a7,100,110.09,Utilities,2023-06-10
3195804c-1873-457a-8192-a9d7d3216ae4,84,111.64,Utilities,2023-06-07
064ecd3a-4f63-429e-a8ab-99e596222d63,35,898.49,Travel,2023-02-11
4dc125f5-d722-4e27-925b-8e57b2a8c054,34,361.58,Dining,2023-04-10
36fdbfe9-ed54-4430-b337-be2c3f051866,13,446.54,Retail,2023-06-27
f31c8dec-3a1c-4b20-b57f-2f3311a10bf7,52,454.97,Groceries,2023-03-09
898f8255-e161-41fe-9d73-183fdabe01d9,52,1964.01,Travel,2023-12-04
d6341faf-7a91-4008-a221-39f5db74a73b,16,485.01,Retail,2023-09-08
0f8ecdca-3c44-4a8f-9d63-6dc14b50764c,41,1755.94,Travel,2023-07-14
1a4df5d4-3b25-4a24-917b-fe5fe7974b0c,43,131.0,Retail,2023-07-18
2f74730e-a60e-448b-9acc-901723dfff32,86,61.51,Dining,2023-09-19
150f071f-4edc-48a2-825d-2f3a96f45ddc,31,169.98,Dining,2023-06-18
45b0e431-8638-4bcb-af7d-95816e1c9816,54,296.93,Utilities,2023-10-24
11d8879e-ac8b-4e82-8cbe-6254dce4395f,57,350.05,Utilities,2023-12-03
c48a6bed-23ae-4b9b-ba0b-022360d5d06c,59,293.02,Utilities,2023-11-04
c5735a90-dbbc-4557-afd2-896eebb90130,47,18.15,Dining,2023-03-04
4d1cd685-d55d-4b0a-a5cb-84362514283a,96,152.28,Groceries,2023-01-11
782e0372-f197-44f9-a884-d869c6041d45,76,293.43,Dining,2023-08-25
03ed8035-fbcc-4a29-b804-e8bba85e9957,85,376.82,Dining,2023-04-15
81f6183c-5210-42e4-a74a-0ea641009792,91,57.3,Entertainment,2023-11-19
16417f09-b9e5-4406-8db4-d4af1839d3eb,68,20.73,Groceries,2023-04-28
628c3512-e49b-402c-b84d-ad9253624b58,97,112.8,Entertainment,2023-04-27
e5ab8baf-5781-4dac-bb63-46b8ffa7729a,83,319.13,Retail,2023-02-17
be643f43-c070-4aa2-a47f-fd3c186c0721,47,1180.72,Travel,2023-09-26
0754f2b9-ab8e-4636-9b46-6d3294d0ae0b,66,1253.56,Travel,2023-07-07
68b5c297-c4ca-4bd4-9c93-7c689b7bf25c,72,360.07,Dining,2023-07-31
cd112e62-9793-4578-a140-b7f88acb2871,100,1751.3,Travel,2023-02-03
6575fd05-823d-48d1-a750-be44ee1384ff,80,417.37,Utilities,2023-10-27
ad56efde-0f63-4673-abc1-fdf12790ce0f,92,128.0,Entertainment,2023-11-17
34ebd003-cb0c-47e6-9448-044693186718,63,240.32,Entertainment,2023-08-19
536ec060-fe70-4694-a9ef-36600c9e8bc9,21,339.52,Retail,2023-06-21
392ad5dc-2b72-4fdb-b1f8-0ae536363958,49,459.32,Groceries,2023-02-18
6044bee6-1891-4116-9684-e77855b463b9,98,1027.34,Travel,2023-07-28
b33b9f94-8fd1-473c-9b8a-8e8e418a3ce8,16,308.02,Entertainment,2023-01-23
c64dea54-8f01-4638-8542-4dcabff73cf5,25,447.89,Groceries,2023-01-28
eccf9ed3-8966-46d9-a057-ea5152356b07,50,545.87,Travel,2023-01-21
275fcff6-e719-4831-9bee-0fead007a0cf,54,1704.42,Travel,2023-01-20
f0207334-a89f-4f82-aefc-536c3ade1daf,8,228.65,Utilities,2023-08-15
74e84503-130b-4d9b-8b93-2d579d504798,82,186.12,Entertainment,2023-07-15
4aadc98e-41eb-4395-96ee-f0f5effc4599,90,441.07,Groceries,2023-04-02
b2c8d3c4-4fd9-4c17-94ba-fe039837487c,49,335.63,Utilities,2023-11-05
8ef217a1-eec6-4c56-81ae-c4ca5f2e5b33,77,1597.71,Travel,2023-10-23
e065056e-49d2-43ef-be6d-35f979dd5610,29,88.83,Dining,2023-08-22
cf7ca71f-6fa2-4929-95ed-7acaebc76e68,58,110.7,Utilities,2023-07-04
f921be8e-1ba2-469a-9391-d1748e6e15dc,62,1082.04,Travel,2023-02-17
25ac750a-a3b7-4990-9bb2-3e29c1e3f1df,77,445.56,Entertainment,2023-01-29
9d28e287-04ad-4dc3-85e8-a1b143563386,61,1183.83,Travel,2023-11-01
e0872177-6462-4767-800b-265d3e529f10,32,59.02,Utilities,2023-08-16
3af09e67-4aa4-45fa-a7d4-585accdc0467,47,7.23,Entertainment,2023-11-16
92b67c0a-0d7b-49ea-9418-0cf42b1f19b1,63,984.74,Travel,2023-08-30
a4ef6351-06cc-4e51-a830-21a6efd15199,50,169.88,Travel,2023-03-09
b9e7143f-87e0-4a62-a43f-d38881cb9db4,19,185.9,Utilities,2023-01-23
5b5f5f64-eb7f-46f2-85f2-bd6c44eb68d3,68,47.87,Groceries,2023-04-27
79ee9385-8c9b-48d2-bd7e-1cc8b52dc0b8,11,124.42,Travel,2023-07-30
8ac62ba5-6daa-46e2-a6fa-c8e8b0728e6b,42,393.0,Dining,2023-07-06
cf6b5e1a-715b-4a2c-b728-81b1ef58e035,67,1737.61,Travel,2023-05-30
d1271b0a-3722-45e8-9a4a-c7da59b58744,64,192.37,Retail,2023-07-25
4e8124ad-cc09-4640-a11b-959815196630,67,20.99,Dining,2023-06-10
d145dd10-b8a0-40f5-9ad5-d5dc2e8cd99e,85,219.72,Utilities,2023-06-26
3acecf59-5373-41ac-8463-bdc04ed91f51,45,331.93,Dining,2023-06-05
f7d3c492-7766-4daa-add1-72cfb3ac25e3,58,146.49,Groceries,2023-11-10
43378d62-1210-4a50-8e6d-c557549bb514,23,369.12,Groceries,2023-05-19
996188e9-124f-4c8a-917e-5ed1cce8200a,83,236.13,Entertainment,2023-04-01
935669a3-4701-4636-a73f-aabafc39a7eb,95,136.51,Entertainment,2023-06-01
a5dcee65-f2ba-44d0-938a-60bf140c14fe,49,610.5,Travel,2023-04-19
3bc84fbe-760e-42dc-919b-7a470760f667,67,189.18,Dining,2023-07-07
ab26554a-7e46-4dd3-96b5-1cee10c8f4b5,59,161.29,Utilities,2023-09-02
f840a02f-c090-47fd-a6cd-ffe88397eafb,4,303.64,Retail,2023-06-13
8af74a87-d15c-48eb-8263-5bf2fd382da2,23,162.59,Travel,2023-12-14
f523c173-8d60-421f-a364-74def3a1ef5f,92,181.45,Dining,2023-06-28
8a5c46fc-3051-49d5-8e60-e68521f96d90,42,88.59,Dining,2023-10-07
6f73fe33-811b-4c31-9464-e4f0bb55a92e,85,472.62,Entertainment,2023-08-01
82599e80-b940-457c-8226-a5c951799b2d,55,464.62,Utilities,2023-04-05
909b8bfa-a15a-499d-a44e-9f3d199f0cfe,90,403.82,Dining,2023-04-25
818d7c23-7895-4ebc-904c-822b056d16bb,3,411.97,Utilities,2023-07-15
01310247-d157-4e3d-9ce1-0c5ad7062237,26,1186.08,Travel,2023-04-12
6a64fff1-59c3-4418-9b12-bfeb7470790f,100,105.79,Utilities,2023-12-28
b13111c5-ad07-42c8-8bb5-45784ab3d2e5,89,478.86,Retail,2023-08-21
21e1bf49-6a93-44bd-a7d2-0e559a446fc1,70,205.83,Entertainment,2023-03-24
408de3c3-d83d-49d7-bb0c-d73d6880c2fb,27,110.36,Retail,2023-11-22
49b448a8-b94b-44a8-a60f-73ff292e52a2,72,483.55,Travel,2023-12-06
77bbf759-b9d1-4a28-a85a-079911bef0cd,70,369.14,Dining,2023-10-05
3892fd19-ad78-414d-b287-f9bed5980dfb,60,363.28,Retail,2023-10-30
50c27257-c4d8-4e93-b842-94ff5212c80a,10,354.46,Retail,2023-06-24
b2efa2cb-0d36-4d21-b808-50786485f74d,88,1784.3,Travel,2023-04-30
15756095-9dab-424f-ad9f-9699a29b0b90,88,159.87,Groceries,2023-02-26
03536ac2-6a18-435d-95d9-8f60851de23e,30,781.25,Travel,2023-01-07
53b5a085-cb72-4f3a-8518-db80cf2b96b3,84,369.33,Groceries,2023-08-04
c1ad1f79-aca4-47ea-91c9-40623a5f1c5a,13,354.08,Retail,2023-03-30
53165f3e-14b4-4209-a8db-8e6a35d865f2,94,112.02,Entertainment,2023-04-28
01e7e5a4-9645-4fa4-a26f-383781a9f1e4,93,333.01,Utilities,2023-09-29
8f016cdb-d4fb-4cf4-ad1a-2dc1b3c51fa0,58,363.61,Entertainment,2023-12-01
c5537908-06cf-43ff-95b9-775b0aacbdae,41,428.38,Groceries,2023-08-04
5ef2f725-e806-4eb6-97b2-3837fdf5bff9,81,314.62,Groceries,2023-03-11
ee00ca4e-4b74-4af3-892a-982d9e284f40,24,378.4,Retail,2023-04-10
39830ad4-9e35-4e3d-9a4f-8f4686ca3b69,10,5.98,Entertainment,2023-05-30
1b17d5fa-acc0-4931-8520-81faabde8ef4,99,1522.55,Travel,2023-07-16
8a1393ce-c2b7-49aa-a94c-3de6034d53f0,72,397.04,Retail,2023-07-08
81373e8e-7892-4e6f-9242-2e619f383673,34,297.88,Travel,2023-02-01
1d99ea18-4581-482e-8ba6-c1f21a8dddfa,58,1032.93,Travel,2023-11-01
5c47d0f5-31e9-48cc-b5e2-916d2155b9dd,100,314.53,Groceries,2023-04-29
09582846-ad68-441e-ab3e-3e451768572d,100,470.78,Retail,2023-02-05
c47cb492-36e5-48fb-b26e-91e5b99d6374,35,417.66,Travel,2023-06-03
b0a0fa34-73d1-451e-bcef-30b2b33e5c4f,88,202.16,Groceries,2023-03-12
5db885a7-b0d5-491b-b295-3bd6f59cbfd2,63,357.33,Dining,2023-12-25
3a7f2002-162c-4746-be79-c7658111f7d1,61,147.96,Utilities,2023-09-30
f6c85d5e-f5c9-41f9-8c0f-8d54a5fd5105,67,428.93,Retail,2023-01-08
e79ef484-7fe8-4ab5-96e4-6520b58b402b,10,114.38,Entertainment,2023-09-25
b40c3222-9701-491e-85f7-dd68fcb708da,55,396.53,Dining,2023-10-10
8bc52685-957a-4e88-a25d-dc42c9b44431,49,71.42,Utilities,2023-08-03
69b2e843-ecfd-49ad-9af3-b5b383f6c605,5,92.44,Dining,2023-05-27
f9bead20-08bf-4b6b-bfab-cedce05e89e8,47,497.72,Groceries,2023-05-11
67efb65c-8826-499e-aca1-d3f507fe7ee2,67,328.6,Dining,2023-12-25
faa73e8c-e32e-4fbb-8abf-5c2daaa9c7b6,69,317.46,Groceries,2023-06-28
65b04dee-d3f8-4983-ac50-4c334977498d,57,399.01,Groceries,2023-06-05
9b2b67cc-5928-4138-b772-fc3c02753373,25,178.7,Entertainment,2023-07-09
3af3bef8-8bad-41ce-afc5-d7a6345648ac,70,445.87,Entertainment,2023-02-17
b502e5f9-0aac-4d6c-91f5-a4033d66d2a1,58,388.89,Groceries,2023-02-28
a8b91526-788b-497a-8f9b-b63c2a419830,52,1952.14,Travel,2023-07-25
73d9c804-9a1b-486f-ab6d-7b9d731742c8,82,214.31,Entertainment,2023-07-13
5c70c663-28fd-4218-ae4f-553b064c56cc,22,246.63,Entertainment,2023-08-16
416f8860-3dea-4bf0-8a4d-43f351fb899b,78,363.86,Groceries,2023-07-27
32b0d101-cf12-4cf8-a9a3-a81506013f5f,46,313.02,Dining,2023-01-10
603a71bc-51bc-4fa9-92a9-82821d1a4f76,3,346.89,Groceries,2023-10-04
1d01719f-1b1e-438c-ab75-a2df9cb69a84,66,154.89,Retail,2023-01-06
244d6661-72f1-47e0-9cc8-3e631255144a,40,232.56,Entertainment,2023-12-09
3804490d-3467-4d5b-ac48-ce649b7137a4,26,128.0,Retail,2023-08-03
c9bfd577-e70b-476d-b61c-e2671e690a95,59,127.07,Utilities,2023-07-06
6acaa20e-25d1-4b75-8729-791c020ce5a8,25,316.14,Groceries,2023-04-16
4354c879-5be5-4f1b-8ed1-0f5f8538e21d,93,42.86,Entertainment,2023-02-11
f4ba4050-3332-4abb-a1e6-97b1c6dfe496,73,143.09,Entertainment,2023-01-20
290ec699-6779-4813-993e-9cca09070f7c,15,285.37,Dining,2023-11-06
deede777-5222-4bae-85a9-2459c81ba1dd,88,1434.19,Travel,2023-10-31
09588480-17d1-4d0f-a891-a5c62ce1c429,17,89.04,Retail,2023-12-23
614a52d4-c9d6-4be0-9c60-429496570c54,42,1455.22,Travel,2023-04-28
ddab61f2-f410-4cf1-b653-4d161808d42b,59,433.39,Retail,2023-01-07
188477fa-e7ea-4934-b027-dca67db6856d,58,1377.36,Travel,2023-10-15
2d3fc79b-c597-4639-91aa-89a4040d5dfb,52,380.68,Groceries,2023-08-07
350d620c-834d-42db-b136-526326e36040,16,176.6,Entertainment,2023-03-05
dd549042-a9db-4a60-bcbf-62ae142821e4,34,70.84,Retail,2023-03-16
42b7fc79-c2c8-4810-859a-6e1ec88516f6,89,281.7,Entertainment,2023-06-09
7192e0b1-5a26-4b3e-a8bf-e24c90796fbd,53,371.06,Utilities,2023-03-07
72295a70-db30-4efa-b362-7bc36c620587,84,179.33,Groceries,2023-02-21
30f17e53-2cab-4bf0-8444-8f8a3e8a496d,84,156.67,Retail,2023-07-15
2710b90e-b8fa-49f8-9313-c104aad0997d,85,119.79,Groceries,2023-02-20
8963e526-0d1f-4847-982e-b60a057f28b4,31,261.8,Retail,2023-01-18
3d577731-ba35-4cd7-95cb-17ac7ceaa90d,30,72.33,Dining,2023-11-30
4810574f-8b50-43c8-b9c1-4cab6f268fa3,96,389.46,Entertainment,2023-12-05
f657c2e4-9e61-4881-94a8-eae51a10fa59,65,316.54,Utilities,2023-02-03
b4f80409-0bf8-4301-af72-3fb236711158,83,215.38,Utilities,2023-05-10
572edb59-7ef8-4388-b8b0-c689abcb7823,91,100.2,Entertainment,2023-11-08
e99fb868-af71-4ddd-952a-1df068df8d49,66,277.07,Dining,2023-11-24
297aa60a-c299-467b-9a71-4bf11a476308,64,154.68,Retail,2023-03-26
c1cb1687-07fe-4f23-b4b0-349e5d7b3e36,44,26.66,Groceries,2023-03-21
9ad64281-4ea2-464a-ba5f-e2d6cf601baa,91,105.16,Groceries,2023-05-10
8ba3610a-5364-4a46-b0d9-b5af22406753,27,468.35,Retail,2023-09-20
20a416d4-6adf-4039-99a7-0f20a1744784,2,357.32,Entertainment,2023-01-11
0f5ae86b-3c64-42f3-ab7e-fc0876749cb8,75,194.25,Utilities,2023-02-02
fe642711-015a-452c-a0ef-497cb5dff991,9,450.14,Dining,2023-07-01
64f3a2db-7504-49b6-bd7f-2d3f0f6f2e44,71,1898.54,Travel,2023-01-20
2a90f72b-8727-4bcc-8d56-5a40ed440490,13,228.85,Retail,2023-07-02
344e56c6-4338-4625-a1a7-c59d0f38f424,4,133.08,Retail,2023-10-22
c99b8faf-6f8f-4a55-942d-2082efcf163f,86,173.75,Groceries,2023-10-11
ad984bae-aff2-4613-bd8c-45f555a5bbd2,23,315.08,Dining,2023-03-17
b5f6d0c0-9db6-4696-8073-9844360ff5df,77,366.99,Groceries,2023-06-30
9b5267ad-9ba7-411b-b29e-091c53c1281c,25,342.17,Dining,2023-04-22
97800d70-5589-4915-abef-bb96df19db85,46,350.57,Dining,2023-08-01
47da43de-9b53-4559-9858-54d5a63ce51b,35,139.53,Entertainment,2023-05-13
a67392ca-2229-4ba9-a7f1-876f14a0eeee,63,59.94,Dining,2023-03-24
3b6b8f70-1e53-4a56-a4b2-f6bae710c5c0,86,339.51,Dining,2023-01-20
894f1fc1-590e-4004-a441-2ace1b2e592e,67,72.4,Dining,2023-11-25
ff9f6dcf-e6ed-4520-a7a5-d96612d1880a,76,42.49,Groceries,2023-08-25
95f51f8a-54b6-4fd2-b931-499aa99ae374,34,132.34,Utilities,2023-12-19
8e0771bc-165f-4a57-90bb-ed544d102ee2,19,24.5,Retail,2023-01-01
d549de3d-6afa-4847-a7ef-c6f16cbc98f9,16,283.49,Dining,2023-04-10
f408bd04-c4d3-41de-957a-82e688a89746,52,1774.19,Travel,2023-10-09
72b93531-2e97-480f-be39-c6286147cc7a,57,61.63,Utilities,2023-05-01
6051c3fa-edb5-4c5c-83d4-335f8dd5fbd2,84,82.27,Utilities,2023-06-30
f33a7938-b324-454b-bb28-97fd36987094,70,328.89,Utilities,2023-08-01
792fbd1b-9da0-428c-9644-65b0ccf6f8b9,77,444.0,Retail,2023-12-02
683ff76d-ec7e-42cd-a92e-31a549f21ed5,20,412.92,Entertainment,2023-07-20
8cc06ec3-3945-41a4-9503-8911c0bc6919,6,470.52,Dining,2023-06-12
8714ff6b-eb30-4f58-905c-d8b96426a193,28,431.68,Groceries,2023-10-22
489285d9-e92b-45d9-8173-b5f7ccde34d1,93,103.74,Groceries,2023-03-17
d080a051-11d8-4b12-bfb0-c307d374ea13,55,347.36,Groceries,2023-03-24
aff030d0-05b9-48fa-96d0-f26a0e91b2ec,56,468.32,Dining,2023-10-12
b2deb07b-7bbd-40c5-a7c0-956d90550a83,19,405.29,Entertainment,2023-10-13
0bb7d5e7-aece-4fdb-a910-ce25ef2a5300,45,74.16,Entertainment,2023-09-12
0459ed11-1034-4a04-80fd-919bfb9d853e,38,27.71,Groceries,2023-12-22
eb2f672f-a26b-4dbe-b5f8-5a792d403e37,64,491.75,Travel,2023-12-14
5b14094b-d9ad-476f-9156-943cf68f15d7,4,484.47,Utilities,2023-11-01
8095eecc-0501-4b75-b0bd-82d9de3689c7,22,775.4,Travel,2023-04-21
84fdbbf5-ed11-45ed-b7da-caba23260774,52,23.91,Dining,2023-08-30
5586edf9-3102-4497-9718-1e1a143976af,82,457.55,Entertainment,2023-06-27
d45a205c-d770-4662-b2e3-46466f0c3ee9,25,381.57,Dining,2023-08-20
b4f00a4c-d4f5-4d51-b31d-c36e7ffb829e,51,11.4,Dining,2023-01-03
9a267d3f-996a-4fb4-8d5a-16f01b571aee,49,61.48,Retail,2023-03-31
9802a394-5efb-4923-8ae9-c7013f581e97,36,152.74,Dining,2023-03-03
fed7e8f3-297a-4164-83e1-2046a8058ade,22,445.67,Entertainment,2023-12-28
e633ea77-fa48-47fc-b09b-f446bb26c58e,36,34.36,Groceries,2023-08-06
92ab3bfa-a7d4-441d-908c-67386ba6d3fd,62,307.12,Groceries,2023-06-08
7ec31bc4-34a4-4088-8154-64da08bf34df,48,47.72,Entertainment,2023-07-27
567946d1-7314-4db5-9c4b-ba6cff070785,54,97.73,Groceries,2023-05-15
a3ab0228-70a5-4106-9d61-9edb850899e9,26,385.37,Groceries,2023-08-03
6b24d1e7-7ddd-41ae-b9cf-41664dffa739,56,355.62,Dining,2023-10-04
8fdd3ee5-888a-408c-94ea-05970379ae73,34,73.26,Utilities,2023-10-01
3ea73fe4-7662-41cc-9ad3-c025e5df7b50,75,37.42,Entertainment,2023-07-01
09463ca6-9899-49e2-91db-87f0e03d8726,34,65.83,Groceries,2023-06-01
5c6201bb-eceb-43b6-bc67-cab15eac73ea,2,445.07,Utilities,2023-07-11
fe1d45f8-9697-40ad-a94c-db394137b581,89,302.38,Groceries,2023-10-28
13ee7d03-db40-4591-8d90-44620ca384f6,81,509.38,Travel,2023-02-26
bb1f1697-3b96-4420-a18c-5aa8099498e8,92,302.08,Entertainment,2023-07-03
79e1eca3-0f4f-4228-ab05-eaa4dfbc210f,17,438.08,Groceries,2023-06-25
66c13f94-1621-4eb1-bd31-d0c9a7dd97e5,90,1808.34,Travel,2023-04-30
1e63f6f3-0dad-4ea4-917a-78afe172bab8,30,137.46,Groceries,2023-12-18
eb33c412-c38d-474d-a671-585cbe008995,67,308.84,Dining,2023-12-26
64f2f1ad-51c5-40a0-a50a-ca3903429941,61,396.9,Travel,2023-12-28
cea7d0d1-fc63-40f2-979b-5fdfe3b4acae,50,35.98,Entertainment,2023-12-21
41d241bb-94ae-4ea6-94a9-1741c1619416,71,421.43,Dining,2023-03-20
b9b30f0e-8959-4ed1-befd-ca57b2ae4fe3,86,122.88,Groceries,2023-09-10
16b8f0bd-a16f-4c25-9a11-4f60bdc8f9ab,87,496.12,Utilities,2023-08-03
49ba49e5-a942-4b5f-852a-295819d3b411,68,1308.7,Travel,2023-07-21
f1fe9cc5-ed7a-46c6-8525-222597e6f7ef,30,313.35,Dining,2023-09-02
ed069d09-cfa6-46d2-a48d-dfb3317ccebe,5,321.39,Utilities,2023-10-29
391d42f4-20a7-439f-aec2-db24b1072fed,3,111.35,Retail,2023-03-09
ec7835b4-73de-4470-b8f5-d82c4f2c4b29,4,167.84,Entertainment,2023-04-19
7349ffb5-16f6-4206-b7f7-0312ec123b4e,95,340.51,Entertainment,2023-05-01
3e4af82b-2b20-4b3d-abbc-e73be38b9fd3,96,463.35,Utilities,2023-01-30
5f67e219-5def-473d-87e2-c957eb50e716,93,487.6,Utilities,2023-09-02
1e382b25-a6ec-4ee6-a252-6958c8b99311,25,476.82,Utilities,2023-12-09
1cafd69b-180c-4dba-821c-369ed403c6d3,16,134.13,Retail,2023-09-29
2afa522d-7d25-4419-9674-b97815118fd1,37,250.95,Groceries,2023-07-08
157f71f5-49f9-443e-b55e-54fd126b042f,4,139.79,Travel,2023-06-19
c69183c6-0ef2-4cff-9f7a-a83288c9bf80,69,199.27,Retail,2023-06-04
801022c0-6b5a-40d5-8cde-d87cb5ef1a38,17,100.71,Dining,2023-12-29
e690ff03-3b1c-4e07-9bbd-39b66db7f397,13,460.53,Dining,2023-07-21
1bfef5ee-be13-4bd5-8aed-6c817ef373f2,39,151.57,Utilities,2023-08-04
944a5ea9-102b-4cbe-b8d7-0333fb553111,51,831.21,Travel,2023-02-19
f8713ad0-0d9a-4d02-90cf-b4c39f90ed03,48,1885.26,Travel,2023-02-10
28c3c636-c782-4225-b1f0-8d02b3c1459c,100,373.69,Retail,2023-05-07
e0a11f53-013e-4297-bc54-2d9042e464db,79,413.65,Dining,2023-03-09
b33211e5-86c5-4cde-924a-2ab071f9b371,16,241.49,Groceries,2023-05-25
dad9abe6-1481-46a6-91e8-fc1cb2f45ca2,9,1351.18,Travel,2023-11-27
8dee1d00-522e-416c-b1b3-2c66365c4336,64,285.87,Groceries,2023-05-11
5877d722-d101-42bf-874a-e19d9b45f9ed,8,465.39,Utilities,2023-08-28
a271fffd-f73e-460f-a996-1cf58d56a85d,23,359.95,Travel,2023-01-06
00f1bf3a-18ee-4262-8100-94e6f10f433b,48,436.56,Entertainment,2023-08-28
4f9bbd1f-f3b4-4590-b3c3-904555a2c23d,8,490.96,Entertainment,2023-11-11
5ebc817b-0f00-4da2-b23d-da3a5d16081c,59,378.44,Entertainment,2023-12-24
b7652188-277d-4806-a2e9-0b3ea868eaec,94,284.63,Retail,2023-01-23
2834923c-79c8-4242-95ec-a0b2735cc170,43,213.44,Dining,2023-01-31
2419bf57-3d2f-426d-8901-3f4894ac0277,27,155.23,Travel,2023-11-20
10690c13-407c-4848-a362-b0c5acf9a679,83,272.54,Dining,2023-10-24
ee88af8a-3e18-4507-a21f-aa546fc929e0,54,313.32,Utilities,2023-02-23
d0d8449f-ff88-440d-87bd-12c4049c90d5,33,316.18,Dining,2023-08-09
2c9cf8cc-daea-4277-acad-39879d341a35,68,357.35,Utilities,2023-01-01
12fc568e-66bf-49b8-85bd-9e85c6427d5b,25,117.81,Dining,2023-11-10
3c2df900-50ed-47ec-a10c-ff5fac01bd7e,88,482.56,Groceries,2023-10-25
594a08bc-2efd-4486-b676-f7185d86d8c7,22,1130.16,Travel,2023-02-27
d902d1c6-4705-4546-a6c1-43f4c9115c01,18,141.37,Entertainment,2023-08-23
3ac3efd8-a5b4-41a2-9d41-15f8b5ec5fbb,95,94.38,Dining,2023-04-11
5b639053-8b6c-479d-87ec-7fb1a8cee604,9,129.14,Groceries,2023-06-05
715f629f-3faa-43e6-9a14-88f491e4a688,21,222.96,Retail,2023-02-12
530f74a6-cf8a-40c6-9238-329a960e96ca,56,313.0,Retail,2023-12-02
643d083d-10fa-4cca-9cb1-3bd04c74229f,35,100.43,Dining,2023-12-27
fcc7c6a9-d72a-4381-b178-1d6a8803bbfa,92,154.17,Utilities,2023-03-30
fabe3ce7-98f8-4cea-a789-36aa59069e84,9,394.11,Retail,2023-06-10
fd2585a5-cc54-481e-87e7-d48b7c094c43,2,46.63,Entertainment,2023-10-23
9ff093b2-a24c-4f1e-b477-f98d2d782371,80,280.16,Utilities,2023-08-07
1062bf18-683f-4648-a951-d1ecad94582c,4,445.86,Utilities,2023-02-21
ad228df2-1d7e-4349-984d-b9796d4b1aea,37,439.19,Travel,2023-10-13
b7b88d22-5ef9-4fb1-be56-c4a6c235aada,78,135.82,Utilities,2023-09-18
cfec4daf-b540-4aca-986c-90775d0c95b9,84,463.08,Dining,2023-10-03
422c8339-2bab-4d61-88ef-76a18e7afde2,61,447.51,Groceries,2023-03-31
ec18a5c8-9048-4061-8442-870c50d5b778,92,294.91,Groceries,2023-09-14
e2d592fc-cb86-4bf1-8606-0f65e78655bb,91,478.38,Dining,2023-01-11
a3fab042-6f93-4dd3-ac8b-5bab83b780c6,12,118.46,Groceries,2023-09-01
ccab52c3-6b5e-4ceb-8cb9-2a314e45edb6,49,1442.59,Travel,2023-08-12
05c249a1-aa3c-4535-a324-a08dfcf011ef,74,35.46,Retail,2023-07-25
57ad4c9d-e8e5-4361-b3e5-c42409dbd509,96,254.05,Dining,2023-02-16
7811b2f0-4873-49d1-9c60-a4d6247b3938,57,209.29,Retail,2023-05-04
5692f035-337b-41d5-ba0d-47e1506bb6dd,86,1043.22,Travel,2023-04-07
6526660e-98c3-4117-a0f4-cc3276456918,40,303.82,Dining,2023-11-05
a4a8b337-3fe7-43c0-9f53-7a55c242a65d,58,46.5,Retail,2023-01-02
cd97cead-89d9-4a8a-8b60-d9b4ae781de4,6,52.02,Entertainment,2023-01-21
c8e793c8-898e-429b-9dd9-1d0254ef94e7,32,363.43,Retail,2023-07-20
c05c3f34-8a23-4102-9f7d-27ce0c09c97c,45,114.28,Retail,2023-11-19
ec07deed-edd8-4a4d-a863-c3255001189b,54,64.72,Retail,2023-08-18
2830e369-1a1b-4d87-abc9-df8413334d82,60,74.78,Retail,2023-03-28
767d9ac5-2431-4d98-a42f-9e61c5d3c4dd,18,183.23,Utilities,2023-10-19
7953de56-932e-4d6a-8c35-222eb6abd5af,92,202.85,Dining,2023-05-30
ab60624d-db6e-4d20-9d45-72fc87b630cd,58,363.69,Utilities,2023-07-04
2b030358-4de1-4606-ad40-8370bbb984bc,75,192.55,Utilities,2023-02-14
3359fd53-de4a-483f-a891-5e098056f3a9,5,62.13,Retail,2023-12-23
7ba1eb14-7dad-4064-a42e-5bbd489ac3f3,99,134.41,Entertainment,2023-11-21
db58fb30-d908-405b-be1e-21bf07c456bf,18,618.2,Travel,2023-08-27
7847ed3b-5a1f-4d17-a1a5-e6feddc476a2,8,163.0,Groceries,2023-04-28
0ca32b79-b1ca-4fec-8c0e-7fda0076df70,36,382.54,Entertainment,2023-09-18
2cbb8b80-d777-40d3-a423-cd5617a4d14f,77,789.66,Travel,2023-12-20
e6f04ec1-b291-405f-84ed-c92c95c5b551,83,194.15,Groceries,2023-03-23
ac8e830d-da4a-4bcd-afc3-1d8af6f91d95,71,191.0,Utilities,2023-01-22
e1549703-4126-4d8f-b94b-bd8cc8d48c82,4,116.79,Groceries,2023-01-05
54229516-46ad-4b9a-9450-85039f355033,2,697.7,Travel,2023-11-17
040dc314-25f5-48cc-b841-2c53bf3fb085,91,329.14,Retail,2023-07-22
500cb506-0c70-4879-82ed-2b0e150fd79c,22,326.11,Entertainment,2023-10-28
670f5d12-6475-4e9b-af34-804cd761844c,11,258.21,Utilities,2023-09-16
16334d72-b688-461f-8f69-fc6dfa7bc188,1,239.83,Dining,2023-02-02
e1a78d6a-afd1-4064-94f9-e28c8d0ab2bd,53,473.62,Groceries,2023-06-17
9d260835-323e-4def-b89a-bbee1e6398b7,69,404.58,Dining,2023-06-13
7be9da0a-6aff-4a45-b9ec-34580ca374b0,20,265.05,Utilities,2023-06-02
2af0641e-5ea8-4db9-a75f-539c304d648d,47,279.1,Retail,2023-07-12
3b9cb518-2ae7-4f5e-aaf6-2deeefff93f6,61,391.11,Retail,2023-07-23
15251b42-736e-4ec8-b295-066bcfc89d15,40,482.97,Dining,2023-11-26
7eca240b-9560-4397-84cf-d75ff0fc40dd,81,187.67,Retail,2023-05-30
f69b3da2-aaa8-4641-8f64-26f64e49727a,90,489.91,Utilities,2023-01-05
e2152902-8b1f-4123-a892-eeea4bc96087,55,189.54,Entertainment,2023-11-28
623fa3cd-594b-4783-8ced-6fe159da16df,14,260.44,Dining,2023-07-27
e27e100f-9211-48f7-a3ce-3ca43367fdba,87,349.3,Utilities,2023-05-02
3af1c2fc-0cd1-4ab7-99ab-3d087a411046,64,570.0,Travel,2023-06-22
b51438c1-3a4b-4e5c-ae58-c368a50a9d65,34,95.17,Utilities,2023-04-07
801bb322-3f76-45b0-9056-df82bb121392,66,925.6,Travel,2023-06-10
d468ab90-2cf3-4748-b891-41190530180f,45,37.97,Groceries,2023-10-04
363aa0ce-6ac3-4971-8600-1a643274faed,18,295.59,Groceries,2023-12-01
928ef609-cd67-4281-8863-f01937c2b891,91,439.28,Dining,2023-07-14
51b5ab2f-33cc-41fd-b16a-9f34d25e7cd6,61,132.94,Dining,2023-02-11
1216c973-2dc1-447f-a8ba-24571b80109f,12,440.27,Groceries,2023-11-28
fa07fab9-6a30-45e1-9fbc-a860511f0277,62,206.93,Groceries,2023-03-27
3fcb2056-2efd-4132-bbc5-a95aae216f02,32,300.82,Dining,2023-12-25
9166bde5-755e-4945-9054-11527966b8d7,33,1258.09,Travel,2023-08-05
63af2e08-6df3-4e7a-83cf-28267e5fb776,7,9.8,Utilities,2023-07-09
7dc9689d-2a54-44aa-95f3-96f5ab322ead,32,43.16,Groceries,2023-08-31
fe3b7eea-2c54-484e-9a90-29dcea31720c,16,137.9,Dining,2023-06-10
bdee2fa7-1f96-47e7-b457-7a3bfe92ffc5,32,267.15,Dining,2023-03-06
9555a318-2e85-436b-aafb-ec7249611333,88,329.44,Groceries,2023-05-30
6d6d5645-864d-4bdb-a2ad-623abb3ed367,22,19.37,Retail,2023-09-19
a164c27e-e94e-43dd-a9ec-6f07834976f6,32,154.57,Travel,2023-10-08
7ecd3162-4ad7-401c-9c4b-0d436c73617d,47,132.76,Dining,2023-12-01
578fd150-2d6c-4e8e-8c83-a05709189025,14,469.5,Utilities,2023-07-07
1008821a-8d51-4cfe-98ea-27611adb5e3b,81,274.45,Travel,2023-01-02
6d4ead35-4ae9-4abf-aee5-d73de96d59fa,58,464.99,Retail,2023-08-06
8e13702d-dd32-4756-9368-4b01a80de24f,83,138.42,Entertainment,2023-05-18
3cd0f9d7-7259-4481-8f9a-8f51301cbb1b,71,64.49,Utilities,2023-02-15
4f4b682d-ee2b-4672-baa2-306c15408623,67,77.55,Utilities,2023-09-19
1eb4e8cf-8153-434c-9cf9-452ec19c8c2f,52,435.99,Utilities,2023-03-05
2f214901-c50f-427d-8354-f1e39f7a3faf,78,88.08,Groceries,2023-01-13
6e4996f4-a4c3-4780-b56e-79aeae091e67,84,469.37,Groceries,2023-09-17
9992ab57-927a-458d-86c5-cc9c4c75c8cf,92,382.43,Dining,2023-08-22
050b6791-73b8-458f-a32b-ebd283b653d9,19,19.51,Groceries,2023-04-07
16195284-f79f-4fd2-9533-80b8f39fdeea,38,293.26,Retail,2023-07-14
a59b1d9d-7149-4fa8-91e5-5b9fe8d7fc94,97,30.76,Entertainment,2023-05-23
ac6e7166-e8a0-4125-9776-9d7b2f39f868,70,284.76,Retail,2023-09-20
8fbae3f4-950b-4e87-8a50-2cdcfe6bba93,69,70.3,Retail,2023-09-05
427ed7e9-33e0-4c89-8d5e-925fb2196005,26,61.51,Groceries,2023-09-19
5c53ae0a-ef1b-41c5-bfb9-1c13c461cb45,61,132.55,Dining,2023-07-20
0edfd37a-4987-4a2d-875e-e310c1fac0b4,74,336.99,Entertainment,2023-12-19
cd8badb7-603a-4dda-9651-48031c53d5f2,100,476.42,Retail,2023-12-29
759e26a3-7f59-48ec-9e6d-fa81abb65971,47,8.61,Utilities,2023-02-19
46fdd1a4-b65e-4808-b9b0-52327e20202c,94,97.27,Retail,2023-12-08
cce89824-0d36-4293-95cb-f18d48feb617,41,66.91,Groceries,2023-01-03
3d48e71a-b707-4f69-9cd6-a8e2c2f0cb47,93,312.55,Entertainment,2023-10-21
24407667-f7ba-4b44-a777-7b8653b95516,74,347.36,Groceries,2023-04-27
50c29559-ff86-4a13-a6b9-86bc98c4f934,84,305.42,Retail,2023-12-20
caedc7c8-cf13-4024-897e-a2eec209def3,39,130.97,Utilities,2023-06-09
e2c1456f-59c3-4dfb-b805-f0dd14d3ef42,8,974.09,Travel,2023-01-12
7387198e-b68f-4cb0-b280-75b6bf5201c2,62,328.8,Groceries,2023-10-05
1b05f4e4-f07a-411d-96bc-509a2a97ea1b,94,40.86,Retail,2023-08-17
ebe76b8f-1fda-473a-99f4-0d43ce4bef6f,92,332.53,Entertainment,2023-11-26
d19fb1ff-f8f3-412f-8248-d155e2a7b08d,85,284.23,Dining,2023-04-28
a9f0bd24-41cc-41fa-afee-a0ff39b0ed1f,13,70.78,Retail,2023-11-19
bace378d-40e8-427c-8f19-4bd401a5db21,78,492.37,Dining,2023-03-10
0fa00751-6638-4b8b-b591-40f7098c8fd3,42,241.63,Groceries,2023-12-10
2155e35b-2862-41f5-b167-a1616eda8e25,13,162.49,Utilities,2023-04-06
bc008a85-cec7-4881-8f88-ec48c3e687bb,4,123.14,Entertainment,2023-05-15
6b8f99de-9d79-474e-ab77-b1816ffcd67d,84,13.47,Retail,2023-11-27
846455fa-e5bf-48cc-876b-519ea38a596d,71,319.13,Dining,2023-08-27
6d7d0be8-99c9-4f92-ade9-0af206f2d875,37,459.47,Retail,2023-10-10
37f3b642-5d76-456a-8d11-c3d20137b4ac,68,494.11,Dining,2023-04-30
743eaa97-b9ec-4835-a0bc-e4a977b0bfab,31,47.26,Entertainment,2023-06-30
b781602a-95ca-4025-bdcd-97f971471f71,92,499.17,Groceries,2023-04-22
765511f3-4524-4193-900b-77dd54a311f8,4,373.79,Utilities,2023-09-13
7f977c07-53d5-4129-a45e-dabe8e9c58af,13,1928.57,Travel,2023-03-10
d65b026d-9bfc-4f1d-8b05-40235d3b4f87,35,468.47,Utilities,2023-08-30
72d38db6-c662-4b9c-b449-9a79df2e2277,1,176.46,Entertainment,2023-07-08
be0b8d9f-9ed5-4bb7-8147-3faed7f67f09,68,1154.06,Travel,2023-08-13
00b1400c-be1c-4329-a162-e5dccdac2595,26,1314.04,Travel,2023-08-22
48cfd956-cbf7-4cdb-9177-d8e86199dd73,64,129.34,Dining,2023-08-07
7f304ebb-7193-40c8-beaa-3c9ea67847b3,50,241.73,Groceries,2023-03-28
54fcfdc7-860a-4f4f-999d-150f61ca0334,31,241.29,Dining,2023-06-25
a768b06c-0b28-4e79-81cc-fab2c62e394a,27,147.14,Utilities,2023-06-17
7333f268-8365-4b8f-aa27-870c7ee56a70,51,593.78,Travel,2023-01-18
e95f287d-ec39-4b14-bc54-1070ca5cdb29,96,250.4,Dining,2023-12-22
f043a077-af7e-45e5-8be7-af0714a2b257,23,173.3,Entertainment,2023-09-03
234553e7-d4b2-49f6-99cd-84b241903dda,51,1308.02,Travel,2023-10-26
b6043393-1338-4d1a-be6d-51f9b9169b26,29,8.24,Dining,2023-02-18
fd3a7bbe-c210-4b01-b6c8-73ca5286d4b7,96,234.63,Utilities,2023-10-14
7e6e5c1f-b776-470a-985c-aa109f3f4dea,40,250.14,Groceries,2023-07-20
16ba1581-3af3-4a76-936c-554e732060dd,53,262.84,Retail,2023-11-10
51c6fe26-8dc0-4177-8495-68e481ab6492,9,1692.15,Travel,2023-01-06
d88ad80d-5b67-407c-aced-456e654e9a14,3,298.23,Utilities,2023-07-12
cbb1bf28-a551-4804-8f99-dd814fb8517a,88,147.38,Groceries,2023-02-14
27fec074-2341-4b6f-9330-2723a7a6ebb3,77,366.5,Dining,2023-03-30
fb21ba9b-a95f-4b92-8ebd-7a82bc47dd00,51,116.29,Groceries,2023-03-18
f297632f-ec6e-44f8-a2de-92123cfb484e,98,22.57,Entertainment,2023-07-24
0ab1c7d1-347b-4135-b2af-f6b937cb6bc9,63,294.17,Entertainment,2023-01-01
08790177-9b01-4271-8345-29465f1a2d22,5,356.68,Entertainment,2023-11-28
4c64c390-0ba9-40cd-bc4d-c01376f1a153,14,87.45,Groceries,2023-03-29
0f8cfa52-56ba-4a54-9a29-6e83c4f31916,70,378.76,Retail,2023-12-30
0c3b7712-3264-4f8d-ac6f-d798ca34ae48,63,50.72,Groceries,2023-04-25
52b6cf85-701d-4fa0-88b1-54b4fb7772f1,4,29.48,Groceries,2023-11-27
535ad929-e82f-47b1-a769-b74fc0daab62,64,716.36,Travel,2023-08-29
8e12f050-88f2-4913-9331-62681fefa89b,34,7.63,Utilities,2023-07-31
71820ed1-9fce-455e-ab52-0ed3ecb35900,30,444.01,Groceries,2023-11-02
a26c8c2a-7459-4aed-a0e8-c75b5aa5a352,26,410.62,Entertainment,2023-08-13
9f8a69ed-8ecb-4ad1-8c74-518033b9f35f,14,453.12,Entertainment,2023-08-20
e078ccc1-44c6-4948-a102-94145a4765fa,66,369.5,Entertainment,2023-05-27
136f14db-e36a-42a8-a4b7-af5e2783896d,30,271.19,Dining,2023-07-05
ea28c70e-f7a4-4af0-8b20-a1b3550aa90e,10,417.85,Entertainment,2023-09-26
e7302b36-9b18-4d35-8c76-9f33c188acfc,43,341.99,Retail,2023-01-08
48e75655-473b-4a3b-88cf-4e1ccab29387,9,395.71,Utilities,2023-10-15
01095dd3-2d38-465d-bb63-2f6bc714d676,48,118.31,Dining,2023-10-22
fc1b59a6-431d-4558-a702-b1efebe118af,67,398.72,Dining,2023-10-13
b8eb7814-6388-4f27-a5d1-ae3cec277988,94,322.29,Utilities,2023-01-27
cc1ebe43-b4f4-440f-a145-f439ce8f07f8,21,281.37,Utilities,2023-08-20
ebaaf3b2-7aa8-438a-8bc7-00231a9a30e2,5,364.86,Retail,2023-10-31
ee0163b7-592f-4196-b5f9-0ab3a61fd122,61,540.46,Travel,2023-06-28
c5f4c3e2-9386-4472-b5f8-e52b19d88691,33,483.63,Retail,2023-08-21
ed1e20af-5ae1-4191-b1ce-0366480bd4ac,24,128.83,Dining,2023-02-25
1cfbd22d-68f1-4a58-87be-cfd7681d0aab,75,175.49,Utilities,2023-08-19
57a3aa75-8b17-43fc-9f35-2f09d42bc3b4,40,379.3,Dining,2023-01-10
8bdf2f76-4ee7-41ac-af3a-c27622a83ade,90,377.2,Retail,2023-05-24
f602276b-b98a-4501-a7a2-f96d6baca7f3,57,156.5,Travel,2023-07-23
6b197e39-6fd9-41e1-a003-2c4e21dc2b46,26,381.96,Entertainment,2023-03-23
5ae7a21f-56f4-4745-97b6-31869300e904,42,189.45,Dining,2023-10-22
3dbb42bc-5658-4303-aea6-ceb6b8187c77,29,232.0,Utilities,2023-11-19
f7968559-6633-4571-b1f8-14c92bd9d8a8,84,900.97,Travel,2023-01-30
5ce00a45-0cb7-48ee-8b12-d407b274e002,70,978.39,Travel,2023-06-24
7b759ddb-5030-4265-a098-1ee48234ce16,25,252.4,Entertainment,2023-12-19
7b9df7f7-5612-45a7-905a-5e2b9d30fca5,49,850.98,Travel,2023-08-10
49b369fc-e216-4d0f-a430-bb1ccbed06d9,70,966.88,Travel,2023-03-13
a8de8bb1-11a3-4d07-bf6d-7c5798c8e2a8,84,87.88,Utilities,2023-04-14
acf9b370-9abe-4e18-af61-6fd020896c30,66,1442.91,Travel,2023-10-16
be5b9222-4cac-42fa-a9a3-7b0ff0f78421,11,420.89,Dining,2023-01-31
e6e6f280-573c-46a4-83d9-b61b1836e06a,3,379.24,Groceries,2023-09-04
770d5c38-f668-48a9-8240-bdaf936e33b3,32,371.24,Utilities,2023-10-17
86bb2f75-6e85-4c56-8170-b6c12beafc29,20,197.09,Dining,2023-10-20
e50d5c9b-655f-43d2-8809-65f3fe1ff632,7,343.02,Dining,2023-12-02
f4f5a34a-6eec-42b2-aa92-856d5de2e441,45,527.73,Travel,2023-02-27
1d6d9f30-f468-4856-9346-6432c4245df6,38,140.42,Retail,2023-08-29
e07408fc-a484-4a42-a799-f58b8bf48449,28,167.57,Utilities,2023-02-19
9ab781dc-54c2-480b-8940-2cf63dc1c3aa,21,25.23,Groceries,2023-08-30
7248563b-efc9-4c6b-bc76-70acdbfc0a2d,16,155.52,Dining,2023-12-07
8a65bc40-6d29-498e-9fc6-f4a07aa49bc7,43,149.89,Dining,2023-02-16
95bd4c9b-bfa3-46fe-809f-356076dfc18c,89,371.44,Utilities,2023-01-15
73d7e3fb-a41e-433c-8be6-f6f691a04b47,61,330.02,Dining,2023-04-22
792b767b-3093-423f-8598-5b2a6e5ae088,64,75.07,Entertainment,2023-08-03
61b529dc-1007-4611-a685-4566c23eb284,81,11.74,Utilities,2023-11-17
4837550d-6f4b-4cfe-b168-0ad37ed070c1,64,16.98,Dining,2023-10-23
a32dda28-b594-4500-9a20-725eee9e32a2,57,386.79,Dining,2023-05-27
68fbd483-cb32-4f95-b5ca-0f12e2c609ba,14,469.26,Entertainment,2023-06-08
152973d7-3da0-419d-9341-4664e344e264,13,374.9,Utilities,2023-12-07
631749df-b7a5-4b5a-9d44-ba3e95361557,49,318.77,Entertainment,2023-01-30
d7d6a1bf-7acc-4ccd-8271-2cabdb64ba7a,55,494.28,Groceries,2023-05-12
662e26cd-709e-4a24-8c42-a5f5beb7cf83,30,460.97,Groceries,2023-02-27
2a530139-fc70-4c5f-989b-884749dcf2da,90,415.06,Groceries,2023-01-28
39c0d28d-54e0-4682-b6bc-1e5a378c8167,71,283.64,Travel,2023-02-22
ff6692cc-46a4-4608-9166-7c74ad407340,2,148.35,Entertainment,2023-02-21
0ba6b12d-aea5-49c7-a54a-193939ea9b4c,59,218.44,Groceries,2023-01-28
cc166ba1-a13e-4592-988a-321cc2ae64bb,48,148.46,Entertainment,2023-09-03
1fefeb33-d97a-4891-b3b8-7dff52ca47f2,25,325.48,Utilities,2023-12-25
b7dbcff6-5891-4eee-8fec-312522622df0,99,1903.06,Travel,2023-06-19
f6f14005-fcdd-47a0-8d15-76ade46a2e87,57,1715.99,Travel,2023-05-29
c57cf1f1-cff8-4cc8-ae11-0b2866707a34,14,166.59,Utilities,2023-09-18
d98d1051-e417-4ce3-a27c-b53032330c60,81,338.31,Utilities,2023-01-19
94f05986-fded-4bf5-b3bc-e793bc870558,83,346.71,Travel,2023-09-01
51ce53a6-805c-49c1-92c0-10be50190e07,29,330.97,Groceries,2023-06-25
405eb9f4-4c70-4d90-90df-0071f2fa9570,57,21.13,Dining,2023-11-25
50cf3c3c-59b3-44ee-b5cc-ddf691d4be75,66,360.95,Groceries,2023-01-04
b3a219b1-745a-494d-aa26-b2831f45a1d1,46,321.17,Travel,2023-10-19
acd8cf09-3b32-423d-8961-987b05ca2123,18,117.89,Retail,2023-05-07
a31f926a-4395-4716-8979-7960fdb32217,50,244.01,Groceries,2023-12-10
dd2e459d-b1e8-4cc8-a604-9a854ca2eb29,38,424.73,Dining,2023-08-04
8e2441e7-dcfc-440a-98a5-d45c69809696,16,439.08,Entertainment,2023-03-22
0c05f18b-c4e9-4fcc-a4b2-fd5e0ba4874f,35,447.18,Travel,2023-10-04
58a8368d-e2c0-448f-8383-206e3676c71b,81,236.55,Utilities,2023-03-22
be5717ce-2584-4f3b-b7d3-fbbaf831a21d,79,312.89,Entertainment,2023-12-02
e99fd54e-87ba-4235-aa66-ff43705b4ff4,11,23.76,Dining,2023-02-20
cda9a45b-8d00-47d8-a1e7-dc42eb3ec165,19,497.51,Dining,2023-09-02
b5b4fd34-7b93-42f1-b7f8-6b440b7a4a5b,5,454.89,Retail,2023-07-28
c6b5c1e9-f3b6-4ffa-81b3-9696aacbf9ad,92,250.38,Retail,2023-06-20
0332a253-483f-4914-99bd-91f69da49432,94,337.97,Utilities,2023-04-07
624a53ae-7ab7-421c-b50e-de2b7e4e5acf,62,6.18,Groceries,2023-10-17
e230f674-3d86-4e94-a455-814fa5d06ca5,38,339.55,Entertainment,2023-12-18
cd9d8584-455b-43e8-be29-45a32d8759b6,53,293.3,Utilities,2023-12-09
a8c565a1-ddd6-4acc-8257-fc3e36b08506,8,232.98,Dining,2023-01-21
519a76ed-1dc5-4998-9a07-f21de0c5290c,90,321.79,Dining,2023-04-22
89e3579c-d971-4338-8810-8243a421f1d9,55,682.09,Travel,2023-11-27
d388697f-9cc9-4920-9a1d-fe866d98f8d7,33,67.72,Groceries,2023-01-29
c78be07f-68b7-4bd3-b748-5a7022215252,15,499.53,Groceries,2023-05-28
22dabb2f-87de-41ea-9a74-abe33452907f,91,380.32,Utilities,2023-04-23
719387c0-781c-4a9a-9694-30164c79821a,98,262.78,Utilities,2023-05-12
4f5017ff-3ee5-440a-a3c1-d71e394fd6a6,78,819.6,Travel,2023-05-26
0d123d01-9623-416e-a3a5-52b720c67fa2,80,245.95,Groceries,2023-04-01
7d0c581e-a6fb-4470-b67b-4556b4a8f3f7,65,339.41,Travel,2023-03-09
70e79c3b-6ff5-49c5-a07b-9c2ab16df989,55,1783.16,Travel,2023-05-08
de5d885c-1345-4b2f-bb61-a37870cc954d,84,122.87,Entertainment,2023-11-05
6c82d9d4-3497-4475-82cd-5d3702275633,74,338.58,Retail,2023-07-24
5492031a-d5b4-4ee5-910b-972cb24495a7,76,125.64,Entertainment,2023-10-17
553db100-b113-474f-bc60-0b8d05be6d0c,57,431.36,Entertainment,2023-06-29
2d40bf56-8775-411c-bc90-c55bf23134d3,47,252.02,Entertainment,2023-07-05
7ed0e56d-6540-469f-bf66-febc50254f2a,69,328.71,Dining,2023-03-31
d58e5daa-0f30-4ecf-8017-e815015d309e,25,64.17,Dining,2023-09-30
84436b27-101d-4ce6-abf3-f85f05a8268e,78,419.73,Dining,2023-08-06
4cd305ed-99e1-447a-af9c-ab5ae745a828,57,1730.34,Travel,2023-12-13
3768acea-e3df-4613-a335-93997cb9584b,26,101.84,Utilities,2023-01-06
8fd54c9f-31cf-4188-bcbd-e98cc7a3de54,71,30.15,Dining,2023-08-28
ba7b0227-74ee-445e-b634-6cda7491be16,51,488.15,Travel,2023-10-07
68a124c5-990c-448a-b1fd-54713034e2d2,31,122.46,Groceries,2023-07-27
f0f58d61-97b9-4e68-ace2-5d42021c0663,13,352.48,Groceries,2023-02-08
3c74bb48-40c0-437e-b803-45b79e4c0e23,25,482.62,Retail,2023-12-05
d0cb9876-455d-43df-b0de-3643dab0c90e,94,173.38,Dining,2023-12-23
9be2526c-3dc0-4a5b-8dd5-43b349817d46,84,357.59,Utilities,2023-12-28
2e790451-26ad-4764-bf61-a0c5578c9253,51,450.54,Retail,2023-08-06
8f09dab5-8419-4d2a-8f97-b715ad18183d,55,359.6,Entertainment,2023-04-30
c3be6548-59b4-49a7-bf62-42fd04b87367,10,244.22,Entertainment,2023-02-15
2fd3a719-c80c-4634-9ddc-7b2db989717a,2,145.16,Groceries,2023-09-20
4b9ae792-aa4d-42b2-b25d-00089deece84,50,25.4,Utilities,2023-10-06
33bcacf6-eea0-4f78-ad0c-2b44be0160ab,96,262.78,Dining,2023-02-12
088fe1ff-1ea5-4250-993b-2e2eac6c3e0b,70,180.32,Groceries,2023-06-25
398aa38c-dca9-4e64-a21a-0170102b0097,39,387.72,Travel,2023-10-19
cc7f21d8-9f27-4fd8-a338-5d08868fbcf9,5,1632.09,Travel,2023-01-28
37f86b34-09cd-48b7-a53b-6b51af83cac4,65,458.3,Retail,2023-07-25
07be37a8-b2d7-446d-a654-309d938ec07e,94,394.38,Dining,2023-07-29
49f26173-cdac-4b5e-84e5-8d029bc6769b,80,91.73,Groceries,2023-12-12
8637998c-acbc-448a-983d-6548973084fc,3,249.62,Retail,2023-09-07
9e633c0d-4808-47e1-8e90-8fcea034353c,9,200.45,Dining,2023-05-20
e1b70196-ed67-4c8c-8107-faab33ce95e2,20,472.73,Groceries,2023-01-18
17396c1a-9a8b-40d1-826b-96c6bcf32bce,71,481.79,Retail,2023-11-05
2d162110-ec8a-43bf-a24c-9efa1cf9b6e7,84,192.27,Travel,2023-01-28
487e048b-8036-43f6-846d-71dd61a7c6a1,77,458.46,Dining,2023-12-01
11d8da78-0ed7-4a87-be63-4bac2045875e,37,451.67,Entertainment,2023-06-04
9a81a708-98a9-4dcc-b870-3a0bde3df1da,62,478.45,Travel,2023-09-06
c031a6b6-e17b-45b1-821d-4c7aaa7dc369,90,270.81,Groceries,2023-11-08
7e5f768b-2852-4120-b18d-7a7d349efb47,80,212.54,Utilities,2023-07-18
4fdee674-ca6d-4ca2-91d1-1c516bd418e4,26,392.02,Dining,2023-11-02
ea0197c9-d1b1-4ff6-95b7-6d7bc04879d3,14,492.95,Groceries,2023-03-25
0cb13d28-0884-48d9-970e-cf28b1bd27df,61,391.89,Retail,2023-11-15
ac3ac2bf-6a54-4e14-afcd-074324bb41c6,41,209.65,Utilities,2023-07-22
64c71f18-88e2-4315-9217-aa641c486f0b,90,14.66,Dining,2023-05-29
486deee3-0e7b-4716-a191-a9ad6134df4a,50,411.53,Utilities,2023-06-15
14576019-3675-446e-9733-5dd9ee6c6820,95,168.16,Retail,2023-03-09
a130300d-bdab-4ca5-a98f-b1f349640919,6,322.45,Utilities,2023-03-30
980cc007-cfcb-48e1-9e6d-570ad4173727,15,18.17,Groceries,2023-09-20
018877b3-2f89-4b72-a403-a9412b118dbb,61,393.91,Groceries,2023-08-08
9821d1f3-cbd9-4b04-8948-9fcc6cb600a0,8,93.72,Retail,2023-12-17
bf8423e8-b66a-41e2-bd92-e2320c915a10,96,44.47,Entertainment,2023-03-13
7e147b1e-707f-45ac-b2bc-9b5554a459f9,67,74.23,Groceries,2023-06-01
f35f1ce4-3e34-41e0-8c81-bee63bbeaa3e,92,32.28,Retail,2023-12-07
1fa852eb-b441-4a4c-a88e-62acf59baab3,45,98.09,Dining,2023-12-10
9fea5b46-226a-4eff-b1e5-4daa5fd741ec,38,399.0,Utilities,2023-08-30
da4d231c-e5f9-4720-a724-dc70df258f6e,98,1096.73,Travel,2023-05-23
f06bb2ca-846c-4e68-a693-7715c36bcba2,46,362.35,Utilities,2023-05-22
b877eb68-68aa-4da0-8abc-7dfea92307e2,3,16.67,Utilities,2023-07-28
c281e8ea-84cd-42ba-a790-ac02ef4d94b4,63,377.4,Entertainment,2023-06-23
6bff8bbb-842b-4be1-8cbf-847d76a83128,61,407.3,Dining,2023-12-11
3e343211-4280-4248-b3e2-6ec1a2bf623b,94,119.77,Groceries,2023-02-03
9ed5b03b-14fe-450b-ab9c-1e11c40a5dee,26,436.89,Retail,2023-01-08
e3d27399-452a-4536-8d13-e3c312b8214b,95,334.51,Travel,2023-05-30
91c9e10c-71c8-4f43-be65-518d28275d96,18,179.95,Utilities,2023-05-16
cda34b20-a1b8-43fc-bfa0-546e61e845ad,41,1953.87,Travel,2023-11-06
272ba7b3-03df-413c-b4cd-9890ea85a516,22,107.95,Dining,2023-10-27
b1030bc4-9922-4460-b43e-c3a50e872cf5,36,581.56,Travel,2023-11-23
0e7c96cf-75f8-48db-8cf9-4b8f75c4f07a,36,282.5,Entertainment,2023-06-12
f7aab695-9597-4484-a8f7-5e338d5b0c7f,18,279.72,Retail,2023-06-19
029ce033-4942-4389-8881-e52ede151c3a,76,1397.32,Travel,2023-06-07
2eee6799-6bff-4f7f-9c9a-d5346b4f3fc8,15,484.85,Entertainment,2023-06-05
899ed7ff-a8ca-4307-b3ac-690b8646d7f7,44,94.35,Groceries,2023-06-06
c4c82552-0652-4814-bc36-72d7485da541,32,93.92,Entertainment,2023-12-05
f7910928-2cee-4886-8ecd-6024d1ea7108,81,117.12,Entertainment,2023-02-02
eea277cb-5f56-44d7-b7cb-8d7a8122c4f2,83,160.09,Entertainment,2023-10-10
fae530a8-0739-4cf2-a89a-5eb9a9e1ed1c,78,282.5,Dining,2023-07-08
314b8c1f-e3dd-4e0a-b75a-97e6f49a5cfa,29,136.33,Entertainment,2023-04-11
cc75b745-01d1-44d4-a156-dad1893d0b1e,83,110.87,Retail,2023-11-30
8a4f55d2-50f3-4518-b005-94930a1f9342,37,344.83,Entertainment,2023-04-11
3829139b-119b-4188-b7ff-d09d2854eb1a,96,1865.83,Travel,2023-02-17
19a283df-9fe0-4cf1-998b-7a3aa635b4d2,100,393.29,Entertainment,2023-03-23
e843ffe9-b87e-4317-9066-ae5ea7cd07fa,28,22.1,Entertainment,2023-10-01
95d746c9-c9f5-463f-ae02-35b5f2d9d4e4,97,355.18,Utilities,2023-03-18
0b2d929d-bf1c-4235-8df0-db5b6d397696,10,49.96,Entertainment,2023-06-11
ac573444-e510-4fc8-a929-df9b16957bbf,88,493.14,Groceries,2023-07-08
e095aa67-5c5a-40be-9528-958c932ca06e,30,208.84,Utilities,2023-03-31
c0392bf6-4fe9-4b80-90bc-130d3c204528,29,378.12,Groceries,2023-06-19
b948e8b2-e963-476f-af95-aeb5a6a34076,30,1036.84,Travel,2023-07-16
9db86969-675e-4c25-b4d2-37bb10c6654a,99,161.82,Utilities,2023-11-12
15088b85-42b6-4e7c-aef0-6af5f219a93e,9,1316.83,Travel,2023-06-17
c0c529a0-9003-47dc-a7a8-17c62104d822,72,269.01,Utilities,2023-07-18
b0833a52-5f09-4e55-a648-62c5c1462795,24,450.6,Dining,2023-10-19
ef359f0e-7a47-4951-81cf-6e630d28f2b7,90,256.25,Groceries,2023-11-30
86214e40-49e6-4058-b39c-fc39f5200052,54,307.99,Retail,2023-08-08
15caec73-55fc-4bbf-a38e-05087028adc2,5,449.24,Groceries,2023-12-13
33356fea-cea7-4114-89ae-0d30650347cc,46,335.92,Entertainment,2023-06-22
d91e735c-0c48-45ee-af2a-12d7190fe308,8,336.59,Groceries,2023-01-25
e43c400a-ae7b-47fc-817f-9284c040b19b,31,127.0,Retail,2023-03-16
25f8e34d-ae7a-498c-b937-da6612342dcd,44,1174.51,Travel,2023-09-10
95db61d3-57c9-4e00-8e94-75515b975173,81,248.35,Dining,2023-12-11
7620f205-3ee1-4479-b190-249774bb5d5d,34,166.96,Groceries,2023-07-14
53c9f194-51eb-4339-b038-317909ca2726,89,81.28,Utilities,2023-06-02
ac1b7622-8659-4489-bc39-40a3e6938057,70,441.23,Entertainment,2023-05-31
355a3b05-cf66-4ed8-97f5-f891867ea7d4,100,144.34,Entertainment,2023-03-25
5b999379-f533-4333-af50-0ed45e0babb6,33,316.72,Entertainment,2023-10-27
1b38b08e-90d2-415e-8b84-ae7fc7201588,10,381.98,Groceries,2023-12-18
be337994-1588-485b-a616-cd0e7801b837,29,163.52,Utilities,2023-10-05
2a7baf0f-361e-43c7-8768-706b42b4b05f,3,424.41,Entertainment,2023-11-14
c6bc2b33-f091-4bb2-9e0f-97d7debe1a9b,59,49.38,Entertainment,2023-05-22
09d8e0f7-d5af-4e1a-9ccc-43f437c1c63c,4,211.97,Travel,2023-04-11
eb96a38c-465f-4ad0-a3f0-17e5a4be342a,56,355.88,Entertainment,2023-12-19
bf935927-60ae-45ba-be55-a880f7d783c4,64,82.29,Groceries,2023-08-29
b3aef1b2-7715-4a08-a823-1973bbad9a6f,11,35.43,Groceries,2023-10-21
b9350cf8-101a-4c55-a472-cd0e3de59cab,78,201.22,Entertainment,2023-01-29
67d03d60-fff5-4127-8a9a-29364259afa8,65,485.09,Entertainment,2023-05-03
539b8e32-ed08-4b89-ad2b-9e338e5cffd4,11,1824.17,Travel,2023-08-22
6b9e3382-b31a-4d6f-95c9-85c76c9c513c,71,147.05,Entertainment,2023-01-05
59030af5-33d4-4a2c-9a72-e3a13367c21c,31,83.08,Retail,2023-01-06
dfd1b9bd-bb90-46df-900c-e5cd9e0d84b1,10,495.29,Entertainment,2023-12-30
c8bd2b8d-06b5-4548-abb2-b99b739b52f8,64,426.49,Utilities,2023-03-12
74cfe20e-83a7-4522-8f7c-01c097f30057,74,494.31,Utilities,2023-05-06
d2c827c2-542d-4dd6-8785-0d3ad5e4b300,26,167.44,Utilities,2023-03-03
f98cf97a-732b-493c-8ca2-7896fa9cb886,19,132.39,Utilities,2023-03-09
e1bf74c1-069d-46ef-9ae6-2f683ad739cf,53,352.33,Utilities,2023-02-20
ee4e735b-174d-47bf-a4e2-61652a93585b,20,371.36,Retail,2023-03-30
e9e4ba83-88b8-416e-abd9-022b9a3dc4c2,62,1745.31,Travel,2023-12-09
3473cfe3-7732-4a57-beba-89e5a75aef14,39,150.72,Dining,2023-06-14
d2381bc1-8a41-473f-bd55-314c27c18d00,11,219.5,Utilities,2023-01-19
234df344-ce7f-4dbf-8ec5-e22895e67f67,31,441.66,Retail,2023-12-20
ab9e3f49-6dd4-4127-a391-4e4b46fedec0,30,159.48,Utilities,2023-05-03
9714c945-7856-4947-b9e3-84ceb0870ee7,90,377.3,Retail,2023-01-14
f0679f11-8bbe-4bec-bf9e-b3c8eecd96dc,13,123.07,Retail,2023-03-22
7cf2e99f-bec7-4c56-b766-12ffebf74c0c,12,904.47,Travel,2023-07-06
78172bb3-2070-4cd7-b4e9-bb4d47b042d0,22,119.36,Travel,2023-07-29
f2a90ed9-9bb1-4935-9b28-ea0a01a5336a,1,221.57,Entertainment,2023-12-10
340d8008-7154-4fed-8427-b227920264dd,35,64.24,Retail,2023-11-30
19c18189-e0e6-4c18-898d-6b93db6caf44,94,173.23,Groceries,2023-02-12
14fcf8d3-8dd0-490d-b319-33e53d490a62,40,271.38,Dining,2023-07-30
9d9d51af-b763-4ecf-88ae-da64b51be20e,26,108.77,Groceries,2023-07-27
76dba6a6-f6f2-454a-9052-c08307cfd33d,32,361.32,Groceries,2023-06-14
d35bc73d-c486-4e31-ae35-8dbb40e518f8,74,762.0,Travel,2023-05-27
7c05cc5f-6ed9-44be-8689-24758fce3869,6,629.78,Travel,2023-07-29
0703a987-a7cf-4aa0-b810-c7ef7a0f2237,1,396.56,Utilities,2023-05-27
eef6a791-e786-41cb-9c2a-cf5e15526dfa,20,320.4,Retail,2023-04-29
760e282c-3b00-445f-aa7d-123a7bcf10e3,80,11.47,Utilities,2023-02-02
1436a0c6-34db-4806-b5c2-d6bcfa774bbd,70,56.42,Utilities,2023-08-03
eb342d70-de59-4f91-b81d-de4e1dd1a262,49,318.71,Dining,2023-02-14
1779dfda-a088-4b9e-96f1-90491cdc2c05,52,65.36,Dining,2023-08-27
55ac03cc-7d86-491e-adf2-0c68739ac93d,99,130.43,Utilities,2023-10-25
8dba6b31-6e1f-417a-95da-1da7d6732909,66,401.82,Dining,2023-09-17
65e52343-17f2-4790-ad0b-14c8e9b4e4c9,78,76.52,Retail,2023-12-03
efb46ef7-1af9-4712-a24c-d5719415eeed,90,182.67,Utilities,2023-09-19
948b1e3a-7a96-47c7-ae5e-14912dce1f2a,55,171.45,Groceries,2023-04-26
58093dad-1a0d-4728-9b42-66a7f7673c23,59,374.92,Utilities,2023-04-17
80692e55-5aee-4ca0-a6e0-fe74e088ecd9,1,472.07,Dining,2023-04-30
d3794f79-3310-4c6d-82a5-327508fab56e,98,148.8,Retail,2023-07-16
deb5e4dc-812c-48c3-862e-0d48c2d4eb1e,62,479.67,Entertainment,2023-09-29
7bf25446-e3b9-441e-8e49-dd4d3ea6ad2f,62,153.2,Groceries,2023-12-13
da54530e-324e-4d89-a1d0-01a0afed799e,61,252.65,Groceries,2023-01-30
52edc9b0-3164-4167-aecb-3de0ae6c003b,3,50.31,Retail,2023-10-11
9e2097d4-1838-48b6-84d9-cc476b5c13b1,47,120.54,Retail,2023-11-23
cdec471e-3395-4793-b216-a6a3ed5b22ae,75,28.03,Dining,2023-01-06
ab9c7745-b040-49de-972b-49876f056d8b,71,204.64,Travel,2023-10-09
fc9b8cdc-c406-47cf-b25e-9dd416dc6061,24,129.16,Utilities,2023-10-18
6beb2bed-20ad-4484-8876-10effa66eb6a,42,388.1,Groceries,2023-07-02
e4ef79fb-fb63-4a17-9118-34b1e2887d3f,38,193.35,Dining,2023-10-22
7909430b-d482-4c05-a235-1f6e1134f10d,10,470.69,Entertainment,2023-04-25
8380bb9c-481a-4a9e-b389-054a238b3147,25,208.77,Retail,2023-05-09
9d9aeed1-04ff-4f68-8b00-9668c2543ae3,64,265.83,Dining,2023-01-20
b09febc1-9e8c-46e2-b84c-f9c91074040f,85,571.25,Travel,2023-07-29
772cdbf5-1026-4a49-8205-ab56c717ed5d,14,137.3,Dining,2023-03-10
870cb2e3-961c-4836-93df-7fab5d218b55,71,103.02,Entertainment,2023-11-03
17077665-5ad4-43ab-ab53-1bf9166b5b22,74,1097.09,Travel,2023-05-14
23138405-c2d0-4e50-920f-d7e83bf95075,58,1994.93,Travel,2023-05-24
cbe20eb5-5571-41ef-a5e6-e0b897c21017,11,422.82,Retail,2023-11-22
855837f9-6625-4e20-b9e4-9555f6d99cc0,87,385.11,Utilities,2023-11-28
153178ca-8ae5-4a39-8e7c-ce43597df9f1,62,187.35,Retail,2023-04-21
fbfa935b-4158-4357-a370-906f5aa71126,69,1224.58,Travel,2023-12-22
fc98f737-57dd-40ba-8fac-4f4923906510,82,244.96,Groceries,2023-08-25
5bca5eb0-a35c-482f-b727-a18abb76e387,37,183.9,Dining,2023-03-27
0c2c6702-bf95-4cd5-9315-f363fcbe4491,31,220.82,Utilities,2023-06-21
4cf4bc6b-e137-4717-96d6-3af96355ad84,37,326.59,Groceries,2023-08-21
2a387704-6ecd-4875-83e5-6005567aeab0,10,176.1,Retail,2023-09-13
ca7b249b-3f4f-4c04-8334-88002f4600a9,36,42.31,Groceries,2023-05-14
f0623d8c-0093-4152-a763-91c5d0585b02,67,1753.79,Travel,2023-08-04
1a52059d-efaf-44db-a449-a6e532239b28,90,132.88,Utilities,2023-09-15
44f0f1a2-3014-4113-afe5-094c1ea86ffd,91,468.25,Retail,2023-06-24
c4346500-e851-4879-9e69-c516cfdf8893,81,232.72,Groceries,2023-01-24
18e7bbf3-f960-4a14-a7e3-cd8ec5f45d9d,51,319.31,Utilities,2023-11-18
bc6268d7-aba9-4982-9655-271f02fc0714,53,323.62,Utilities,2023-10-27
7ac17bca-730d-4970-8396-37058ccc5faa,51,406.69,Groceries,2023-12-03
dde5ace5-7c2a-43af-9464-1cc00654b918,46,144.12,Groceries,2023-03-07
3220ec04-9744-413c-9ce2-6eb3092fe7fa,25,179.8,Retail,2023-03-04
b37a58b0-2284-41ce-bb82-d34b65292e56,95,468.13,Entertainment,2023-07-21
cee44c97-ec9e-49ae-9bcd-5d45fe785966,49,420.75,Utilities,2023-05-01
a22847d4-62ae-4154-8367-5aa9bfe43840,67,303.07,Retail,2023-09-20
45f20df3-6d3a-49f0-af62-238176de3d0c,93,336.4,Dining,2023-11-30
c246bec8-2fb3-49c2-90fb-a972312e8079,23,400.42,Entertainment,2023-01-25
fab93955-7c14-4c5e-82c3-93a2b3e05d19,27,124.67,Dining,2023-01-10
58665396-f494-4c46-b772-f599fbea693e,82,349.82,Entertainment,2023-07-01
f0a8b0e9-bbae-41d7-9cc0-97344abfb30e,18,140.84,Entertainment,2023-07-17
23343e95-45af-42cd-95bc-7ef8b35ac11f,57,24.55,Retail,2023-07-13
fb734ecc-188f-4a2c-9760-c5370fcf5a87,89,485.87,Utilities,2023-04-18
d47ea900-3a1b-4ac8-ba20-0bd65722d5bb,2,332.31,Groceries,2023-11-17
2eaa5a86-d140-4930-80e8-a23e35be59bf,9,212.78,Entertainment,2023-06-21
6eef2233-fc08-4da8-8097-75755130ec66,30,90.03,Retail,2023-03-13
faa65187-d6c4-423e-b6a3-13e5c85adb43,76,814.76,Travel,2023-09-08
10eb028e-33b1-4aac-a775-9453183324ab,51,405.03,Entertainment,2023-04-19
335d5a15-bf47-4cc9-8b31-4c664ada146f,16,429.6,Dining,2023-07-27
57a4e5a8-10e6-474b-a2fc-1a43bba3b5cf,33,69.14,Utilities,2023-02-23
fdac93da-4d71-4fa6-8a77-d2e4caf7cba5,38,91.47,Entertainment,2023-07-19
49687e57-64b0-4122-ab30-fa3c62e3264c,88,434.22,Utilities,2023-08-09
a6bdbecf-99d3-4b73-a152-4922d5f305fa,86,835.39,Travel,2023-11-16
557abe17-5dd2-4ba1-8006-3429c3c6cdda,75,96.54,Groceries,2023-05-18
61ce44d6-6505-46aa-864f-55cd9167e54a,86,432.48,Retail,2023-05-27
75caebab-c676-483e-84f1-8e7436ba29fc,31,496.47,Dining,2023-11-26
a7c273fc-8ecb-47a1-a097-f65458d2066d,50,411.81,Entertainment,2023-05-12
ea19a82d-4a43-44f2-9cd6-4bc1371a1a36,81,295.68,Retail,2023-10-27
9f93afaa-185a-4faa-a9ca-abaeab2e76d7,27,379.02,Retail,2023-07-11
bce0f688-47ff-4c4e-ac71-cb58b2aeca00,14,565.31,Travel,2023-03-22
52fb714f-932d-446e-91be-844b088a7c33,82,21.61,Retail,2023-02-28
7a2f5ec9-500e-4916-8a3e-63b9044c7f1f,55,24.99,Retail,2023-09-22
8d28c8f7-20aa-4e23-ae08-b5e799c51795,91,282.72,Entertainment,2023-08-25
2b2f1724-8aa4-47b4-bdd0-79e00a1fa463,99,471.48,Entertainment,2023-02-03
b95fbfac-4c5e-49d8-bdc5-24a9add2db4c,76,491.35,Retail,2023-10-03
e77302f8-ff69-44ee-a72c-7b51272c6042,91,116.57,Utilities,2023-05-16
1af63361-a3b4-4736-a00f-dc964ada9893,96,411.27,Entertainment,2023-06-12
256e9feb-bf01-4b79-8d33-3533a706a5a7,100,1928.98,Travel,2023-02-26
9f7c1c37-aa68-413e-b333-0489e7b174ba,22,361.47,Retail,2023-11-16
c39aca96-69a0-4e0d-9ad9-0a10d0b3149a,56,815.83,Travel,2023-09-19
87241ab5-5a92-4e78-9ce1-3022e202e2c1,25,250.07,Groceries,2023-08-19
9747d90e-f38b-487e-b5d0-f837d66703a3,56,266.83,Retail,2023-04-05
b59c9158-2e50-4011-bdd6-b8c5d527ea71,3,333.83,Retail,2023-03-24
4f05f42e-efd2-4059-859f-55e79d98a90a,32,375.11,Entertainment,2023-08-16
ddd73a24-6c5d-4cb5-8055-e7e263cf0af2,78,284.77,Retail,2023-11-04
bb70ec59-dfa6-4d74-a894-9ce4f197a868,21,380.93,Groceries,2023-02-18
3d17d000-8267-4551-899d-c370cb338d48,68,159.51,Retail,2023-01-17
1f854181-0091-44af-b45f-5de5284aac4c,9,371.51,Groceries,2023-01-15
457119e4-28be-4043-8482-988a34636779,88,1760.38,Travel,2023-02-26
53949a4c-9cd5-48f1-972b-f94e46b1f9a0,82,488.92,Dining,2023-05-21
51281725-c558-412c-ace9-39ed0cbffcc8,52,533.6,Travel,2023-04-17
e3e91878-23ab-4c92-83e3-aff59f976754,26,120.12,Utilities,2023-01-15
74a2e997-f86f-49cb-9266-01bf2ae084b5,27,111.72,Retail,2023-09-10
6a62a969-7253-4a35-a39b-85c5def5af1e,26,688.3,Travel,2023-08-17
856e811c-e985-4f47-98e3-5157056569fc,81,499.97,Utilities,2023-03-11
dd289784-1917-42f2-9ce0-5b01c0b1b9ea,76,382.56,Utilities,2023-04-26
4211e5dc-4405-44b3-bc23-d242e3afbf72,48,289.33,Dining,2023-08-08
26742c09-d5b7-4755-8580-bf2fff163df6,25,149.97,Dining,2023-01-05
bd38f97e-6376-4827-ae0e-414e8e648417,27,668.62,Travel,2023-08-01
a1aceca2-4442-41a0-9a1c-2ba16026edeb,33,138.03,Groceries,2023-12-11
47a4e985-b59f-4420-a6ec-339f988aba77,65,164.86,Dining,2023-04-15
d306cd23-a1a4-4c01-ba34-5fbe299a301d,80,33.97,Retail,2023-05-22
66ed903f-c3a7-4b89-a3fd-0c826040bd54,32,329.39,Groceries,2023-07-19
322b450c-6648-4642-b39a-711a69ac312a,21,110.22,Retail,2023-10-21
b1d3585a-5757-4eca-8aa4-7031eadbb017,63,167.19,Utilities,2023-05-05
7965de20-4878-43ab-a043-850e95f4a252,39,470.6,Entertainment,2023-10-09
c5e4c0ef-de46-426c-93ae-75fe5321bca8,4,399.9,Utilities,2023-02-22
fc7f5fa0-f7a0-4382-b9fa-7a4e0eb28efa,32,249.4,Travel,2023-04-08
2f3d8271-16b4-414a-94d5-6d3f9cbb7c0e,21,149.87,Retail,2023-08-26
f9f79d35-dd7c-40c8-b166-a2fa7393d7fc,20,457.23,Dining,2023-04-28
d94a05c9-efe2-4e67-beac-253ae6c1915c,75,331.31,Entertainment,2023-10-21
e6f4e3ca-ccdd-42c9-8dae-173fc0439dd3,44,1143.85,Travel,2023-09-29
46320a83-2292-46f2-b3d6-5690c7d6f643,98,19.06,Entertainment,2023-07-01
f5021d18-e9c1-4384-b299-dca59fb3a2fa,97,345.2,Utilities,2023-03-04
1fcbffd6-9d59-4e8e-8a8b-a10014e7a191,56,87.95,Utilities,2023-03-28
4785767c-f62a-48ea-9811-41a9e28a97ef,64,402.57,Dining,2023-06-27
218b0423-5211-4974-967a-bcd7192e4df5,69,56.02,Dining,2023-05-31
af75bdd0-6a0a-446f-bfeb-4169ffbef313,46,184.2,Utilities,2023-01-22
1970bc45-22a6-4b09-b704-f6c2af8ed4cb,86,107.64,Utilities,2023-11-29
c021bf62-392a-4a4f-ac14-66dfb14c5707,91,448.45,Dining,2023-04-16
75c70ca1-88a0-48bd-84dd-3de89c183ce3,47,844.91,Travel,2023-01-15
b240a84b-4957-4cfc-8140-86e63abf3d50,55,77.89,Entertainment,2023-08-01
97dcd623-966c-454b-97d6-4e4579d4215a,1,303.92,Entertainment,2023-09-08
932becce-57aa-464a-8a22-656e20e13afd,23,250.4,Utilities,2023-02-16
3cccf95b-33ea-46e1-b3ff-bb454c32df92,25,178.63,Entertainment,2023-05-13
5b814dee-e087-4ce4-b238-c7e9d9faad54,76,152.27,Utilities,2023-04-04
3cedbe96-069f-47aa-bbd7-19d0cf036427,68,468.42,Dining,2023-09-02
17099c25-0f39-45f0-af1d-dc29b992ea7c,27,356.21,Entertainment,2023-08-28
a920bae5-e832-4533-8975-6a1cf92b55d9,36,286.9,Groceries,2023-04-28
eacd7cd9-92ff-46d4-8f30-7201a8ff76e3,42,456.53,Retail,2023-02-24
b1cbef1a-e6ab-4b66-af5d-91360ef75c9b,44,466.96,Dining,2023-12-17
d601c9b6-be08-4185-a3ba-d1f9c7396639,54,1574.31,Travel,2023-03-06
c9c773aa-d3c0-4c5e-9d3f-6a06e99b5a9f,82,198.22,Utilities,2023-11-29
306c0879-686e-4a67-8c60-6aff056cf7ef,15,203.72,Retail,2023-08-22
b9425860-e7ad-4e38-a337-3c34f7d10af2,47,461.16,Groceries,2023-10-17
9e60b22c-298b-4fc6-9b60-1ee0a2fbdd6d,93,1759.77,Travel,2023-06-08
b5aafe61-c1bf-47bb-8e7a-c5cea3fa3224,5,1362.96,Travel,2023-10-26
8cd9d6a4-9fc1-4117-9088-03bf00340ab8,79,119.48,Entertainment,2023-01-08
72c6034b-d79d-4661-a83c-2d8ade313af7,11,197.79,Groceries,2023-06-19
f1527a77-b183-432e-ae80-4a47a64b4808,78,171.83,Retail,2023-10-01
3b04fb68-925c-4d44-83dc-dffb3a9c394e,93,312.71,Retail,2023-07-16
9ea7b042-f503-431c-80bd-4ffcef305b7a,81,102.43,Travel,2023-09-25
73532f35-7e8a-4324-ba0c-c38edc1a765a,43,1355.03,Travel,2023-12-19
648e05dd-f9d6-44af-b3fa-24afdbfac418,73,77.58,Retail,2023-05-08
66f37657-d46a-4ce9-bd72-7643d0b99178,41,454.16,Dining,2023-02-13
7cb9591c-23ac-4674-b231-e593a74b668a,34,120.66,Groceries,2023-08-21
31841daa-d613-4775-ab5a-1741b4925ed5,65,193.5,Groceries,2023-02-21
76f28533-1149-4082-8be5-23f1903ef599,71,405.44,Dining,2023-02-07
74e791b5-099f-48ca-afb6-b2483ae7e001,66,281.64,Retail,2023-06-20
39b4f9de-00bd-4e26-9b6f-64f61e08a429,78,361.46,Retail,2023-02-18
68d311d1-78f2-470b-9d6e-5c0f98c2c80a,94,207.57,Dining,2023-11-04
83d0248e-d93e-49a2-b4b7-5f9497dab500,97,452.59,Groceries,2023-02-27
f5c3717f-cbce-4cc7-94f4-a85994024307,59,482.35,Utilities,2023-05-03
161e7f50-c071-47cd-8199-7d6cbbc3a3e6,97,286.9,Dining,2023-06-20
a1fd56b0-8cc8-4ec8-a470-0e3cac4667ee,37,198.11,Groceries,2023-03-12
c71acba4-7daf-4b8b-a203-9b11b1e6871b,25,395.68,Utilities,2023-08-06
7624e933-482e-4ca4-811d-866651c7499c,86,223.86,Entertainment,2023-07-10
7da4b330-d6a7-42c5-947b-7fa88f7d6c15,98,194.93,Entertainment,2023-06-24
e145018c-b319-48b6-904b-0264deaa51cc,35,221.81,Groceries,2023-03-20
969f52d1-8a9f-4c20-9d10-a8721a98da12,3,233.01,Dining,2023-04-06
ab75d9ed-b89b-44b0-b052-9fb5c1b85aed,10,357.82,Groceries,2023-05-31
b4228fce-3da4-4342-969e-5195030ab74d,8,283.6,Travel,2023-02-28
f46e1162-5f9b-4237-96b9-6b2212918cf2,88,54.93,Utilities,2023-08-21
87b51b91-7d79-4f28-a08b-5282dc238278,25,98.51,Groceries,2023-04-21
f7d4e526-cb97-4fdf-968e-374685463528,73,304.98,Dining,2023-06-25
4563d51d-c51e-4501-85ab-5dfd742678cc,88,246.21,Utilities,2023-02-10
f959b86f-e2ae-44b3-a424-42bfb1d9f082,28,315.92,Retail,2023-06-28
ee5afa08-2991-41ef-9469-930604292aa7,40,159.7,Utilities,2023-07-05
2e2937fd-268a-4589-bafa-8d2832fcdd72,77,161.43,Retail,2023-02-22
27445b09-1ef7-4b0a-886a-c9b2a0d2d055,7,289.92,Retail,2023-09-13
9a5567ff-9b6c-4c24-aa36-70a747e3bda7,25,378.63,Utilities,2023-06-02
1288e7cf-1573-4c43-b52f-f44f220eed51,1,460.47,Dining,2023-10-31
f365ff7d-009d-40e6-83ce-82d6ed75f7d7,68,33.05,Entertainment,2023-07-26
e74fd749-da39-4339-949e-bdd7108bdfdb,4,145.31,Utilities,2023-06-14
cb0d6a01-57a1-4a0c-8f24-1c8b632051da,4,422.47,Retail,2023-08-19
69630786-2a92-4346-8473-752e219d8ba6,36,480.57,Groceries,2023-09-27
ca4ef6de-af21-44f7-9980-7e7a57112d35,28,162.54,Dining,2023-02-12
20ac7dfd-c991-4de9-8800-4f60ca939cc1,84,190.39,Retail,2023-10-15
6fdcbcb4-c585-4cad-96d7-5d8af497152a,84,393.34,Dining,2023-08-29
b903e8dd-2098-4d05-9dfe-6f22df54af86,32,438.37,Entertainment,2023-08-06
d4791456-3f02-4dd8-b5d4-0ff4b94e118b,34,468.11,Entertainment,2023-10-12
ddb30bcc-b5cb-41ae-8e20-bf83b6207fe6,59,114.94,Entertainment,2023-11-29
6f8b84e7-a047-4168-9317-762aebac31e2,63,314.11,Retail,2023-09-26
c4c3336f-4958-4fc5-8b84-addc893928bb,63,133.36,Retail,2023-10-13
367d89b1-a607-45e6-8e26-cac004587da1,21,379.41,Travel,2023-08-29
dff62f0d-66e7-4e3a-bcc5-b246d61cc966,50,493.21,Utilities,2023-06-29
d621c85f-0730-482a-bcb4-874c7493075c,61,118.88,Utilities,2023-05-02
4909f10d-84ac-488c-899d-a120aa017c2c,24,75.61,Retail,2023-04-23
7fd5678a-fed7-467c-b902-c6022294d36f,53,174.64,Utilities,2023-11-01
f58c4b26-4263-4681-9139-22799b69e8ae,87,418.32,Retail,2023-12-02
9085d783-6553-416b-863c-efb0ea8ebda4,13,1640.55,Travel,2023-06-12
862f906b-fad0-4f22-9ff7-7d5c950caa1e,100,229.36,Entertainment,2023-10-16
a438bf5c-2422-4745-9d50-edd787048bf8,89,365.83,Dining,2023-05-08
65fd9950-a0cf-46b0-ad86-eeaa408695c6,76,402.95,Groceries,2023-06-05
1a3ba480-54ff-4312-9924-011f9cb2f2fb,69,453.13,Entertainment,2023-03-19
96052a2a-e3ca-438d-81b1-9e49b32c3c41,70,306.52,Retail,2023-08-31
b22fc942-4c39-4a72-88a1-1a65be738b8c,62,380.38,Retail,2023-08-29
d20cab60-4eb4-41af-b892-f9391d374333,100,432.23,Groceries,2023-10-04
7fd312d9-2bec-42e5-b939-a3d747d58da6,95,1027.32,Travel,2023-12-08
a5d81bd3-5b7e-4e6e-9c82-073d95d3918d,48,212.75,Utilities,2023-03-08
290a5b5a-c896-4246-b80d-156f9bb6c0a4,12,172.17,Groceries,2023-01-12
f8aa171b-2e3e-4f24-a013-47eb0eedd80d,54,932.63,Travel,2023-03-05
f3918fee-8ad2-4a11-8ff1-c31f10d98e46,37,1914.93,Travel,2023-06-06
12f2ce2d-c8a3-40e7-931d-1f841c98d341,9,1135.52,Travel,2023-08-25
39c8157a-13b9-4aad-bd5f-684dc281f92a,15,147.69,Retail,2023-07-28
2c6c8503-8516-44dc-9e5e-9947c840bdbe,50,214.49,Retail,2023-10-28
e333f50c-b20e-42e2-b74e-ed890e127c47,17,241.13,Entertainment,2023-03-19
8c6f8f49-5389-4c3e-a539-a799a92fa7d4,22,41.46,Dining,2023-11-22
93ef84c2-a3ad-4716-afda-81e952b9ed72,11,397.55,Entertainment,2023-03-16
05237ab3-274f-4e24-931c-7b60b88b4a39,28,354.37,Retail,2023-07-16
ec6d7e32-a0f7-4d92-8daa-5bc9131185d6,80,457.84,Entertainment,2023-04-26
4894749c-17f4-4849-999b-0684cc5228f6,75,475.96,Entertainment,2023-09-13
9b48fd61-2ada-47b1-ad09-78286fa15079,17,750.56,Travel,2023-10-26
9e9abfff-9657-45fc-8a15-b60f2dd1b58f,73,290.76,Retail,2023-02-19
ce2cac6c-1b7a-4960-9d40-29ba2ac7b7b5,57,368.63,Groceries,2023-11-30
293df250-3363-4d2b-8bfb-824fc1138899,55,106.25,Entertainment,2023-04-23
bcc3c83a-205a-443f-b170-9d41d837f463,95,160.86,Utilities,2023-03-20
9121ae6a-c38b-46d4-96de-3d32ba4c1aa0,52,40.0,Entertainment,2023-12-29
b9de566d-4774-416a-9d80-0e42a67440a2,55,189.65,Utilities,2023-03-03
d4a69053-5473-4b06-9155-99e6e90238e4,47,784.74,Travel,2023-07-28
257aa7cc-a05e-4f86-9fec-154e841690f2,22,144.36,Retail,2023-10-04
3f583751-9ea0-4308-b997-4f3af186323d,17,160.77,Groceries,2023-02-13
f2610d62-6191-4933-880a-e4bc40ea52b3,58,398.13,Entertainment,2023-04-17
47983924-9f47-4f5d-b74b-67c3baa8f11e,73,302.8,Groceries,2023-09-22
f2806d84-fe8c-4574-897f-bec888063912,48,397.15,Entertainment,2023-07-26
1974acc6-78d0-41d3-bbf8-3cbf14e932f3,46,322.75,Retail,2023-10-11
b93d1ea4-0661-4bf6-aefe-c6aa1c4051ec,16,113.34,Utilities,2023-02-09
1a3696ca-02f0-4bdc-a1b3-7e4f4f2e789d,44,157.48,Groceries,2023-04-03
e2b350d1-2dd7-4465-abd1-9de5e74b0ab2,34,297.01,Dining,2023-10-23
2cc669b6-4917-4bd2-a40d-04ef5b4e6f65,58,410.98,Entertainment,2023-08-10
b68fcabc-01fa-4142-b55c-477bc312cc25,62,1527.62,Travel,2023-07-24
913a2daa-f720-485b-9fc4-ffffaa3a3a13,19,488.19,Groceries,2023-05-20
53f2b2da-156f-4122-9c4b-7aaa2c0d01f6,50,313.71,Entertainment,2023-05-21
0a69e3ee-2fca-476a-8773-1f0202dd8e46,4,25.35,Entertainment,2023-07-24
1b94c7a4-ebbc-42eb-93f9-35a570b761a6,76,338.11,Groceries,2023-05-06
51467563-b446-4ac5-b103-4c1ecd11cc2e,82,329.36,Retail,2023-11-06
1319b1e0-3581-4d3d-a0c7-c50bf2c48c60,65,209.95,Retail,2023-03-15
b754e271-89ec-4bbd-9016-c2765cea8d2e,5,849.94,Travel,2023-10-27
e517fbaf-2473-4bcd-9f62-5249c44d1791,5,410.15,Utilities,2023-01-02
19b7edd6-9a80-49b3-ae54-72e7817c7f25,83,677.77,Travel,2023-01-24
c8cf002a-907e-45cd-957e-e98bd8b0ddca,62,488.16,Dining,2023-08-21
d51339ec-d749-49cb-8285-07cfb625c255,59,375.92,Groceries,2023-12-30
4f4526eb-511f-4a4d-b5b9-9454ece05937,25,173.21,Entertainment,2023-04-28
80140185-166d-4a1f-b3a8-6efc6d4e5abb,43,148.13,Groceries,2023-07-04
f5b9fe64-e3ab-43c9-adf2-70cea19a8d52,70,430.51,Utilities,2023-10-27
b15324cd-1e1b-447f-a6bd-bc8912e16512,100,328.41,Utilities,2023-09-09
79d7508d-349a-4730-927d-eb5ce12ccc1b,1,400.78,Retail,2023-04-07
072635de-3a04-4b02-baf3-1f688f5032db,15,314.97,Groceries,2023-07-19
22914a5c-ea99-466c-8364-85698d4bb228,89,66.23,Groceries,2023-08-11
cca282bd-edcb-49be-9e85-13dee53e7a6d,64,427.86,Groceries,2023-03-08
567a8325-ecbe-41a7-aa4b-27970c25102a,40,217.78,Entertainment,2023-10-20
92dcafe7-eced-4eb3-9c74-de59a597bc39,73,498.98,Entertainment,2023-08-28
19ba551c-4a78-4cdb-a338-f077654f463f,60,338.43,Entertainment,2023-05-21
3a8e2b11-1434-4bf9-9621-c88c612c298b,83,845.63,Travel,2023-12-05
774420ba-5145-49b1-9054-0999fb9a8aff,47,840.73,Travel,2023-12-08
4d150f24-2b9f-4b9d-be01-039bf7d37d0b,46,47.53,Entertainment,2023-08-05
f2a709a6-272e-4b7c-8d50-b4d9d04efb27,66,405.42,Groceries,2023-02-09
e73542c3-e4a5-4d3d-8bdd-6a38dd58aca7,47,593.41,Travel,2023-04-06
31e9dba9-4112-48ab-a539-acf69ab36f7b,40,243.31,Retail,2023-06-15
2294b301-bc46-42bb-b2e9-5a29ff670049,64,97.14,Retail,2023-11-11
d91a8ddb-3548-4cac-b17d-2f21bdbb5e76,26,16.64,Utilities,2023-03-16
c6f74735-002c-462e-901b-b6f7ea480f1e,88,206.24,Utilities,2023-03-12
a176c783-35a8-4593-9a33-6af0bdb14c76,100,101.18,Retail,2023-01-24
76a498cd-dea9-4689-8e5d-4a519218f736,72,496.75,Entertainment,2023-01-09
249acb06-2ed9-493a-b9d5-08b19d0247c7,85,973.45,Travel,2023-11-22
b4b61867-10fd-4af1-943a-113652cdc99b,8,60.08,Groceries,2023-05-28
8454bd1c-4de4-4867-9c29-d2b69597ff08,80,57.63,Groceries,2023-06-18
1b12fcc8-d444-4372-a300-6e75fa370478,5,252.02,Travel,2023-06-07
0534a513-c1cd-457c-b982-ae42204cb9e3,67,414.47,Dining,2023-10-30
e9358688-fd75-464d-b5c0-e0806b6f8d4a,9,46.95,Retail,2023-02-02
e264a1ab-f8dc-4467-afbe-aad584cefdeb,50,79.0,Utilities,2023-07-01
9f850a98-fe4a-4720-a0b4-ef1c8b5eaec0,42,333.52,Utilities,2023-06-05
5493bc40-16b7-49d3-a0aa-bf1068a3a6c5,51,362.79,Utilities,2023-11-22
54f69f72-5d5e-4227-b9bb-7d3b542a088e,23,345.47,Travel,2023-07-22
e927e4a6-bfad-449f-a105-8d5d89a41cd4,75,578.73,Travel,2023-06-13
3fc84f12-6ec6-4adf-86ef-0da77b22bb3e,15,23.96,Dining,2023-08-24
3d15968d-4b83-4a8e-8809-cd0fcdce76e6,76,923.95,Travel,2023-09-03
63b436f3-df7c-4fec-adf1-0766dbc90114,51,967.33,Travel,2023-09-08
778b168b-713a-4bd6-9394-bd668d60972f,31,211.77,Groceries,2023-07-21
911673f1-3d3c-4d69-9fe7-08dc289fcafd,62,209.71,Dining,2023-07-11
f6717a7d-e3d3-4537-b894-54287c9789b4,75,1619.97,Travel,2023-09-19
f145ecd1-6a5d-45cb-9b0d-ae7e3d16eceb,86,613.29,Travel,2023-11-13
f706a7ef-14b5-4818-8112-d419ac782540,12,325.67,Dining,2023-06-17
ecd5f7fa-b372-4a13-89d7-a2f4795e7916,24,109.03,Entertainment,2023-06-28
57077a24-b6f7-4a5b-aae0-0c9ca3d81454,28,144.26,Retail,2023-04-19
41d5737d-c72a-4977-8ff2-f6ff898a9ad9,66,407.92,Groceries,2023-11-15
05dfa567-dd78-4d28-9542-72f4af69f87d,91,47.77,Entertainment,2023-02-28
4fdb6ef9-e20a-4808-ab79-a85045c23baf,98,227.93,Entertainment,2023-07-26
e0113b68-6cd3-4465-b1c5-46f673c83975,68,367.86,Travel,2023-08-07
7fc2a9fb-4ed1-4891-9721-049efb9e3f2c,69,91.71,Retail,2023-03-12
27739c6f-4127-4d4d-bdda-d4b8b2f93bf9,23,55.07,Retail,2023-05-20
191ad1d4-bdcb-426f-b0f7-68d83c5d2306,62,392.21,Groceries,2023-05-22
5014fb5f-faa3-4754-bc6c-a1e7d508984b,27,142.15,Retail,2023-11-25
c9b6deb2-0da6-4c99-93aa-ac8d2f821b37,96,106.45,Entertainment,2023-06-19
bc407dd9-d7a6-4a96-b3f6-ad9592176bcc,97,410.48,Groceries,2023-10-16
a1107d9b-d30e-4f52-b35e-68fa9cd67128,90,387.28,Entertainment,2023-11-23
ea8ff33f-7f8e-4e40-9e89-c4c58656fe77,66,400.43,Entertainment,2023-05-03
a09cff74-af60-420c-85f6-77849b4a1eb4,72,1268.77,Travel,2023-01-09
3b11a89f-1d39-47c7-b6f4-fcecba419745,56,106.55,Dining,2023-11-10
bbc6d305-109c-403e-acb8-ebb840bf06bb,23,65.92,Utilities,2023-01-07
fe0e86a4-5559-45da-a1f4-64a3ca765762,85,395.26,Dining,2023-12-10
f8d75d65-b6da-49ee-ba70-1ed7995e3823,17,71.15,Entertainment,2023-12-15
366cdd46-12b4-4d1c-a856-5e8f5dd6f201,59,199.94,Utilities,2023-07-08
89ea215d-cc63-4944-b061-e8d97c5951ac,1,610.42,Travel,2023-03-22
aa7a68f4-490f-410a-af00-c952883c20f3,20,367.49,Retail,2023-03-08
f50c7d6c-b6e1-42ed-9246-f04d788b007a,17,1020.14,Travel,2023-08-11
0aa10e4b-f7d5-4c00-9e87-b1ca8b1530b6,8,410.22,Retail,2023-03-09
ba1cb69e-aa68-4bb7-b636-70277d7cba9a,75,110.05,Retail,2023-12-13
3af5a374-f4b1-4e47-8a02-a8085a962d1c,9,865.69,Travel,2023-09-03
8f949cf4-45f5-4da9-9ed0-3b5fd15755dd,95,498.32,Groceries,2023-01-04
a9bebde9-4f9f-40c3-8ca4-4f4a5f667014,87,401.42,Utilities,2023-04-22
8083df8b-7a7f-465c-ba90-aee97d733fbc,30,282.77,Utilities,2023-10-01
3a02cb0f-cc41-4fb7-b501-36ab11058630,75,393.83,Travel,2023-08-28
d3462280-a73c-4d1b-a555-1ec9936eb653,11,805.21,Travel,2023-07-03
b88e90dd-a05a-4527-a050-bdc209a870a1,99,239.81,Utilities,2023-09-01
e284ffb6-8b01-47ba-9067-39f467fbde6e,16,401.67,Entertainment,2023-10-06
223ca9d8-b04e-4113-88bb-e3c875d9aefa,55,1454.87,Travel,2023-08-08
57824957-af62-469c-bd29-77e9eb029a45,34,105.5,Dining,2023-09-21
9050d8f6-cf71-4513-bb65-ca25590bec92,30,238.02,Dining,2023-06-14
95835b24-6e07-418d-937c-b220914597dd,37,464.32,Groceries,2023-07-07
40e69b16-400b-4334-a799-dbd2021e1113,75,83.63,Retail,2023-11-19
fd658cd6-4f0b-46a2-ba99-e25e642444e7,69,462.0,Entertainment,2023-05-17
63988488-52b8-4326-9f69-05c6eae80e37,21,1950.37,Travel,2023-06-15
44fd549c-5352-49b9-a2d1-f4debafb4105,89,410.03,Entertainment,2023-10-02
e119b12b-58f1-40a8-b34e-061e677e18ca,87,1297.64,Travel,2023-09-29
d02b1830-e359-417e-9935-b7a0593af25f,14,63.31,Retail,2023-01-11
1f5cff9d-3980-48da-bab9-051cda0653b8,43,342.27,Dining,2023-05-18
899ba3fc-7192-44e0-af9c-8ce9f2d85e2f,1,298.33,Dining,2023-05-28
38a16a8c-9572-4809-beac-6881b79160ca,55,327.14,Dining,2023-05-18
883f4260-ee8f-4d95-b4cb-9bc73fd544a6,85,83.48,Entertainment,2023-05-07
bfaf7a60-557a-42eb-b845-4129fff67c4d,10,264.62,Groceries,2023-01-13
745c19de-0756-4c31-9f65-77a9c4292ff2,67,61.36,Groceries,2023-09-22
01b274b8-410f-4d1f-bad3-54e112a2653e,80,325.98,Utilities,2023-04-21
1ce8d85b-1041-428c-b9ec-3eb0586d0ded,52,278.13,Dining,2023-07-20
d687764e-aabf-467d-9cc1-1213eff6e3cb,98,484.37,Dining,2023-02-04
dda46691-111a-40b4-8740-23462653904f,92,284.54,Entertainment,2023-04-29
e5fc2d3f-7c15-4424-96bd-075152b0aee6,42,146.32,Groceries,2023-12-09
fe17c545-3d6c-4d97-b97c-17943dc4be7a,1,384.93,Retail,2023-07-07
b5199c06-17e0-4d9b-9bbd-f5cf7f14657b,41,464.83,Utilities,2023-03-23
7b354528-f5e2-4af9-8fcb-0501209e898f,64,171.25,Dining,2023-05-02
7b14f975-b036-4a51-b603-058b246ecc65,97,972.18,Travel,2023-05-02
d94cda14-d518-41a9-9683-b45817f49c53,98,344.71,Entertainment,2023-01-15
5b5a032e-fa0d-4295-98e6-423c4ec40023,77,33.78,Entertainment,2023-08-02
88a953ec-e605-4a8a-963a-23faea13b136,3,431.28,Utilities,2023-01-05
53a66f4c-c7c5-49f3-b15b-36e11f0f27ec,25,236.96,Entertainment,2023-09-21
f42d237c-4f2f-419e-bfcd-44f789455f8a,26,296.99,Travel,2023-04-01
9511c779-d9a7-4b4b-ad59-823cbfd9f763,87,1519.41,Travel,2023-07-23
5da0166c-9a80-4c3b-a239-e8178eb30d05,71,330.62,Travel,2023-10-15
0222c117-9ea6-47c4-a4ad-0f90f68603a9,15,321.59,Retail,2023-08-08
af2d2568-f0bb-43b9-bcea-d61d9572deaa,88,440.68,Entertainment,2023-05-11
fcffb77c-1ff2-4832-a51c-1e8170db574a,67,1678.8,Travel,2023-02-22
b5498e4c-7f66-4e96-b0d8-31943f867c33,71,78.15,Utilities,2023-07-15
7e9fc6dd-0520-4357-b609-29ec484541f1,49,384.38,Entertainment,2023-12-09
e219fdeb-ab4a-4aa1-aa7b-d419e03e1b61,77,301.06,Retail,2023-02-10
9e126a71-d080-437e-9e2e-b10a7168a003,5,179.95,Dining,2023-02-16
7209b333-c810-4fa4-9420-7a1f218c2907,88,261.41,Dining,2023-08-02
acca240c-1765-4051-aefd-03663051b008,51,97.81,Dining,2023-06-09
753447db-31bd-4f59-a1ba-8220c2d16565,35,106.92,Entertainment,2023-06-16
96bca664-46ad-45a3-bf12-2bcd82f95cdd,55,73.93,Dining,2023-04-07
e9d74b34-48c4-4887-8c52-1aefd4243a48,69,262.29,Dining,2023-10-15
a7465224-c32b-4a91-8c8a-59c0894044dd,93,344.49,Groceries,2023-10-31
87b37e4a-1f59-4f6e-b4f1-213c64bac5e5,56,205.31,Retail,2023-06-02
7f4d4617-69e1-43c7-a0d9-756d8be6f089,85,54.41,Dining,2023-12-18
01b9e1e1-a556-45c2-bfd2-90d2eea87ab6,100,327.55,Groceries,2023-06-07
cd7bdec1-c96c-41a0-ac5b-68617ca4fa77,39,476.93,Groceries,2023-03-11
38584ae3-7dfe-4a16-b3f6-be4953817b8a,51,387.55,Travel,2023-08-08
257ec7d3-3bd3-4423-a084-ad09b1ea0cc8,69,181.35,Dining,2023-07-19
91ff8088-977b-40cb-8be9-d9be3d725fc8,25,78.61,Retail,2023-04-23
dc8e7bf6-ae6f-461c-b0a4-b44ea73c32d3,10,316.38,Entertainment,2023-10-06
8d3a923f-aae0-4659-ab88-c18a75c2566c,53,474.44,Dining,2023-12-16
e5b86607-b119-4ed7-860b-a38c9cbd910e,77,399.81,Dining,2023-04-02
e431b2c5-75b0-4ec5-be37-1aadbd11baa8,11,236.1,Entertainment,2023-10-21
68c3a451-75ae-4ec0-af80-9a375e5e7ced,66,351.32,Groceries,2023-04-22
ee0478cf-427d-486e-a44c-cd062477d3ff,81,32.07,Groceries,2023-04-10
d1beb04a-1331-4dfb-8b76-0286c24bc8ce,51,389.87,Retail,2023-05-20
b812e5db-00b5-4f0d-9477-75242a5b79bb,79,674.48,Travel,2023-05-28
622159c2-659d-46fa-a892-ab4f7589fc03,67,342.94,Dining,2023-06-15
d1314087-fc4c-4ae1-b00c-6908385e608f,82,361.83,Utilities,2023-03-27
d89f603d-e471-4f88-9432-67553002624f,16,162.44,Groceries,2023-04-29
9cf0bb6d-bc13-495c-ad01-1b7641c6e1c9,30,206.61,Entertainment,2023-05-10
7f235488-7afc-43e2-80f3-b69eee867885,90,442.52,Dining,2023-04-22
90d313cc-336c-45f5-b295-b8e4c162e5c2,12,13.25,Retail,2023-04-14
ae0b81ec-9580-47f7-86be-397ffbcc1d54,41,418.4,Retail,2023-04-28
a0c19d3c-c122-4ec0-9e8d-39d679e40cbb,79,76.41,Groceries,2023-07-10
0fc6a170-6857-49ad-aba0-1f74c0feb923,21,257.26,Groceries,2023-10-11
32bd0c70-10fe-4995-aa37-203b7bea6581,89,84.11,Retail,2023-03-25
40300722-c538-4e9e-b0f1-0837f87d6d75,28,84.86,Retail,2023-04-23
b5358ba9-8ed7-4051-9fb4-899429b07eae,92,169.75,Groceries,2023-05-14
49a2750a-f287-493f-b28e-e1d30113f6eb,1,108.23,Utilities,2023-07-25
c0bdb8ef-d570-457f-a23f-0456b17705e7,58,18.24,Retail,2023-04-27
2141a60a-9859-4ce3-896b-a71416006af5,29,406.92,Entertainment,2023-03-18
6b2acbe9-f39c-43eb-8cea-b11ea8099b88,98,785.6,Travel,2023-12-19
0f4642cd-1e02-486d-95cb-37ba47de898a,63,1692.24,Travel,2023-07-11
9ad1bd86-30fb-40ce-879d-7ba7f059be6b,35,231.08,Utilities,2023-08-02
125491b1-96d7-4dc0-97fd-74fa44c53bfa,72,443.38,Utilities,2023-09-24
77f7c95d-8d17-435c-b8fd-5057f947294f,5,12.53,Groceries,2023-03-20
11c97dcd-01da-4ad7-8367-adb1aa3ccb80,45,248.52,Entertainment,2023-06-02
8853c8a8-951c-4b78-938d-84c238efe448,83,106.08,Travel,2023-09-08
db993704-3ec6-45c8-901a-be275d8ca38e,4,373.68,Retail,2023-01-13
fa7d4d70-cc20-47db-a8b4-212a452c176b,57,146.01,Entertainment,2023-10-27
c1feadc5-f7dc-4e5a-8052-9aad55bd7708,55,161.09,Groceries,2023-10-27
ea9f3a77-e14a-47cb-9a2e-7cc6368cdbea,10,27.93,Entertainment,2023-05-31
0152a3d6-9a30-4a0d-bce5-29d5c3dcdee7,68,1346.67,Travel,2023-06-12
5c97c9ac-8455-4d30-9804-217216515bc7,30,290.8,Groceries,2023-03-04
06fc294b-bf7d-4a95-92a9-007e5e7d61a7,29,1935.71,Travel,2023-05-29
24a15b16-a5ae-40a6-a9be-8b3425812db6,76,112.8,Retail,2023-07-23
e7392483-3780-4661-9825-7b0da7dfb83f,21,245.44,Retail,2023-05-11
787a1fde-6c54-4676-91dc-124e2655a7ec,19,178.99,Utilities,2023-05-06
6cf765d9-e90b-4af7-a42c-ca82334171ed,23,465.69,Utilities,2023-10-20
c479e458-b059-4bc3-bbd5-e797fcd52e01,37,448.5,Retail,2023-02-23
92aa420e-2f24-4551-a1d5-e8721c6274de,36,399.27,Dining,2023-02-14
edcf7a5b-c2c4-4ef9-9842-719d0e1efc19,52,106.6,Utilities,2023-10-27
c403e136-876c-41ad-bf41-1a2983928948,36,351.43,Dining,2023-12-09
1e646597-1856-4e27-8113-03552cb5c399,60,26.14,Entertainment,2023-05-01
9243193a-e063-4cf1-b0cd-462913d76c1a,68,190.7,Entertainment,2023-06-19
3442d186-de67-4094-84b3-175e28824c4b,21,246.53,Entertainment,2023-06-25
26a7e9df-4d76-49ea-893a-6ff3e4e856bb,71,155.14,Utilities,2023-01-14
9e79a535-214a-47db-bf83-c007ef91a83c,79,1229.38,Travel,2023-03-13
0f21c40f-1e06-4f70-b2a7-74eade9b8c45,60,200.51,Retail,2023-04-03
a65fe636-c1b6-48ac-9115-e2816251b88d,63,171.11,Dining,2023-09-21
7faf7114-3106-4634-b910-f7e1c8020807,91,225.0,Dining,2023-09-09
ade39c15-6712-4810-be8c-00713595bf4c,82,334.82,Utilities,2023-12-14
fca842c4-1a29-41bd-82ed-0255b79af9ac,75,359.95,Utilities,2023-01-12
0d2fcdd2-1f84-4b21-8bd9-dfe7fb154b85,77,393.7,Groceries,2023-12-12
81d4c84a-4ae4-4174-832d-af375a991dee,2,119.43,Entertainment,2023-04-17
7c62c6c7-2c93-4649-bd9a-ab2b98c5c565,61,260.68,Retail,2023-08-14
f145b1f5-6ca6-477c-8333-d5da579036b9,23,220.28,Groceries,2023-02-25
7c9c07e3-e3cb-40c8-8f46-1c31d0f51d19,81,435.05,Retail,2023-03-29
6c5f2428-9aeb-413f-992e-93f7a0a2c18e,19,151.63,Entertainment,2023-03-09
ff835d82-bc97-490b-899a-af5390d858aa,49,280.93,Entertainment,2023-08-19
122388be-1d19-4818-b471-2087ec3f75df,26,220.14,Dining,2023-01-10
1c4e0b4a-ca78-40f7-a52d-8545e93cde6d,25,414.57,Dining,2023-10-04
5f50d6c7-4f59-4129-ae1a-6643c665c545,41,915.41,Travel,2023-05-24
d3546602-98b9-4a08-878d-f1b3b60ce29c,78,234.41,Utilities,2023-06-06
e46a5e33-b10b-4b73-9cd7-88e0d25eb76b,89,476.88,Utilities,2023-10-16
6a779d64-ed10-407e-a337-22bda24dacef,85,337.77,Retail,2023-09-13
d4809580-a2ff-4d67-9f42-f089ec998b8f,10,366.29,Entertainment,2023-07-08
7f566e86-4eca-4473-9829-16da53bf2e52,81,231.77,Groceries,2023-01-15
ad5d6189-2b69-4a70-8e00-e953e77b944c,84,309.54,Entertainment,2023-06-12
17f7a652-9a57-434c-b4ae-f5b7d2253dff,66,1371.99,Travel,2023-12-19
3238074a-cc2b-47b1-9a78-21e8ca37fb78,66,453.26,Utilities,2023-08-13
a0c7715a-eaaf-4fdd-90e2-5865c0068944,92,224.71,Dining,2023-11-12
14615af0-9244-4f17-bd0b-edbf8175bbe8,41,76.11,Utilities,2023-12-26
a01f9462-f4f5-4cdb-b472-b99684129b96,35,21.75,Dining,2023-05-24
dccb172b-1e05-41a5-9490-a6511f639589,75,458.01,Travel,2023-08-31
aaad9a7f-8d46-495b-ac5e-36f917224023,87,484.89,Dining,2023-08-23
ba4d0ee8-4ad2-4308-8790-be620e6b2980,50,285.99,Dining,2023-01-22
d014c0ea-9bb1-4285-8482-1e65d797d5ec,73,180.41,Dining,2023-07-24
40732121-a247-4670-8e99-4499b381edf2,39,260.88,Utilities,2023-05-14
dacb48dc-8a97-4f01-b8db-8c7397b53a33,63,65.88,Retail,2023-01-14
d17122df-f0f4-44f2-a113-f3f49a022dad,70,174.24,Utilities,2023-12-25
d00c12ba-ac51-47de-8878-3091884d1a88,86,59.01,Groceries,2023-07-13
fcf23581-5968-4615-9902-c21a26994322,33,237.69,Retail,2023-09-01
0761f4b0-7cd1-46ad-9532-6e3bdac89a81,100,419.98,Travel,2023-08-29
b65f2242-3f5a-4be2-b2b7-9017b62c1706,97,147.85,Utilities,2023-08-19
a8fa0247-cedd-407d-9cdf-f01ceadc7139,57,322.95,Retail,2023-03-26
d6fc9a9e-5a8d-4f8e-a9ee-d5f9704a8cee,94,499.66,Groceries,2023-07-11
6b27d3c0-029b-42d8-ad02-46b3ba6db00b,60,341.08,Dining,2023-11-27
e5aa1d25-25d5-41a0-b267-1af7289b6b8f,59,136.33,Dining,2023-01-04
bc51e27c-87c2-4d0f-8566-3191ad1b08c1,93,357.06,Utilities,2023-05-06
46940d71-a191-4b45-95dc-f3daf5e3a83f,35,49.8,Retail,2023-02-06
0838ae7d-4b5d-4122-84e5-60bf2d5d0394,60,297.04,Entertainment,2023-06-17
27852b78-70f5-4372-9dad-45695b203008,91,230.3,Entertainment,2023-11-09
0f9148dd-d2d5-4cf9-b4d2-f194367bd3a3,53,170.25,Retail,2023-03-04
e47c7bf7-d734-4a08-a39f-c4c44aa93f2b,12,248.57,Utilities,2023-09-20
9552c19f-ced2-4796-9257-8ee45ce895b6,48,260.67,Retail,2023-03-29
530ee9ca-dcc4-4024-a26b-e4d2b5721793,95,1592.23,Travel,2023-12-27
59798828-cc8a-442b-81c8-3283b0522351,48,612.79,Travel,2023-10-27
7996ae8b-d657-4a3e-be5c-395ceebbea6a,42,177.01,Retail,2023-08-03
1879e72f-7f9f-4161-a454-a3923dd3dc5a,41,399.16,Utilities,2023-09-18
9e393e21-d6dc-429f-9865-7cead4cba626,27,77.86,Retail,2023-01-23
2792b6f4-4c20-4e88-b048-4f981a32c596,58,123.01,Groceries,2023-10-31
4458e886-f48b-47e7-bae3-8fbb4d06fa5c,60,313.82,Groceries,2023-05-13
87bf7aef-8808-48b8-92e1-b92b218a6baf,41,797.57,Travel,2023-05-19
b73e6cc0-d5cb-40a2-9b14-0086adbe0d48,4,435.03,Retail,2023-08-27
c9c30b1c-d4ab-441c-8e4e-49f9ea5ed7bd,28,390.19,Retail,2023-01-17
861657ac-6016-4e32-8fe0-fe22f9838574,32,20.11,Entertainment,2023-11-27
91704189-10ad-4426-aa6a-0f2300e59e9e,12,464.9,Entertainment,2023-06-26
0902ce11-e495-497f-a441-9f9ef8993645,11,260.41,Groceries,2023-05-17
3068d38c-2a0a-477f-906a-5d4aab43e178,38,310.74,Groceries,2023-06-19
a4c45eda-1196-4d12-aefc-704f3f7635c0,56,114.81,Retail,2023-10-08
e32f849f-431f-465e-9f76-5f37c1032df0,82,142.09,Groceries,2023-07-07
3f2bac34-9ecf-45d6-8554-5d8d20f25a36,21,419.45,Travel,2023-08-30
5d318954-5d2c-4075-b3fe-5a6a9c7f0383,88,473.56,Groceries,2023-11-15
bb6c3996-a4e4-451c-891f-9233a67c3e5a,3,253.13,Utilities,2023-07-14
e3bab179-0524-4206-984f-564d98a58c15,27,168.97,Dining,2023-12-04
0c357642-eeb3-43f5-b7e4-d02fd6aed5f3,30,494.28,Entertainment,2023-10-30
8439bcbe-e520-4802-8701-eeda277907d6,56,182.62,Entertainment,2023-09-12
c1d14dbd-08a5-4cc3-a68a-185446f65d78,7,60.39,Entertainment,2023-04-11
ea82ed58-477f-470f-a102-5dee5035bca6,77,709.95,Travel,2023-09-29
38844336-4b48-41e7-b599-ab95358381ff,56,291.96,Groceries,2023-11-23
ec77bb99-395d-4310-9673-f19959c18533,35,295.84,Utilities,2023-07-26
74bf1bfb-8cc6-45e6-893d-d682025912cd,82,484.2,Utilities,2023-11-26
3bb57a3d-0c3a-425c-9ad6-13bb62df7fea,77,337.74,Entertainment,2023-07-01
2555620b-5ae4-4035-8d32-45d23683066e,88,614.29,Travel,2023-02-09
7a4eb0c6-deb4-424c-8133-c4fae4ee2230,11,1421.83,Travel,2023-07-10
05583547-e336-4567-9784-52be2dea2370,20,110.26,Groceries,2023-12-19
e57f53cb-12a9-414c-bd0b-e49630503c03,72,374.19,Groceries,2023-01-29
6712f7ee-fa6f-4636-a748-14fca335a943,55,438.07,Retail,2023-03-29
7444d66a-27d7-4431-b6f7-26d45dc30516,7,10.13,Groceries,2023-02-22
fab90ff4-851e-4aa5-b161-fb4f1afe4cf0,93,496.29,Retail,2023-12-06
2b012f07-3f98-489e-a70d-041bbac17622,71,155.11,Utilities,2023-07-13
38b0a5fe-b036-4cbc-85cc-df03fb1d7e00,91,319.47,Groceries,2023-06-12
85d99e93-e234-4cee-a674-c853574e892e,61,110.7,Entertainment,2023-06-06
4e14f925-95b3-4f3d-8bd7-b528d0bbff16,51,74.89,Dining,2023-02-25
cf1592c2-9e52-4284-995e-ce3e53e2ad25,33,879.25,Travel,2023-09-29
01dffa3d-063a-4ac5-8e8e-28fe65cc6d78,81,348.43,Groceries,2023-04-25
f7a01975-6511-4c17-a9e2-f9f0756cbd69,46,73.46,Retail,2023-07-27
9920af6a-9c8f-4d71-8eec-cd6fa2a6d486,76,72.03,Retail,2023-10-27
38050fa7-3086-49f5-a40d-41469b0d54b4,25,355.16,Entertainment,2023-08-26
933c279e-aac2-417b-85e1-a2246a9cb0b3,66,188.79,Groceries,2023-01-27
87c53fe1-c423-4116-830a-bf44ce8f3310,13,411.78,Retail,2023-01-03
1aa4b547-0235-469f-98ec-f968f8d0c0e2,30,1160.28,Travel,2023-02-05
d987296d-4b3c-49ae-8cda-8544bb8331b5,79,260.95,Groceries,2023-06-24
b6f8292d-f5c7-4ce9-8d00-7ceccdae8e33,23,11.6,Retail,2023-04-12
0073f630-0d77-499a-8e27-aeb13fa15a52,72,29.3,Retail,2023-02-09
923b14a5-3b5d-403c-833e-341c764d3003,5,1028.68,Travel,2023-05-23
2881502d-1cd1-42d4-acc2-f6cacf16c0ff,83,294.76,Retail,2023-05-08
044f19b8-f407-4b66-a8a3-dae40edccfcb,65,385.33,Dining,2023-05-07
3afa3171-d63d-4423-9147-c8db424af42a,69,22.11,Groceries,2023-07-25
41fc11b5-5f49-494a-8ee5-847b70fce046,97,450.74,Dining,2023-10-04
e7bf47ec-1c4d-4982-83ff-832ea0df0d5b,79,86.61,Groceries,2023-10-30
aac47300-3894-46be-ad75-400e95eed630,41,73.41,Dining,2023-09-14
51bc1ae0-91d6-4c47-a45a-84447df1d4a0,36,342.54,Dining,2023-02-18
16e2cec4-6adb-4a44-8fb5-ac6a42a91787,80,367.6,Dining,2023-01-11
582e55ea-0a1c-49b8-9193-28ee00bbf6c2,41,83.31,Utilities,2023-03-27
f1bd8b67-75bb-4b99-afa3-e7beae0e7206,60,1403.9,Travel,2023-07-21
de3fe87d-4eaf-4234-81a4-3f579a659c7b,32,465.44,Groceries,2023-05-03
13a1c3a1-a036-40b9-a5c0-d89627a62825,51,230.27,Travel,2023-02-04
58e2c83d-107e-4e1c-9abb-f597aa4b6478,89,131.38,Dining,2023-05-02
b1717fa1-9765-4447-8434-0a035844426d,4,1368.57,Travel,2023-10-11
7c7b6b2a-7003-4236-95b8-028c62930007,72,462.96,Groceries,2023-10-27
cc10c087-3555-4a03-8e99-7b15c037728f,63,6.1,Dining,2023-04-17
82076664-41f6-4417-a5df-e9725c9fb636,9,97.56,Entertainment,2023-09-03
27cb79f1-7aa4-4abe-9df7-6d1eca67d80c,4,1932.02,Travel,2023-07-12
54fbbd25-dfc7-4728-9277-fcbde76d5c0c,94,820.89,Travel,2023-10-08
ae1cf3ca-b8dc-4206-bdf5-5a7a55eb03cb,9,824.29,Travel,2023-04-07
f634bc9c-10b4-4788-8c52-ef0296e3e567,87,206.35,Dining,2023-08-29
bc183849-6287-4e8b-b205-f14382b6a7e5,79,478.44,Retail,2023-06-09
febab81f-3b0d-44a9-a654-980e4abd2c38,36,340.07,Dining,2023-11-29
3707874d-d2dd-421e-8c9c-25261af93656,69,177.58,Retail,2023-09-16
bcc19978-229f-4213-a8f5-db52859c79ab,32,320.75,Groceries,2023-11-12
4a2a3aa1-c02b-466d-9831-73534006cd36,87,692.68,Travel,2023-07-09
950899da-3fd2-4e32-a47c-844d28f14e80,42,444.0,Dining,2023-09-12
f0e3b947-3e27-441c-a536-693d035aef4c,20,183.48,Dining,2023-12-03
b9408274-23c7-4856-9df5-8d2d5866de55,11,139.02,Dining,2023-05-03
aeafd8f2-7ad1-4eb7-876f-27fb04985fc3,18,147.04,Dining,2023-10-10
b7cebc49-9d09-49d0-9b35-c0b6ff084fc5,99,257.61,Retail,2023-07-02
742b90e5-ac5c-4438-901f-caad84efe26e,20,488.22,Utilities,2023-06-22
37eac44d-7896-452a-be43-6792908d9f13,84,12.02,Dining,2023-04-02
e4f30293-2367-488e-97a5-f1ceb1c49f06,45,301.23,Groceries,2023-06-05
ff5f4876-735d-4b9e-96e5-08cb7a5c1571,18,69.55,Dining,2023-12-10
8439fa29-fee5-451b-a648-d2467aeaeaeb,77,245.09,Entertainment,2023-09-14
afb89518-e698-4f84-a035-9e78aac962bc,44,253.4,Travel,2023-03-31
8ec2dbc8-02a0-48eb-94bb-3b8d1ac7966b,70,453.42,Dining,2023-04-08
6d09ca29-9ab6-487c-adde-034889ebc6c5,37,210.97,Dining,2023-04-08
6ab9b133-f7cd-4ab8-b874-cc08dd56b4ba,21,271.71,Utilities,2023-03-15
9b2cac93-53e5-43d9-bfcb-8f50b0983a6f,52,468.36,Retail,2023-02-20
dcd44fb4-45f0-4379-8019-586918aeaacc,100,972.05,Travel,2023-09-01
0034573c-12e5-4399-83a7-727769abd350,54,49.18,Utilities,2023-10-05
badbdf3f-376c-41d8-bcd6-dce38f914a9a,26,593.74,Travel,2023-07-25
ec83d953-77b0-4521-999c-b4d7eb7e402d,42,331.53,Retail,2023-02-08
b08b73b0-b3a7-4619-9ca7-da11285684e2,40,234.03,Entertainment,2023-03-01
025f2b52-3d13-498c-b2cf-4eb18612a397,46,49.6,Entertainment,2023-09-06
d242d3e5-3750-47c9-8f87-03ef75f46e35,80,1714.15,Travel,2023-01-28
bc80fc29-8e31-4dc5-91aa-a7c2c93332ba,67,1649.5,Travel,2023-10-14
22a4e83f-bb11-43c3-b9c3-4fd4757b22f6,97,98.52,Retail,2023-10-23
4e204d72-fbb6-4114-a7bf-7c127d6ab3bb,95,233.4,Groceries,2023-10-13
17686b2c-9872-43b0-9f3b-0ae56a076c2c,4,302.55,Utilities,2023-10-01
d1aff0b5-8595-445f-988a-68af5761541c,60,660.64,Travel,2023-02-28
a609452d-6bdc-4b2f-8a3f-fa4461fefd88,65,254.81,Travel,2023-05-13
a059740f-24e0-43ab-96e8-4ca2484c1a71,57,30.34,Utilities,2023-12-10
9e104072-3089-413e-8568-33c92b3ce223,74,356.11,Entertainment,2023-06-13
22d9645d-e2d3-4c8c-b4da-2c37c78e27ea,23,238.17,Utilities,2023-09-09
2db315f6-874a-4e02-bf8c-88b175d055e6,23,69.54,Utilities,2023-05-30
b499ea04-1cd4-4c6f-8074-5e88938701d0,93,360.22,Groceries,2023-12-03
e76edd97-2781-4747-b4b4-1d12956a5d60,24,263.2,Groceries,2023-08-15
fabf2eac-191a-4ab6-b314-bc7e83b23d3f,44,25.33,Utilities,2023-03-26
aaf7663a-e78f-4890-9b20-ab4d2b37e844,17,13.58,Entertainment,2023-09-06
aadc442b-8d05-44ab-a7a3-7f9473027e25,96,1392.78,Travel,2023-11-12
b97f640b-0615-4a8b-bc47-4cbb0c1eddc6,74,209.12,Groceries,2023-05-07
6aa6ee1f-34de-4302-8445-1e2095d98783,77,47.56,Groceries,2023-11-14
89b9e198-104e-4590-8dd3-f89341bc83cc,72,65.62,Utilities,2023-09-04
8686e0ba-e731-4ed2-a2b6-7fdf7cf6168d,34,144.48,Entertainment,2023-06-26
f1ae996e-efff-4d71-9ab2-7dff58a65866,44,410.26,Utilities,2023-11-22
772f4e90-92b7-4b69-a8ec-6ca95064ebe0,74,302.3,Travel,2023-05-03
88dd398e-b118-4b43-9232-45d8c9692c7c,56,84.46,Retail,2023-04-16
8b1b3a80-0dd1-4fa1-a577-58362b4ee20c,58,17.48,Utilities,2023-11-20
b7d113a1-8d8a-4306-a4ea-cc1c45968635,23,485.91,Utilities,2023-09-30
735ff7fe-62d5-44b9-aa78-cb1d6bfcd443,92,389.76,Groceries,2023-06-18
a14ff12e-fe81-4bde-a9d0-94d021ee291b,34,386.46,Groceries,2023-01-13
79dee70e-53dc-410b-8537-dd68086653c5,1,181.75,Travel,2023-03-13
753555b3-d619-4b92-8e9d-103e74ef3895,99,131.91,Utilities,2023-05-14
efbe9b57-262b-4f88-a85b-761b6b1faf13,81,8.45,Entertainment,2023-08-13
0ad4a6d8-fd0b-4724-802f-8422ed2d5f91,33,407.94,Dining,2023-07-25
131337d4-d90c-474a-8763-cf88dd8ecf7f,81,451.33,Groceries,2023-07-01
00f94c16-31f6-46c4-9d6b-eb2527431b38,89,126.15,Retail,2023-08-01
34e4d5d7-c3a1-44b4-99a3-6a2e0e5187d9,10,351.3,Dining,2023-04-19
c4419cca-5b9a-43d8-82af-8c940120d628,51,130.37,Retail,2023-06-11
447f33b6-08be-4248-b835-9d5eb725def5,88,115.91,Entertainment,2023-03-21
2d9f9b96-d8af-476b-9e0f-0fa5dbe61a13,44,194.07,Groceries,2023-01-02
944749a1-d843-4aae-beb6-7d2be4ed44f5,60,289.92,Groceries,2023-01-12
9bd4db8e-d828-45fe-859b-7b9d93cda048,32,370.97,Utilities,2023-12-19
40d922c7-dbe8-458b-a9fb-50c065bb8adf,12,397.74,Retail,2023-08-06
14ade088-e565-41cb-88c0-313ff3b46fec,19,273.04,Dining,2023-10-18
c1a813ee-c799-4c95-bed2-46f45d8a02e1,36,169.11,Utilities,2023-11-01
94c9bc36-ffaf-48e7-9519-36a7b5fc5671,98,974.57,Travel,2023-09-16
87270ec3-27ec-40da-a93b-69cbd56837e2,73,377.24,Retail,2023-03-09
68c6e19d-dc6a-4888-8e3b-66b3e40861c3,34,416.47,Groceries,2023-12-26
4c79c38b-f79f-4ce1-8d2b-eab83f6876b4,22,77.73,Utilities,2023-01-10
5a1b08b2-0baf-49ae-8d11-0fb238c729ae,99,239.23,Retail,2023-02-05
3fa14ad7-d29e-4c48-8108-c9f70be216e7,8,386.88,Entertainment,2023-09-28
10e948f1-ffb4-4e1e-9ac2-7f832faaebb1,63,343.35,Utilities,2023-09-10
88c207e7-4404-438c-ab05-550567d34a9e,97,349.41,Groceries,2023-07-13
b1dbbdea-2428-4eac-a8e0-827a27c4238b,62,1858.35,Travel,2023-12-11
0e473190-b569-4db6-939e-b79bd0474e32,6,108.23,Entertainment,2023-01-14
4b324894-7e75-4f28-9b2f-8c4fd82a8d63,14,364.99,Utilities,2023-12-24
febee979-801c-4af6-8911-be85a56e8705,58,350.82,Dining,2023-01-25
1a4d3ad5-3a83-4039-a8dc-23267d9c46ab,47,73.22,Entertainment,2023-11-01
2c5d7c60-6195-48b4-8e40-87058eb1cb1b,2,660.44,Travel,2023-09-06
60d05001-f4b1-4a18-884a-6fb1e2cf6d58,61,449.02,Entertainment,2023-03-11
d8255684-59f5-479a-8681-68b3e6f1860c,84,139.46,Dining,2023-06-24
68f6396c-730b-4cb2-8b55-07f85cfe1853,83,443.7,Retail,2023-10-25
7d7559d8-ea2e-46e4-8358-c26f7939e513,27,164.96,Groceries,2023-09-06
b4e6d6eb-1839-4413-ab08-4e312d5c08e2,28,104.61,Retail,2023-01-01
19ed4926-149f-4934-aee1-3cd842f41c44,86,332.02,Retail,2023-01-29
9880e980-66ec-4650-8fc9-00d8c55ede04,30,151.59,Utilities,2023-11-10
8a0c6616-da3f-4766-8cc5-6a064adb5ad3,23,445.4,Utilities,2023-10-29
9ff6fe8b-b502-454d-b009-26ef993cdf2d,50,344.75,Utilities,2023-11-05
88ab6281-3263-458e-b24c-dc3b0e3ee042,24,74.81,Dining,2023-04-19
d6ddaaed-5926-402f-bf9f-d79d1c6aa989,32,229.62,Retail,2023-04-18
1f8a5fda-83cd-4f96-a65b-4f91e81ef136,86,1324.94,Travel,2023-05-31
86ca127e-0f68-4b46-8b72-578ea9652669,17,425.21,Groceries,2023-05-12
2f8ab232-f110-43e8-a75f-2d6e60a67a19,18,434.18,Dining,2023-08-30
ae684578-b2eb-4ca9-9572-923310fcb46b,54,401.1,Dining,2023-11-12
9d8f41d7-1182-4bc9-8873-0ec89717fd68,59,496.16,Retail,2023-06-19
bbc26a3b-8978-43e8-87e4-7b2c92bad8a3,13,372.02,Dining,2023-06-05
c5ad6234-85cb-4e32-a83c-f063b9770f26,93,155.31,Groceries,2023-02-27
e8df04ce-937f-4c52-a41c-489442cbac1f,100,146.98,Groceries,2023-09-03
88c91ba9-393c-483a-bbc5-9516155df106,83,1013.59,Travel,2023-01-10
7527e8d1-866a-4396-8c7b-3d7654e807b7,3,371.14,Dining,2023-05-23
11cc9a74-6382-4701-a5d1-5ab916a06f97,2,43.33,Dining,2023-07-23
7d7f3fc1-cf51-4130-9c31-105d114fedc0,98,282.63,Utilities,2023-05-14
0899cbc1-2dcb-47e5-903c-2086fa897bcc,64,81.27,Entertainment,2023-11-01
9ce31221-6e4d-4ef7-a8d4-886f3df1ee25,40,348.46,Utilities,2023-05-06
1fa07cd6-e632-4f25-bab2-c66a8e2901e7,53,791.48,Travel,2023-04-19
a16d81d7-b833-4fa8-ba45-2b503b4f9db4,99,269.51,Dining,2023-02-23
e99ce330-80aa-4663-8ea5-0ab64bdd9f41,26,370.68,Dining,2023-03-05
b70a93c3-3646-4bb9-abcd-7eff94d1d716,38,1011.36,Travel,2023-05-07
ba3d8a21-002d-4d38-8846-a37af69d22b3,5,115.4,Dining,2023-03-17
db1f07f7-096f-4cc6-83e6-6d1426dfeb00,59,49.62,Retail,2023-01-19
f2e431c9-6d23-4801-9ea7-34b95725489f,96,1397.26,Travel,2023-10-29
af8c03b6-8f09-4a34-ae4b-d857a5cb4566,80,28.01,Retail,2023-05-16
fb0e106c-cc89-411a-9eaa-328bab8e9a0e,37,261.99,Utilities,2023-04-03
b7508ebf-5e9f-437d-a182-a3c289977555,26,648.47,Travel,2023-11-10
840e7ade-1126-463b-89d6-de0737c01ab8,10,40.22,Retail,2023-08-07
5f5da87c-8233-4bba-9bc6-2ce6625293dd,71,158.15,Groceries,2023-10-16
8de06726-7a90-4827-bae1-c7146c9d226e,82,229.55,Utilities,2023-01-25
dfc2e49e-aae1-477f-8395-10411cd837c7,79,213.36,Entertainment,2023-08-11
1ae306e0-9283-42cd-9dc6-a2d3d84ffbb8,16,158.78,Groceries,2023-06-22
945ef45b-5951-41b2-9a27-050660517b1a,35,1023.5,Travel,2023-03-01
f663a938-f2a0-4745-901c-6cc799ba8055,89,87.5,Dining,2023-08-29
5bf56859-1743-439e-9c31-961518131ca4,13,428.17,Retail,2023-08-26
769b5fb2-0803-4527-9c51-2198dae63da0,22,1529.38,Travel,2023-12-15
64d226c8-a57d-410a-a002-566f4fc0071f,85,459.48,Utilities,2023-12-17
4ace3398-a0ca-493d-94a4-fe7d57c7c37f,39,267.9,Groceries,2023-03-10
d6bce233-977a-4e12-a3fb-b46c6d4852c1,37,223.23,Entertainment,2023-07-04
a515ac5f-6dc6-46ff-95f1-c5d3c570907f,39,441.01,Dining,2023-12-26
e5afdd21-e84c-4867-a85a-09b36a44b1a5,18,201.16,Utilities,2023-12-11
f0cee962-32cb-4748-b274-4fd56fa82a97,33,201.96,Retail,2023-05-30
d8846199-bee3-43d0-9371-59a68544c478,7,88.39,Dining,2023-10-12
d86c05dd-f949-4df3-ab29-8419a8172ce3,58,1441.93,Travel,2023-08-12
a648cc9a-1629-481a-86d2-d40383482deb,2,494.17,Utilities,2023-04-15
c3fab5b5-2bad-44a2-8388-c11072f711b6,12,318.88,Groceries,2023-10-03
e786fd98-5dbe-40fb-bc1e-384a0bf4703e,4,113.53,Dining,2023-10-12
12afc264-ef53-4085-959b-d5727b1e3877,41,307.31,Groceries,2023-01-01
60114fb0-a253-4dbd-a596-07b89c084b09,36,34.56,Entertainment,2023-06-27
e1bec1f8-b54e-4414-a1dd-f9269c7aca26,79,139.65,Groceries,2023-01-06
10e74bfd-6b20-4070-8806-d84ed1282fb4,80,1043.22,Travel,2023-01-16
c20d9c19-ea12-4b43-a7ff-94864071f24b,17,49.11,Retail,2023-07-11
6e2d4afe-2fa9-415d-b8fd-70177598a379,15,471.84,Utilities,2023-02-23
06eedccf-ec70-4ae5-9f2e-2f78f5203753,96,458.3,Groceries,2023-08-04
8ac6b9dc-52bb-4a30-92af-7a6840fb6c05,52,239.49,Groceries,2023-02-13
0d341eab-05c8-4f8a-8e82-0936f92e2230,86,74.4,Entertainment,2023-03-21
3ff23e4c-6c2a-479d-81c8-2bfb2acaaa6a,21,1212.95,Travel,2023-06-06
bef34e01-0d13-4eda-b4e4-29f7fefb6cfd,80,115.84,Dining,2023-03-17
0a69edea-328f-4cc3-8aef-99331f97f6c3,82,358.87,Entertainment,2023-03-31
3ee48e25-5e36-417e-8f93-385dc7263741,95,278.1,Dining,2023-10-08
6260a531-00fb-4c9e-9f99-c32ab2f2fd61,76,166.83,Utilities,2023-11-25
a7c9ccc3-3f37-4212-9d97-859aaadd928c,53,371.97,Groceries,2023-08-27
d78f45ea-0a0a-4051-a72d-3dec7e8c54eb,30,279.26,Entertainment,2023-05-24
385c0e10-899b-4a17-994e-e610aefb82b9,68,84.63,Retail,2023-07-27
355c2134-b87a-44f3-ba0b-c7fb1a03ed84,86,47.52,Dining,2023-07-21
2cab695b-6651-4303-b9c1-adaf11b5dd81,10,123.73,Dining,2023-12-15
79b39bc6-a05e-41c7-bdc0-8bf5af68e182,2,1700.38,Travel,2023-11-06
54b17beb-d86d-40e9-8493-f4f25b1cd9e6,73,293.31,Groceries,2023-02-20
c1ffb49c-f503-435e-a5ab-bffb49163f5b,15,1637.13,Travel,2023-02-24
87326e65-8ae7-48f6-a2cc-c8593f4cfad2,75,271.5,Groceries,2023-05-28
1ea2d04e-0508-4ae7-b480-80e8381521d1,47,30.13,Groceries,2023-11-10
a74fce33-e09e-4edf-a455-b6f3eb0e69d9,32,104.75,Retail,2023-05-12
e8323fb0-8130-4566-a3d8-b4c7eed27236,56,1965.64,Travel,2023-06-01
3f901516-6905-45c8-ab33-5d039a175c49,68,339.56,Entertainment,2023-04-01
ea817f2a-ada5-4649-86a9-932c0fd7c607,68,1790.32,Travel,2023-05-19
88db7826-ec86-4e08-aa04-4fca5f34744e,56,475.15,Retail,2023-08-31
0af6446b-a58e-439c-805f-2507879d4141,6,1396.14,Travel,2023-04-13
e4324da5-244c-4404-8d43-9700e89c1aff,22,475.02,Dining,2023-02-25
75906f01-f16f-4e99-b30f-b1fd6237e23e,26,414.79,Entertainment,2023-03-06
6d4446eb-6216-4f35-bb02-4d7176d6cf37,1,257.72,Travel,2023-09-23
01f759ca-bcf2-41dd-b096-3856305bceb0,27,163.18,Utilities,2023-08-11
78ee777e-e7e0-4e12-a339-729d7978d9cc,17,220.43,Utilities,2023-08-08
d2fe66fe-cfc2-466c-9175-713c4f1eb9a6,70,221.2,Entertainment,2023-02-09
83ee7e13-b33a-4dc3-aacd-5c011b1616e9,84,857.56,Travel,2023-04-25
cf12dc99-7226-4393-a188-7089bc4f92b0,63,97.52,Dining,2023-06-27
c20f2d1f-0836-4fca-86a5-4341005bf224,28,219.7,Utilities,2023-01-31
0632beaf-90ad-41ba-a2e6-6a23ba14eab1,60,117.07,Retail,2023-04-09
a4be067a-e2ef-4ee9-84b6-ac2a848abecc,64,98.44,Entertainment,2023-08-18
2050cc5c-e431-442b-93dc-abd66441c0cf,92,125.02,Retail,2023-01-09
c075cc01-8e04-44f8-8871-513553969c1f,2,451.02,Entertainment,2023-04-25
95254fe7-c509-42ff-9656-804aed953ea7,86,454.26,Groceries,2023-01-10
25e4f5e0-beed-4a16-8c02-3c1eecfeff2c,59,6.72,Retail,2023-10-07
c8055cff-a555-4545-8c9e-b65041858716,99,1210.89,Travel,2023-08-28
5a127942-8163-477e-a9ab-f2bdad1679f0,73,378.93,Retail,2023-04-23
906cbb62-37a7-4ee9-bb54-23b018bce8c5,71,1160.55,Travel,2023-07-04
49de176f-7218-4066-aa02-dac1456eeb03,24,28.47,Entertainment,2023-05-15
d927389b-cb94-4256-8651-d360c9fc0177,88,166.79,Dining,2023-02-05
057946c4-adad-4b50-b87c-f5746b951e27,10,219.6,Dining,2023-05-16
8d792206-4e4d-4132-b2bf-3d5d7a9b98c2,15,102.52,Dining,2023-03-31
82b99600-d6f9-4dfe-b357-41c7a7e4b35d,17,206.64,Retail,2023-07-18
505976b0-0cb6-44f6-8234-a3eeb875400c,26,367.77,Entertainment,2023-03-09
31148baf-c51c-4973-ab94-ef612dcb73dd,38,456.66,Groceries,2023-05-09
a11697b3-30b9-42aa-8640-b81e746fa0c6,85,315.71,Utilities,2023-10-10
a006abe4-8208-465c-9a98-5a06b142dd8e,17,1536.81,Travel,2023-05-02
86b19947-cabe-4df9-9b3b-ed273a57dda7,70,415.39,Retail,2023-02-26
ddad2505-31fb-4d1e-aa55-af59680dcec1,84,659.34,Travel,2023-09-03
2e46cb89-dc5c-42fd-9d57-42c0c6697026,95,466.86,Groceries,2023-07-08
75366cd9-1acf-4eaa-8d53-675677e52bcc,10,387.64,Entertainment,2023-05-31
b77f6911-3bee-49d1-8052-4745be450e83,56,73.36,Dining,2023-07-16
05b362d3-1b6a-4755-b4aa-dcfae6c10921,61,420.89,Utilities,2023-07-10
69ca6a8b-09eb-46aa-ac45-a67f41c6c4e7,84,76.7,Retail,2023-12-14
4b94faf5-c6b1-438a-88dd-01d0c9ca0099,9,1717.88,Travel,2023-11-28
c41c1c86-7d49-433f-88e6-018936658e81,59,1326.33,Travel,2023-03-30
f410fd18-3dea-4c2d-8dd8-a28e44679a95,23,168.72,Entertainment,2023-03-14
952d0e8f-d5b8-40cd-aa34-ca50f83e39a9,92,406.27,Dining,2023-12-16
50bc6bd3-688b-45f5-b218-fa8d0c60508b,38,323.69,Utilities,2023-04-18
f284f9f6-84df-4de8-ba86-ae48dd6e7333,10,320.76,Utilities,2023-11-29
10dcb802-fb58-4010-9053-0ad26aacaedc,74,146.51,Utilities,2023-08-29
bdcb593c-6bdd-4fac-8149-34d90d46465c,73,388.49,Dining,2023-09-27
207cef53-ba77-4bba-99ab-0cc3968be19d,28,497.77,Dining,2023-03-15
c12526eb-cd66-47aa-850b-060e5c46eef7,15,172.22,Entertainment,2023-11-29
370a72aa-2b7a-486e-86aa-ea7f7521f401,14,220.37,Travel,2023-11-12
c66d531a-17a0-4223-a186-c26fef7032a0,45,424.87,Groceries,2023-10-01
eb3f2d8d-9fdc-4edd-a7fa-6ad67fc77a30,16,424.2,Dining,2023-03-17
2317b2c9-fd83-498e-a3c6-a3b2abbe483c,67,333.21,Utilities,2023-04-30
25c415c7-4e0a-457f-962a-8f02be52acf3,54,400.61,Retail,2023-08-16
45e4312e-75f2-4d73-a0b8-2a8ca831da69,26,152.18,Entertainment,2023-04-09
3b21538a-c4f6-4469-8c7b-74052938be39,14,359.55,Retail,2023-06-04
8632c383-9182-4f41-9c0d-d017226633c8,16,1122.92,Travel,2023-06-16
729af1c8-8046-4f9b-8d37-062cff1b9ce2,77,118.98,Entertainment,2023-04-09
7266ced0-3b13-43de-a205-96c18b5eaeb5,27,74.41,Dining,2023-05-16
0b36cca8-caa5-46b6-b3d0-b5430c273bf7,50,368.51,Groceries,2023-06-03
45fa6c95-83ab-458e-ae21-508423f7a5e1,5,83.16,Dining,2023-01-07
2321a6e7-83e5-41a8-82b2-249b0b375181,28,298.96,Entertainment,2023-08-29
1ac47cfd-d78b-4555-8b8c-23c5ba3279c2,53,249.02,Dining,2023-11-03
d482338e-48c2-450b-bda6-2747330bb068,24,226.02,Retail,2023-07-20
5946b5ed-3c85-480f-a06a-4652364aca68,9,220.54,Retail,2023-10-29
b23c041a-76d0-4509-995a-8f0673041896,61,455.89,Groceries,2023-11-29
f662ea0d-0e2e-409b-828d-9fbe18048146,1,118.04,Utilities,2023-11-16
1b24a18e-ed01-4505-b0c8-6b21aeba1f15,72,321.31,Groceries,2023-12-23
505625a6-4a2b-422a-80cd-7b2dc21edad5,52,386.32,Groceries,2023-01-13
11eaee73-0603-4b84-b5a1-ff6c9468e589,51,219.27,Utilities,2023-01-29
698ab7ce-4b1a-452e-bdfa-b1c8855c08a1,54,469.94,Entertainment,2023-01-11
a87ca0e9-aca4-4df2-9182-2f3a7d0e72c4,52,459.05,Entertainment,2023-07-19
8bc3c978-6840-4333-8956-77a6a4463c47,59,18.4,Groceries,2023-04-22
ea2c44fb-516e-4193-91ef-66f6c2274a77,42,178.01,Groceries,2023-03-20
c8c0e30d-e32f-41aa-b0b9-f2edd09f9c89,35,97.35,Retail,2023-03-19
be94c50f-7b14-46b0-8437-edb86598daf6,87,246.88,Groceries,2023-08-02
16e684ee-8eac-47ff-8ae2-28475f418958,64,711.18,Travel,2023-08-13
3f44ea99-4f41-4890-8a58-2b618a0739d9,60,20.39,Utilities,2023-12-29
730c8812-f866-42ee-a231-52ea7aa807cb,97,262.53,Entertainment,2023-10-17
abd7eb17-9cae-4768-be46-0f5560d350a3,50,1486.83,Travel,2023-05-18
31f9315b-6b12-4763-a679-d2af8a22a203,44,61.07,Utilities,2023-06-25
15abb84c-f80a-47a1-829f-ba61000267a8,46,260.3,Utilities,2023-08-02
80ecbe18-a0a7-4d46-987e-49a97714f83e,96,98.04,Retail,2023-11-08
9c85fdfc-5011-467a-a543-f1f371525de9,98,381.93,Dining,2023-11-24
b7514a55-32f4-481c-ad7a-4b038496961e,58,181.27,Travel,2023-01-20
1609e07b-0be1-4c73-bb8c-45627ef47fe2,22,28.28,Utilities,2023-08-18
723ebe00-5345-49f7-93ef-6b733f439af1,95,356.23,Entertainment,2023-10-22
2da76482-9ecb-4ed5-9477-511741b0ed5f,46,415.69,Utilities,2023-07-28
6f7026ed-c067-4f8b-bf6c-978af772d437,60,109.85,Utilities,2023-02-01
1e5799f2-adaa-44d9-9859-a1d92d1a3a8f,75,74.39,Retail,2023-02-16
61618ec9-6101-4058-b34e-0812a385054c,92,374.49,Utilities,2023-09-11
519616e8-b2bb-4361-92c8-dd232b025720,94,138.45,Dining,2023-03-13
203cd251-3ba0-41df-ae08-29f0fe8c3704,21,23.01,Groceries,2023-03-26
8cfce447-7e39-4a7c-b9b5-4ae82eecde11,29,410.11,Utilities,2023-09-05
1887f240-e17e-46c5-89df-2e887086ac2f,16,495.72,Entertainment,2023-05-29
268c194f-5e9f-4065-a13c-03d96f6deee0,81,61.2,Groceries,2023-08-14
7efe6f8a-1a23-433a-bbcf-91c38cf4e184,85,441.92,Dining,2023-07-30
dfb60960-46e0-4240-adf0-0ac0f8f14bf1,47,496.71,Utilities,2023-05-29
5ffa5143-8bba-4bf6-ae37-4b94aa7656ea,76,499.58,Groceries,2023-09-21
a3650d1f-89c3-444b-995d-30d9fe8bfa85,92,94.1,Dining,2023-10-19
05c5752a-b4e5-4bbb-a0af-9499c5ad46fc,63,392.34,Retail,2023-12-19
518d7a7c-6863-412c-9240-70647a40b90f,38,104.93,Retail,2023-07-29
599d5b81-a1da-42f0-b5a4-227b9e2d6818,57,1953.43,Travel,2023-02-28
61ef4d63-3ac6-4d0a-927f-066d5bbca4ec,18,84.13,Dining,2023-06-08
327cacdf-360f-45bd-9a8d-7fee2822a27c,77,211.12,Groceries,2023-04-13
30d5f930-880d-4b62-92e8-7c21a3dd7c9b,7,403.39,Dining,2023-10-04
641447a3-fd82-4b53-a949-2438a47759dc,72,259.44,Utilities,2023-08-16
e45e76b3-6886-45ba-a00c-83177b154aa3,72,138.33,Dining,2023-09-10
13b89914-6c96-4f5d-b560-0a2902a6e475,40,1728.91,Travel,2023-09-15
46f323fb-877b-49b5-aa80-eb80cc907cbb,46,72.14,Entertainment,2023-01-31
a06e4c1f-c6c9-420e-86f2-57b07429657d,18,256.59,Retail,2023-07-04
9e875e41-bde0-409b-bbe5-98dbd6a2dc0d,19,315.55,Entertainment,2023-12-14
2ae5e6e5-8d33-4db3-b0a6-8c68e1091641,4,285.77,Retail,2023-09-24
63cb6133-e2a1-4093-9308-b140fe465731,50,471.75,Dining,2023-08-25
917aa147-d610-4483-b1fb-2f31e80a2c93,12,228.44,Retail,2023-05-01
ae35bc65-a50c-4c23-a8b9-d549a9eada7b,48,320.42,Retail,2023-01-13
501485ca-663c-450b-9204-101a032cc9db,24,244.12,Entertainment,2023-10-11
572dcc1e-75da-4513-9d53-fc8114f2e687,25,245.21,Retail,2023-11-26
a9275d86-d1fd-483b-b2db-4d6166441b6e,39,365.71,Dining,2023-07-03
d58367e2-59b6-45ee-bfb3-31aa232f9a40,34,297.62,Utilities,2023-11-04
4522a6f4-56e2-4533-b064-0c3693b78106,30,477.44,Entertainment,2023-11-27
a065519b-9252-455c-9a4a-857086115e64,70,133.68,Retail,2023-09-21
ed5e1dd9-0651-4c2e-a92e-db6242af7137,58,401.05,Travel,2023-07-03
684e7779-76ae-4495-886b-a7232d3be989,79,293.24,Entertainment,2023-11-29
8ece56f4-6892-4139-bad1-28105bf57a00,35,137.97,Groceries,2023-08-18
e1d45b84-0689-4997-a8c7-461875c6798f,63,124.8,Groceries,2023-11-01
1e17e609-b09c-4ebb-b11f-0e581a23bba0,54,389.16,Groceries,2023-01-23
075bc799-d644-4997-a66a-7b8399a8336f,3,257.17,Entertainment,2023-03-28
62ef601c-af37-4c74-8bc9-0c46bdc32747,17,80.11,Dining,2023-09-07
661922f4-5b51-4252-b025-acbac0738f54,17,425.22,Entertainment,2023-12-08
3d365b0b-c862-416e-afec-1fe2ab6b9a0e,21,406.74,Groceries,2023-05-07
c8d402fb-a842-421a-9a1a-531215133229,60,331.48,Groceries,2023-03-27
e16ef888-0cec-460e-967f-302ae60ce808,81,71.23,Groceries,2023-03-11
be8c584e-378e-45ff-a94a-654e26c7b192,60,53.46,Entertainment,2023-01-05
6d31bb89-9113-48e3-ac69-bd2b59fd75a1,33,464.58,Entertainment,2023-12-23
841e24b8-a804-43da-b2b6-09f2b3c988c5,73,295.15,Entertainment,2023-05-07
d6c0f5b8-06b5-45e4-af2c-5b5433024257,62,82.63,Groceries,2023-04-10
d6e9f254-4ac5-41f8-b669-ed4da6da11d0,45,28.86,Utilities,2023-11-18
d5288b73-f9be-40b9-b19d-11874e61ff09,19,268.39,Utilities,2023-04-08
4eae3452-ecd8-48af-a812-ac4e2e1522db,84,738.02,Travel,2023-01-06
98e29586-617d-4879-aa59-5b9a61c07ec1,50,240.5,Retail,2023-04-17
c606387f-d824-4a86-a9c0-a3822e367aaa,35,1955.0,Travel,2023-10-25
ae9ba931-3ef9-40d4-914d-b182eeacdd1b,93,200.82,Entertainment,2023-02-24
2f36c64a-e147-4351-b7e2-a21b6dd1a4a0,16,209.05,Retail,2023-06-11
ddaa0274-9621-48a4-8eb8-4f71d23e7797,31,177.03,Utilities,2023-09-07
83dd8548-5359-47d9-b8aa-d129358c3cf2,71,298.7,Entertainment,2023-03-13
cf00e48c-e1e0-48ac-8d33-25e55a5312d6,99,480.14,Utilities,2023-11-23
7da22bdc-4476-43c3-ab93-449a1eca83a8,81,135.03,Entertainment,2023-07-28
fde09821-0fc3-466f-a232-b7fc4de3a7af,56,350.28,Utilities,2023-10-11
d4b3a298-8e69-4b76-8352-d94742a9e6c5,18,248.65,Retail,2023-09-21
33bc5b4b-cc20-4931-be11-10d2448990f9,36,401.04,Retail,2023-08-20
c9f6eaf2-164d-4c30-9fb0-b95f2e30c0a4,3,33.16,Retail,2023-12-23
874c8874-8fcb-4ecc-a2b6-3eb931aa548f,26,77.07,Entertainment,2023-11-19
f5393333-f92a-4049-987c-cbec454764d5,61,241.46,Groceries,2023-08-03
06c78a5d-2638-40e8-9e95-bd6cacdd4494,90,119.46,Utilities,2023-09-10
93b215d5-3ee6-4469-ac1a-ac20f0f75f16,19,269.2,Retail,2023-03-17
aabb7500-a294-498d-8ab4-b1ec8dd3b10b,27,9.6,Entertainment,2023-02-15
bea0fe61-7bf2-4fb5-a52b-6f29cd08fb21,76,108.93,Dining,2023-07-25
f51eb0dd-0d0b-42ba-aa33-1935c9fa0423,70,1399.98,Travel,2023-01-08
fa622e03-a0ee-4593-aa23-77f68ada70fc,22,190.26,Entertainment,2023-05-31
3e560bf8-61f0-4daa-a330-6bb5c6f64367,7,129.02,Utilities,2023-07-28
63b7e93b-c4d3-4fb1-a083-952d429aca5b,11,475.21,Groceries,2023-02-12
d136059f-e692-458d-aa65-ff980373ff1e,58,205.99,Groceries,2023-09-09
aacc5416-3346-4d9b-9d8f-88aa0649b2ed,25,623.13,Travel,2023-09-27
64b17177-4ed1-4af0-aef9-9beb38317042,17,244.35,Groceries,2023-08-04
636595f3-23e3-4049-bf45-2759df53f00e,57,228.59,Dining,2023-12-05
44b131fc-43f6-4dd3-a8d8-2950b72c6bd4,86,61.63,Groceries,2023-08-21
47d45d4a-316a-4029-b673-1c2e2388b8df,47,285.31,Retail,2023-07-29
1f74dcb8-5891-4d09-b5f9-a6341fe8acd9,11,1430.93,Travel,2023-01-23
1001a51f-c682-4c5d-b136-9a532f2c2e04,90,282.53,Dining,2023-02-04
3e41ee0c-e5c8-4c4c-a781-770267657e80,93,205.06,Retail,2023-10-24
51d80aaf-92e0-46c9-93a9-bdbcfd22d880,54,246.63,Retail,2023-05-18
92d43498-ecf0-4d78-80d3-245beb7e62ca,70,326.23,Travel,2023-03-28
e6b6c9eb-8310-4314-94ae-f17c5764a421,17,183.12,Travel,2023-05-12
7cf3454e-bc8b-4cc6-a830-3a0668a4bc37,72,426.66,Retail,2023-04-09
312cf4b5-3da0-4184-9038-941f02ee7766,15,322.08,Retail,2023-05-26
c81d94fe-f458-4f23-9d51-1339d77f6693,7,469.62,Travel,2023-02-09
5b84de6e-4e2c-44c6-b558-da200a7881be,26,1699.0,Travel,2023-02-25
61f9c0ce-98f5-4205-8bb8-b22d33bc0e50,41,373.46,Groceries,2023-03-24
6bf23d29-c9f3-47b8-abd1-f4af7d1cbb38,56,358.67,Groceries,2023-04-02
bf8381f7-4484-406b-8b52-268802840bc3,84,475.58,Retail,2023-06-15
39fcea44-e35c-4807-8c41-9762ff8325a5,93,462.09,Entertainment,2023-04-01
720cad4b-a622-4985-ab89-cfb5bd46db4f,18,235.66,Retail,2023-06-08
869b7e78-646d-4765-8bcd-87a7a195a63e,36,184.88,Dining,2023-08-04
293f1764-d4c1-46c1-93ef-9d223eb6b796,9,414.91,Dining,2023-07-17
f0e64fa2-bed8-4bc8-9c17-070f0226f8f2,55,235.36,Entertainment,2023-08-16
f0a287c6-a75a-4389-b9a9-c4455c91bf99,71,228.12,Utilities,2023-08-06
8fcae9d9-beec-4880-b047-b65b846402b2,97,1918.58,Travel,2023-01-16
01926459-df88-4a07-9110-774aeeebc3f1,42,175.14,Retail,2023-11-10
9b6346da-c4ba-48ba-86b5-07271aac62d7,3,227.21,Utilities,2023-02-13
4d9eba06-c33d-4f0b-9230-6b5fc0ef9846,6,482.37,Groceries,2023-12-16
d74dea4e-610d-4d9e-bcf5-02c2c4a1d98b,28,123.48,Retail,2023-11-26
95ddf1fa-5a53-47a5-8005-7f0fadb39ead,61,103.52,Dining,2023-04-26
2d65ba66-95f7-4bb5-84ec-2b9f0fe2fad3,98,17.02,Dining,2023-05-22
962ff2b7-4b5d-46db-80e4-1b6ff9e109ab,13,240.11,Retail,2023-04-30
5f109733-0a8b-4865-a88d-05e76bb2340c,14,364.1,Retail,2023-10-31
20be3df6-4a03-4942-8fb8-bad2db9b7021,75,364.61,Groceries,2023-04-28
b649ad77-56ac-4699-9502-c413ee532330,45,231.13,Retail,2023-09-20
6cfeaffd-c81e-4882-9413-70657188c830,95,285.01,Utilities,2023-04-08
adaf6ab6-a6d2-4397-9bda-b174ea87be0d,92,54.09,Groceries,2023-06-03
16c66104-c7fb-4110-9439-c8a8fde47848,90,313.12,Entertainment,2023-12-27
eefd9b6b-e2a5-4866-954d-cf6ff4ef718f,62,432.98,Utilities,2023-07-12
38a30358-02fe-46bc-806b-9bf3a22517ac,5,1999.37,Travel,2023-05-25
b526a5dc-225a-406e-8cb9-a52cf4e41f7a,24,430.71,Groceries,2023-06-08
a5e64d66-29ae-4849-83fd-c55e601b150a,17,73.73,Dining,2023-07-15
c65e0b96-dae4-4bc1-a455-9c40e583eae1,50,341.87,Entertainment,2023-12-24
84ee1d10-6b45-4c61-b1cf-47a412e1532c,11,65.64,Groceries,2023-07-10
6412e71d-07b3-4f92-9b38-dc988d836cb3,32,198.59,Dining,2023-06-10
c02cbef9-9420-447a-91af-0876636c8174,79,56.84,Retail,2023-02-02
e4a0c2c3-1185-426f-966d-6d0ed9ee214e,81,888.04,Travel,2023-10-27
941fa2ea-4666-4ea0-8b92-732f8e0cc421,90,94.87,Utilities,2023-07-25
e16f3605-1cb7-4929-b4f1-f90a4d2618c7,28,159.62,Utilities,2023-12-19
ef40b26e-68c3-4790-8d0a-e8a846432cc5,88,345.99,Dining,2023-06-20
da0f983c-9ed4-4e42-ae30-985dddf38bdf,43,210.19,Dining,2023-05-28
3f52b751-63b3-49bf-90b3-5350aedf0ca7,92,195.53,Dining,2023-01-19
a6e00fab-242b-4962-8695-948ec248c85c,10,372.32,Groceries,2023-06-25
1e2e8f7a-63d4-4111-a5a5-48cb33e1230e,83,311.93,Retail,2023-05-06
49229893-749d-4315-a74a-6a87cc89cbbb,16,1535.66,Travel,2023-02-02
9963ff6d-c94b-44b3-b90c-37211a838632,83,129.7,Retail,2023-06-29
3444dbfc-944a-45fd-8026-35f9a27f5100,72,1642.94,Travel,2023-05-19
e8ad993a-6520-4520-9c46-9eb13e9f5747,39,457.16,Entertainment,2023-03-26
2e7d8274-3fd5-4058-9470-d1e69209153e,97,458.18,Entertainment,2023-07-20
8cbb7f0e-80af-475d-8281-b3583dc33769,23,191.3,Travel,2023-11-08
b43e3c74-1091-4486-ae05-e62a955d3068,39,1613.84,Travel,2023-03-12
2de28355-d842-4afb-8f05-763d18005b7d,97,144.37,Entertainment,2023-07-27
61931502-8fa8-4ade-be7b-80fe6acb1763,11,425.77,Travel,2023-08-05
9d2905db-ceed-49ec-8dd7-3e1bd9ae4d66,61,349.1,Dining,2023-12-26
928a98e9-f980-4f37-b7a9-c7be45110250,58,444.04,Groceries,2023-08-26
83de63f3-dfee-4ca5-bc96-64775e3fc0ab,28,241.33,Dining,2023-03-19
ecb0cafe-0892-4c2c-b1b2-366013fac985,65,156.17,Dining,2023-05-27
2956cf0e-7c49-4d4f-b356-4a9478c7c780,78,264.46,Groceries,2023-01-06
53bcb1b0-11e7-48f6-994a-defda30feb31,61,443.32,Travel,2023-03-21
faf785b6-cf5d-4f44-b6ea-ef4f859cbcd5,71,1702.98,Travel,2023-07-05
a22e05ae-faec-44c6-89a4-3241fce0647c,50,408.79,Utilities,2023-12-25
6f597ea5-09b5-428f-8566-f21123473b43,71,177.62,Entertainment,2023-01-01
ec30bd65-3d4a-4800-9e7d-c42955f6db0a,59,94.18,Dining,2023-06-09
7811c0a8-04f7-4a0a-94d2-399392e4f4f4,73,280.33,Dining,2023-11-06
4420f1c2-ef43-4585-86bc-3f64d9cd4139,99,394.78,Entertainment,2023-04-16
6ec898ce-c23b-4949-ab1c-ac11864b1e67,11,487.22,Retail,2023-01-16
3ebdcf32-cd75-411d-9b62-8781823e6c84,64,327.96,Retail,2023-11-10
e49d0130-d5a6-4119-abe2-05a504a70850,62,159.98,Travel,2023-10-10
9fc8a090-60bc-4ce4-9a3c-78ccfb150f69,3,287.3,Entertainment,2023-08-12
c9a1983b-ab89-4516-8710-545c68ad3435,52,78.49,Utilities,2023-03-01
71b5dc26-3608-4b8b-bb4d-3218c07dc04a,59,115.96,Groceries,2023-08-26
87ec3b9d-fedd-4186-96c5-08a51f1b2ec1,21,439.99,Entertainment,2023-01-03
89998262-6bcf-4f1c-8bcd-4fbde7fa9bc4,85,14.85,Entertainment,2023-11-07
10c4bd22-d0e5-40ee-831b-d189c45daabe,17,487.72,Entertainment,2023-06-01
b6447517-1cfa-4938-955c-8f5c913f3c96,47,83.69,Utilities,2023-04-19
8e69057d-8a1c-4aea-941f-36a3b3c5f75c,50,206.13,Entertainment,2023-03-08
0e7d1775-e069-42d8-98d3-33ff80ea1077,26,74.2,Retail,2023-04-06
793e15c3-d600-46fd-8809-c4abe3f10b03,44,93.56,Groceries,2023-08-25
2835be7e-6c45-4d67-9bdf-f814db8f2dd9,14,216.61,Entertainment,2023-06-17
02c3dad1-d753-4155-84da-bf6f112ed785,75,419.14,Groceries,2023-08-10
6614bfb5-c199-4973-9fdf-b9a1f10488f6,88,26.3,Groceries,2023-10-20
6f4026f5-ffe7-4641-b3fe-902d4f13dac4,39,1552.44,Travel,2023-08-11
bc445eab-81cc-4893-99eb-978505e7d62e,52,43.7,Retail,2023-02-24
c01f3014-a132-402e-9bc4-49aa48855710,43,937.68,Travel,2023-06-19
e0b958d7-939e-4a0f-98ac-49f2841d228c,74,452.86,Groceries,2023-07-19
6608979f-2da3-46f1-aa53-2fc910537769,50,344.49,Entertainment,2023-11-06
1e16cf75-256d-4087-8bdb-c73d0fd18064,98,92.54,Retail,2023-02-15
e48fe0f0-2435-47f8-9058-1261627a6c3e,100,1487.16,Travel,2023-10-17
0430b994-5285-4747-a5d8-48ac6d5863cb,66,1028.52,Travel,2023-08-17
12cf9852-65f9-444f-8754-382fc0c6ae81,50,554.33,Travel,2023-05-11
77e27575-322a-47cb-80ab-b1e4c05c9464,27,89.68,Retail,2023-03-02
39da26bb-f19a-4ef5-b357-d65f9bb14775,87,124.04,Groceries,2023-12-19
6c993780-37cc-489f-be6b-db057b4a817e,9,47.06,Utilities,2023-09-18
cd4c7bb7-5ffb-4ffe-824e-42c60c41f267,19,169.86,Groceries,2023-01-21
a0e88809-cb50-4a33-9255-93ba603ada12,67,430.42,Groceries,2023-07-02
2a228816-da8e-48a5-9d2a-e0bb6a7daec1,9,83.54,Utilities,2023-01-10
e98bc32b-f3c8-41d2-9bf8-ac122213c721,29,125.73,Dining,2023-03-24
2399ef12-b7bf-4da3-ab67-70f24c8bb7a3,94,457.41,Retail,2023-12-30
d68b2fcb-7adb-4530-b7ee-e12d5a882e9b,64,61.2,Utilities,2023-09-11
725fed9d-4255-4035-9da2-ab8a00d8880f,84,174.51,Entertainment,2023-08-26
ee5925b0-9e3b-464c-a855-7d8f71e6b56e,82,309.88,Dining,2023-11-05
ddeb776c-ef19-451b-81da-b5b58ab36ff2,70,355.24,Dining,2023-03-07
0de92bd4-64ab-4b01-8f04-a469e1a10129,54,951.01,Travel,2023-09-14
ed417448-2daa-4302-a98e-3cf666d3d095,26,212.12,Dining,2023-07-12
b24b7a48-574f-488a-9ec9-a7cc527692c4,77,1982.09,Travel,2023-12-16
30addd5a-bb49-4c5a-b284-196842c7e79f,29,452.13,Entertainment,2023-09-13
d9db3295-d1be-450a-862e-d6dde3581559,9,308.7,Utilities,2023-03-26
2e01d567-070d-4b31-8097-a7c59629f50d,82,307.96,Utilities,2023-07-14
068f089d-f62e-4a34-81b4-3deb48731f23,29,211.18,Entertainment,2023-01-19
9a575c9f-29b1-4e81-8d56-a4aa0a0157e0,96,177.94,Utilities,2023-01-04
14adea31-6ea4-47c1-bfa2-ca2f28900054,81,10.71,Retail,2023-01-04
83070639-5690-4e5c-b56e-5cb7ad5dbd53,52,563.49,Travel,2023-05-16
203710c4-5cd1-4097-b02c-d438bebc331f,67,1390.35,Travel,2023-05-12
f69078bc-e666-4c82-a4fe-043b11e9b159,39,85.05,Groceries,2023-10-12
1cd19cb6-76fa-4276-8c1e-67e57351c894,87,316.57,Utilities,2023-02-25
b8d7c65c-5d7c-4e6f-a308-f44a054bb956,66,1901.12,Travel,2023-03-24
0d60f8e9-6495-4d2a-b45a-cb263bd4291d,13,243.16,Dining,2023-08-14
421ed706-3b2b-48df-b8d3-dccc02b43337,22,235.19,Dining,2023-07-15
0d9d7f5b-3920-45e1-8cd7-12fdbcf29072,80,487.77,Utilities,2023-05-17
f897ea74-1138-453c-8d0a-6b0191992e52,65,1832.38,Travel,2023-09-12
8c3902ca-cdc4-4e53-ab3a-570e831f4a2b,7,22.11,Entertainment,2023-10-01
bf360fd3-8aa1-4c16-ba9f-d4332ffc7515,88,483.26,Utilities,2023-03-21
5819c652-6f8e-4bc7-a843-725c72f1e661,54,243.55,Entertainment,2023-02-04
e85527a0-a9f3-4369-8367-d3fd953ed24f,28,447.33,Dining,2023-09-07
d4bbe44c-b31e-4f26-8c63-d006cb29f373,38,617.0,Travel,2023-11-09
d0a48b0a-e361-41ee-8d60-10be4d9772d6,30,446.04,Dining,2023-11-07
673cec1e-bd77-4976-8c1a-1a88275f28f2,12,377.97,Utilities,2023-11-22
37bc9d7d-e47d-4844-8442-f42aecc1ad01,23,808.68,Travel,2023-02-28
096d7dc0-ffd3-4950-aafa-8fe41c553c28,95,435.58,Groceries,2023-09-25
65240027-d1cb-45a2-97ea-3ca28adc586a,48,251.58,Dining,2023-11-03
3b28abed-af2a-4c10-8759-1d05894f49df,81,494.96,Dining,2023-02-26
100d1902-d468-4141-a621-f8932eca12e8,81,230.07,Utilities,2023-10-14
cde6e235-31b7-4309-88a0-475a3f6b0d1d,98,423.35,Entertainment,2023-03-31
0b9770a3-c53c-4aed-bc9d-bbe65fb3a430,68,203.84,Travel,2023-06-15
77f63439-796b-4835-b1a4-c5968810679d,1,37.64,Groceries,2023-05-01
4d8f1013-5080-422f-a426-2a937f142a2b,100,1205.94,Travel,2023-08-09
41a96d8c-a1e9-46a3-bfcc-f3124a1935ac,76,98.11,Groceries,2023-07-29
a228a6d5-bec1-4264-a691-44d8caae24a3,67,354.93,Dining,2023-05-01
e8374ea5-627e-4dc7-9d2f-4e679743ef40,99,260.85,Retail,2023-01-21
ca0cde76-93d6-461f-a8e2-59dba24f4b05,10,336.93,Entertainment,2023-07-09
ec838f6f-4928-48ca-b2fe-f0bd476ceb3e,36,294.32,Retail,2023-04-16
e66c2b41-2dab-48f1-85a7-a8f2933f306a,19,142.54,Entertainment,2023-03-08
5cd1c81c-79df-4944-86f7-d98b0776724b,48,1640.96,Travel,2023-02-14
e6e7c51c-6228-457f-8e13-7b8643e54c6a,98,381.47,Groceries,2023-01-17
70c74b07-9fb4-4d93-bf94-ece0b08af50e,32,65.21,Groceries,2023-03-13
ad30c461-9f0f-44f7-85f7-60b05d44a4c0,69,619.62,Travel,2023-06-11
cf1d4cf6-17fc-4a2c-9376-9a8413e2c722,87,469.15,Entertainment,2023-06-18
98a4bf97-0dd1-462a-949d-4d64771b8f71,22,370.97,Groceries,2023-11-17
1b8734fc-5a0f-458d-b70c-12647fed0575,44,238.55,Entertainment,2023-12-24
88e9136b-fbb3-4833-9a39-a65a5bc3e5d5,60,270.65,Entertainment,2023-10-20
d898c1bb-e01f-4972-bb08-47bc4667cfd6,90,211.04,Retail,2023-12-28
f1a76e4a-cf55-418d-bcf9-a70c67d07e63,13,12.74,Groceries,2023-05-16
c5d5700a-7a70-441f-8fdc-61a64935f885,28,361.68,Dining,2023-11-28
92c1e25b-40fb-4c2b-8d27-7b6987087659,52,238.87,Retail,2023-10-08
aaff6d50-4fd6-4257-b536-591f7214e693,32,107.6,Dining,2023-06-14
282c2fd3-42c2-43a6-9abb-09c74c8822a2,89,445.07,Entertainment,2023-10-15
b4429782-6715-4322-8491-b958ef1e3fba,25,73.37,Utilities,2023-08-01
1ce78efc-2b80-47e3-9943-f3a96474af04,50,396.71,Groceries,2023-11-15
6ec0665c-16d3-4947-887e-2e6f98f019b7,88,54.53,Utilities,2023-09-11
7bb3f6ef-e98f-4fb6-a96d-75b45b80dfca,76,309.78,Entertainment,2023-12-22
0fc32fd3-1b28-4076-8767-c012a9bc8e1e,57,426.4,Groceries,2023-07-01
bd0a88dd-ac0a-4c5e-84d1-0e5ae63424e4,39,364.12,Retail,2023-10-10
53f031e3-f8fb-4d00-bebb-0e44e403125a,39,350.86,Utilities,2023-02-27
861100bb-bbfb-4a56-b7e3-4791d56baf0f,8,1157.43,Travel,2023-11-14
776448d7-0bbe-4f8c-8b73-ff9f47e74066,44,966.92,Travel,2023-08-23
77b1a484-93e3-4d43-a746-4a1473010224,33,427.35,Retail,2023-11-21
b2633f37-0d46-46b7-a61f-2d69421615db,7,29.5,Groceries,2023-01-09
563eaf34-4c26-4550-b54a-4af4cd562166,11,70.45,Dining,2023-09-11
999702c1-c866-42b6-aa92-5736c2fedefd,84,104.22,Retail,2023-05-14
065dfa01-3838-4710-aaf4-1a9f7872f49f,13,58.16,Dining,2023-06-23
7f9ee4e6-5b32-4ead-b9ea-bb6f06f1acd8,60,417.01,Utilities,2023-12-28
fb45e7a1-816f-430b-9e2e-86526c45b731,31,377.49,Utilities,2023-11-13
5924e464-8913-4a0e-b0ac-fab49772a174,55,7.06,Entertainment,2023-03-27
a9261fed-1f7d-438d-a9e9-87655bb08fd6,17,459.01,Entertainment,2023-08-24
c9316000-c04e-45ad-bad1-7feba0e02bd9,3,429.24,Entertainment,2023-09-05
107d1e6e-1f3e-4738-b5f1-a798f3bd2372,86,57.69,Retail,2023-09-12
18249e29-ae4e-4056-931a-9d2194cbe937,73,453.62,Retail,2023-08-24
cdc43b20-d7b2-419d-a89e-df3550ce1c46,40,118.66,Utilities,2023-07-02
b7405be3-6fd9-4073-86d5-cac385600b29,40,183.09,Retail,2023-10-11
bd55e2fc-4645-40ad-b945-93ce160b01bc,41,978.45,Travel,2023-12-19
c2e676e6-5c9d-4fe5-ac9c-67a35d097450,91,1220.62,Travel,2023-08-15
bfa5d43c-b5db-4048-9db1-46a254381378,79,287.63,Dining,2023-09-23
63433019-cbc8-4b64-8d78-84c09dead020,18,132.47,Retail,2023-11-14
a5bb47fc-aff9-4535-885a-ac5b9ee73809,29,222.77,Entertainment,2023-01-24
958ee7e5-bfae-4660-b737-a19ddf044690,73,107.28,Entertainment,2023-04-02
b4d0da01-ee40-423c-972b-111b333be23d,63,282.99,Travel,2023-06-01
243fa47e-25fd-4335-b294-c04215bf426b,70,390.31,Entertainment,2023-02-25
7bd8bef6-dcef-4203-ac82-2bcb8481165a,4,229.28,Dining,2023-09-06
b06e0d9b-0327-4250-84cf-afbd7285a2da,80,415.43,Travel,2023-08-18
84ac1e6c-d2a8-47c6-ae19-3f6dedac2ee1,57,661.77,Travel,2023-12-30
5f659ea7-c940-4ec5-8919-975f11a2a105,52,119.85,Retail,2023-07-02
8a339555-99ec-43ec-87e2-bf6ae1cc6434,46,334.9,Retail,2023-01-07
b815dfc6-53c6-4cd3-b220-b965cc26a580,30,1375.19,Travel,2023-07-08
9ac08b50-c8e1-4dbe-8696-fc386bac7e0a,69,872.52,Travel,2023-10-29
c6c7e3c7-a13f-4447-8b9c-082f31afee18,7,232.55,Dining,2023-04-27
12de9220-5455-4cc9-b141-5e241174ce8d,56,310.07,Utilities,2023-02-14
9b701b4e-0f30-4540-9f50-b2c7da7695d9,4,353.67,Dining,2023-03-28
58f874be-e96b-43fa-8f92-38194fbe4de9,72,147.55,Retail,2023-09-25
c02ed11c-c53e-4e82-b8df-939bcacb2713,32,479.11,Dining,2023-05-01
128f849e-e2a9-4f2e-8239-4f7aac9aeef8,80,202.96,Groceries,2023-11-27
4768856b-b23f-45bb-a873-cacd9a72613e,10,57.5,Utilities,2023-03-22
5668e6f8-38fb-449d-b544-9796ebf6878c,6,340.19,Travel,2023-02-19
22be346f-6c7f-4657-b08f-8b66fff65323,2,94.6,Utilities,2023-06-17
9683954a-1ccd-4744-8b1c-398f069ab496,45,137.04,Utilities,2023-07-30
17a99355-b7f5-4963-91f0-5b3425758996,76,92.95,Utilities,2023-10-16
d231c510-b661-461a-a98d-0a9d07791d1e,57,390.14,Entertainment,2023-02-20
76559a29-4eaa-4fb0-a8ad-b28591f41ad3,13,264.35,Entertainment,2023-01-03
948c9281-2ac8-440b-a899-a34dd427535f,63,430.54,Groceries,2023-05-08
03b4f007-0926-44c1-a505-239e58a3ef19,89,460.55,Utilities,2023-02-01
e312fe4d-87dc-4f05-965b-ff0c1d133375,78,387.61,Retail,2023-05-31
3f995f63-bf84-4213-af81-b6a0673d4e1c,11,166.49,Utilities,2023-03-09
8415d1eb-434f-428f-ad94-e58715f03a15,89,295.8,Dining,2023-02-23
8da183a5-4d28-433d-a956-7a5fb7d39f4e,75,8.75,Groceries,2023-08-14
a379a0d8-12c9-4886-95ed-97f1ac8949d8,68,13.21,Groceries,2023-08-04
05551436-d249-4aea-91aa-2aa620c24df5,41,391.07,Dining,2023-01-11
cd8414e0-10f8-4a09-9513-d132ee3553a9,60,303.0,Entertainment,2023-06-04
13b05c94-5f95-40a5-8691-ec8a0808773c,24,227.74,Retail,2023-07-31
15c5303b-5956-4fd0-8e91-50247d37e234,76,173.63,Groceries,2023-11-16
7a81f2de-640d-4c05-8edd-6ddc821c5b1e,4,183.18,Groceries,2023-11-09
72030ecf-cb41-4e8a-a779-78ad7b36e7c6,41,270.89,Dining,2023-03-23
ebc5e861-5f7f-408e-a243-7eb4cb960c99,78,348.29,Retail,2023-01-01
7e6b2fb4-2050-499f-88bb-b8ee090e7ca4,54,304.67,Utilities,2023-06-24
75aedf84-03bf-48f1-8c20-1663ff23acec,19,64.33,Utilities,2023-03-15
d6bcb970-f404-4a26-9cf9-c7bf7a003be0,80,338.72,Utilities,2023-09-02
f82ebeb6-caa6-453f-b422-b861fdf55889,66,409.32,Entertainment,2023-07-08
f6396cb0-961f-4d10-9e5e-4666eafa0566,82,285.23,Retail,2023-09-09
0081746b-878d-446f-a0a0-fa060727da1d,85,135.74,Groceries,2023-08-06
6677b170-bc46-4fa3-981a-aaa017861e53,66,118.54,Utilities,2023-05-22
547dfc2e-fa84-451f-9934-df13d3440c98,1,320.82,Retail,2023-03-20
f3b6e98e-8164-4882-9c75-2b9b4e7bfe23,67,161.13,Dining,2023-12-24
e3f10bc4-3b08-4ad6-a871-bf449ac03a17,53,389.17,Utilities,2023-09-09
04d07e1e-87e9-4835-8921-1425b41d8172,56,145.82,Entertainment,2023-05-18
ab89cd62-61fa-4abe-8309-d8d421eba03d,33,470.47,Utilities,2023-02-27
f17e0d11-28b3-45cd-99ec-9b7a5970fe17,8,142.92,Travel,2023-10-27
4fadd99b-5873-40c0-a8f7-dc89c3f71c4a,57,235.58,Entertainment,2023-10-06
8781b189-66e1-44df-894a-ab425ea313c1,28,357.07,Entertainment,2023-06-17
515e2c3f-2538-4742-9df9-961ddd9a9f9a,75,297.92,Entertainment,2023-05-28
700e262c-884f-4fc7-8459-77ed67ef7db3,15,646.11,Travel,2023-06-14
8fa07fad-abf9-4561-bdad-348dd07739a8,55,139.82,Groceries,2023-01-03
ebca7821-1011-47d5-a80a-0685be673622,53,81.64,Entertainment,2023-03-11
da802bd2-d6ef-4de8-b7fa-88ac29fe325f,47,212.86,Retail,2023-06-30
bb12cc3e-d186-4787-8fd1-ca5ebb7879a9,13,196.82,Groceries,2023-12-12
abbb67de-5f33-4063-8577-7bc0abad0449,29,212.58,Utilities,2023-08-24
cdb43c8f-4da9-4b5f-950f-c111d13d0cd7,32,219.05,Retail,2023-06-01
bcdda8f6-093b-4000-ae1a-ed9da7c1531d,30,343.91,Dining,2023-08-21
0910eed4-4324-463d-bf9a-3af66e76341f,64,310.77,Dining,2023-02-10
c645f9c6-2485-4090-aa40-ac7ad69425ea,65,411.92,Dining,2023-05-30
8dea7b11-58c0-496f-b254-84682129f0fa,90,43.11,Retail,2023-03-11
66b844ad-33ec-459c-a394-2fa875d3080b,84,116.44,Utilities,2023-07-25
6aca4f9d-e0d7-4c00-a52d-3953522e102c,14,309.93,Entertainment,2023-06-29
164cf755-fa54-411f-b7a0-4461c368ac94,87,1115.39,Travel,2023-04-28
dde2db5d-d560-456e-aff5-e9b58d44a412,80,394.33,Retail,2023-05-26
1adc4cbf-0da3-4f15-a650-840baf673c0e,96,224.69,Entertainment,2023-04-05
61a95119-e95e-4a18-b7ec-972cdf2aec77,46,412.88,Retail,2023-07-26
0b6ce2b4-5531-401e-a922-145f2471d1d4,83,96.6,Retail,2023-09-28
2ad83ae6-c782-4036-94ee-be619df29261,42,33.05,Utilities,2023-08-25
4c6f037a-0090-4de6-8a3b-d71d24a306c5,34,269.45,Dining,2023-08-26
0245bee9-6776-44cb-a555-d94800d9eb97,68,101.17,Travel,2023-09-26
74b8207d-31da-4e84-bfe0-7f0a2a916a69,1,57.13,Retail,2023-12-22
971051c3-3563-4226-b299-3370b4ba7e91,88,272.61,Groceries,2023-11-30
01f97588-638e-486d-a0b2-2d12b797505f,47,245.66,Entertainment,2023-01-25
27340c48-78f2-4858-9dac-fe3eaf3f16fd,17,229.96,Groceries,2023-10-04
3c5af986-cfae-489a-9896-11a7125e83b0,46,351.23,Utilities,2023-09-01
f5d0680f-7486-45fd-b474-292fb7d3fbbd,86,353.9,Dining,2023-03-17
4a41d0c1-05df-4bf8-a876-9fb6f172efbe,47,245.71,Entertainment,2023-10-02
d829d52c-feb8-490c-96f0-d04d113f581e,39,349.68,Entertainment,2023-01-06
c0deb4b8-abef-4c4a-9634-82145745acd7,46,282.5,Utilities,2023-08-14
07131645-cf01-4f37-a398-7619fa6fee46,1,1240.33,Travel,2023-05-07
cf3c2b91-f96e-40a6-997f-71251f574385,96,200.08,Dining,2023-01-15
edef94cf-aa14-45fe-b29d-84da9ad4890e,31,465.47,Groceries,2023-04-28
6fdef5bc-8c76-4e7f-a888-650a9ac18ef7,81,1734.37,Travel,2023-10-09
580faeba-dbed-454f-981f-4c4d12af9b15,44,182.49,Groceries,2023-12-24
08f48cb4-8b68-4406-85ff-3792312d5976,78,9.36,Utilities,2023-01-27
8e1d3ce6-681b-4c26-9e09-3dee44486fcf,6,1892.37,Travel,2023-01-14
64b352ba-86f2-4284-9254-088161d15691,88,174.43,Retail,2023-11-05
cd9ee4b9-225a-44d7-8fbc-99c006a3754e,51,139.74,Utilities,2023-08-29
adb830ec-7f5c-4374-8200-70c5cd6c4862,85,475.55,Utilities,2023-05-16
497e9ea0-497b-4526-8bb3-01145971b31d,73,1392.99,Travel,2023-07-11
88afea74-04b4-4f00-bfb2-f56a43df682c,37,368.61,Utilities,2023-09-02
ec176f71-e9d0-44b0-8de8-e595c9c76d44,67,254.16,Dining,2023-12-07
81ed9884-9e60-44a7-8f93-4e353a1ce902,11,642.1,Travel,2023-08-18
6ee13af5-e425-4b92-bc68-c4984daf7337,68,302.51,Entertainment,2023-04-03
f887ba86-c3d3-4eed-a19c-7b10b0b4158b,35,187.05,Entertainment,2023-04-16
bd1e5b04-c8e1-4bdf-8ec8-562fe1db5518,95,187.94,Dining,2023-02-21
321e46ff-1d44-4959-80dc-9a0a813584de,40,202.09,Dining,2023-11-11
a460f03f-d986-4532-a294-c33a9bc0b861,52,334.71,Entertainment,2023-05-24
a8179663-d19e-404a-a680-1cce97845516,50,126.2,Groceries,2023-07-23
798fbea7-4b43-46d0-8736-ddc2a2df3a4a,28,252.24,Utilities,2023-10-28
d139a0b8-d8c7-4d13-868f-7de83e169562,42,69.62,Entertainment,2023-11-27
a4a0e6f7-c91c-4e35-8a98-9cbbc5280ad7,85,809.51,Travel,2023-05-11
8f06b78d-db1d-4a87-a517-080e60303bed,96,63.5,Utilities,2023-03-01
db72df78-3431-4845-8729-9d7481fe2b7f,41,63.07,Entertainment,2023-04-24
98baa214-f433-406a-961e-c1d012da1c7a,21,271.67,Groceries,2023-03-22
7ce5d146-bcc9-4c82-9e5e-aa15805fa9e0,67,122.95,Retail,2023-03-12
2b072f64-38e0-4601-9f44-b99a07a1cc32,1,378.7,Dining,2023-11-17
19b0a634-57fa-4385-973c-b27eb555df9b,74,1507.69,Travel,2023-01-31
bc2b9525-bcfd-4a5a-af54-555292ca37f0,65,28.16,Utilities,2023-12-24
c8c35b6c-c226-4141-a1f2-8c3a02762f5e,82,211.23,Retail,2023-10-29
8f491930-2267-4966-a6c1-a5d4d960b13d,27,136.35,Entertainment,2023-12-24
6150b21f-2e35-4837-b304-7a31608c9e9a,81,10.01,Dining,2023-01-07
c8f75ce0-8275-4a19-b0c0-8cf13123cd85,38,451.22,Utilities,2023-08-16
dc9ad84a-7f5b-4fa8-bf20-e6472dbb10e3,8,232.39,Groceries,2023-07-11
c3b887ce-c548-451f-a372-cd364afa4e6c,12,596.11,Travel,2023-05-07
69332360-32f0-461c-96aa-e34bb12a305d,3,216.33,Groceries,2023-11-25
66bba828-7de9-49e9-950a-2fdc70f075ca,42,351.73,Entertainment,2023-06-02
94f8226a-6727-419f-95b4-aaa5d4b72c40,86,254.02,Groceries,2023-06-25
1a08b054-a65f-4b1f-9398-ff62ef415a42,18,452.72,Retail,2023-07-13
6f128cef-e58a-4628-ae45-24d27eb1e76d,19,411.94,Retail,2023-07-09
bcc15cbb-0bb8-4795-82e0-dd8c6e2e57d2,84,1585.71,Travel,2023-12-07
ec134dae-a938-4c6b-b299-58ef7ed7d448,52,145.06,Entertainment,2023-04-05
4b5895ed-ff91-46a7-ae71-6d513a1f437e,16,48.75,Retail,2023-02-27
38266a9e-b7e9-450f-9c78-d0faeaca3bc0,18,497.91,Retail,2023-03-10
fb966f1b-0e0a-4869-9131-fdf60786b2e5,63,1033.32,Travel,2023-11-08
7cf1a175-925f-453f-b192-6f37579db90c,13,456.59,Utilities,2023-07-28
df64a7b0-bc01-4476-bb25-58d5ed31595b,28,150.47,Dining,2023-04-03
101a9cba-f91f-43bd-9169-3878015aa0cd,73,1500.46,Travel,2023-01-17
0a5e5543-c55e-457a-acd9-fb5ee40c3da9,28,224.83,Retail,2023-09-13
cd86bc1c-f984-42dd-bb1f-c24e2d8acc77,81,355.37,Entertainment,2023-02-03
eb7d1763-31cc-4984-800c-f19950706907,36,471.4,Travel,2023-10-27
56892dd7-556f-445c-b06c-7c6c80d3dc17,29,478.17,Groceries,2023-05-03
374f77d4-a333-4b56-9f63-d8417ccc357a,3,215.61,Utilities,2023-08-02
4503fc01-4c67-4525-a042-9f3750475240,73,81.84,Entertainment,2023-08-18
d46cb5f9-c36d-4d7f-a59d-87b332266537,19,1064.43,Travel,2023-05-14
aade5ec3-b86b-4b0e-9c74-93de1b1306b2,1,128.37,Retail,2023-04-27
8750078c-a6ff-4c1f-86a3-8a02c6a7a187,50,1204.53,Travel,2023-12-20
139bb7db-ec1c-4f44-a859-b0647ad35134,5,192.81,Entertainment,2023-09-05
0d72f76d-dc82-4b30-ae00-81821f7e4708,94,219.36,Entertainment,2023-12-23
2076c7b0-2314-4cf4-9cf7-8f369161f3ca,79,347.59,Travel,2023-03-19
793c3c77-bcee-4ee4-8aab-f49460e19a79,38,520.51,Travel,2023-01-20
f303ea81-862a-4641-a3c0-bb5321aaf03e,57,457.87,Groceries,2023-10-14
bb6156c6-3708-4a22-92be-bf1e74f616a6,2,349.74,Entertainment,2023-12-21
3ed0d641-e591-4929-b304-52cfd87888ac,60,25.1,Entertainment,2023-01-22
c26f2128-34f8-4fe4-b844-0de732a8b4d9,37,351.38,Dining,2023-10-27
bcd8fc52-8a5d-430a-8aca-3f5d75df5a96,50,386.43,Retail,2023-02-20
0297fecb-6164-4c03-945c-eacce7fea7d5,71,278.34,Utilities,2023-07-13
7cfce76c-005d-4631-bb99-b53ef3ee1dd7,49,463.43,Dining,2023-02-07
2b68a19b-0209-4dc2-ad73-7e741d513c03,14,29.05,Utilities,2023-07-22
e8865571-800a-4515-b482-7947cabf1322,7,367.98,Dining,2023-01-27
c458ad47-799d-4c01-b2a4-3628e2a73f07,34,114.83,Retail,2023-07-29
f5afbe0a-ffa9-4bf2-ae32-8d43c7a82397,24,374.53,Groceries,2023-03-12
47bdd3bc-d8b6-44d0-978f-74ab6fb68f82,97,422.61,Retail,2023-04-16
7ac6e998-717a-4fdb-9be0-23fe118677e4,11,310.17,Dining,2023-12-10
5ac9d11c-9b79-4011-a9bd-4e3a98c4f1a9,100,487.02,Travel,2023-02-07
4a754481-13ef-4dc1-9c54-21fd33265b80,74,123.83,Entertainment,2023-06-28
01db6cf9-b609-4aee-93d6-5d6435a1788f,59,498.42,Retail,2023-05-30
59cef31d-6bac-4e85-a82f-f500ac5b699f,72,18.47,Entertainment,2023-07-24
813878dc-2c5d-4d1d-b128-d0faedbf3335,20,131.9,Entertainment,2023-07-22
e60c1fa1-6b4d-40e8-989b-a90cf297f63b,43,226.64,Entertainment,2023-03-04
31c7dbf7-1e2f-4f9f-902c-fe25d7b59f00,60,1704.49,Travel,2023-08-10
f2993747-53db-4f9f-9262-0813d8fba025,21,392.67,Utilities,2023-05-16
dc0d2564-fc07-4d27-951d-677175c91f97,62,191.31,Retail,2023-02-14
81df54ee-0a88-4d78-9e68-cf8f522c9ee7,50,183.7,Dining,2023-08-07
416baa35-6cc3-457e-9c54-e56053118e14,84,85.88,Dining,2023-12-25
8d622477-4630-4ada-a954-00954d45a645,22,143.37,Retail,2023-02-25
6567005f-2616-4be1-ab89-b1a9aae5e582,11,133.08,Groceries,2023-06-04
20f8db1d-b0b5-436b-a2ff-b7e9f9dd38e6,77,164.14,Dining,2023-01-26
31b758d9-5e65-4710-af1e-18e688d45a91,2,47.01,Retail,2023-06-01
bae36629-fa92-4e2f-921e-e0c538a96ad9,54,114.26,Travel,2023-05-21
54a50776-809a-4b2c-92da-2c7594138436,92,25.04,Retail,2023-06-12
171b90f8-0bc0-4013-a057-56441247c48e,21,401.11,Utilities,2023-10-30
ca3ff99b-2c71-4ac8-8d1f-cf05329bf5b2,90,348.8,Dining,2023-01-03
80027d4f-280f-466a-9e0a-26583ae27d03,50,724.74,Travel,2023-06-24
3c5a2e92-c867-459a-ae6a-13bfc6732417,49,415.65,Utilities,2023-12-14
1bc11970-5eb2-4f2d-9137-b6f68ede6596,11,1077.55,Travel,2023-01-15
bd0dd316-d30d-47da-b7a9-783354498492,49,484.95,Groceries,2023-01-29
145312c0-85b6-40f0-b80b-afa7d24cd8ec,28,96.05,Entertainment,2023-01-22
00a56b53-286d-4d97-bb25-e4bcdc5d6408,15,39.74,Groceries,2023-06-01
7269292e-b115-4646-bce8-2fc861d926b1,19,408.19,Dining,2023-01-24
97ccdbea-13f6-466d-ae11-8fbfe87e27b6,69,136.05,Groceries,2023-03-06
1818cc6c-071d-487a-af0d-3fc954514558,50,280.54,Groceries,2023-11-03
2ac5dc68-ddfc-413d-8845-1494a7a83ae6,12,171.34,Retail,2023-03-13
4c5824be-0dee-4ea0-92d7-b83b2bfc3845,72,13.02,Retail,2023-03-19
6a5100ff-c969-41d4-b2af-e95aec3158a4,83,89.89,Groceries,2023-10-19
3299f2d1-93cb-4b4c-a825-42d1c126ca7e,88,396.72,Groceries,2023-12-03
6e36ca4f-9a8b-4469-ac56-2e30b1139da3,36,498.16,Groceries,2023-09-28
d4643695-472c-4590-b90a-e15efd8af0b7,67,206.58,Groceries,2023-02-13
00d39392-e2eb-4ae0-afda-75b7950233dd,56,23.59,Groceries,2023-07-21
9a23ea1c-5e7f-466d-95f1-6414dfe8adb5,99,28.93,Entertainment,2023-04-06
ffa99da8-a8e6-408d-8599-4995e4e6c8d7,5,204.51,Retail,2023-01-23
ffa2c6e3-da4d-4c88-92ad-f293bc86b849,16,14.79,Groceries,2023-09-29
02343235-7de9-4d80-8563-845646ba36a8,25,360.11,Dining,2023-06-23
0cdfeddf-4e23-4205-8304-9880a17120d2,29,914.82,Travel,2023-07-12
657ef690-8bec-4fcc-a95a-6e2912932bae,15,230.72,Dining,2023-11-27
e460f61c-021b-442a-94ef-0e4f12e98f33,82,203.36,Entertainment,2023-10-14
c2396b82-603f-4775-bba6-b0a8b1c332ca,10,484.47,Entertainment,2023-03-15
bc9e4f77-048e-47e5-844e-d0f2dbf4f88c,51,173.04,Entertainment,2023-08-11
04fb6e61-8db7-4ece-8d8f-0cff3e3e0514,93,1547.59,Travel,2023-02-05
f9a22963-d63a-45de-a6bd-81385b90cf6f,95,282.34,Groceries,2023-03-28
1ce15750-8871-46ba-9f05-ee42568f4b52,23,113.17,Utilities,2023-11-05
bb2f0d85-ae13-44ba-9958-562f9db2dd49,54,718.99,Travel,2023-03-25
95ab4315-068b-4498-9db0-a8272874b612,3,252.18,Dining,2023-07-21
ae29131b-2885-4fe4-b040-19770032fb08,54,213.29,Dining,2023-05-15
fbc7ba07-f95a-4db3-a818-0ae3e52d179e,51,467.11,Groceries,2023-06-30
e43a51b8-e517-40f7-b2b0-5d8266cb1f5d,83,1304.45,Travel,2023-11-30
55d36701-c24f-4f07-b75f-52fae52e49f7,25,241.26,Entertainment,2023-07-29
b3c6c515-bc3b-41d7-a90a-8ed488002037,94,385.44,Dining,2023-08-09
94a19dfd-2a48-414a-96a7-17dcd86b9010,20,131.68,Entertainment,2023-09-07
2cee77a5-277c-4a48-b812-77b0c7aad97a,2,414.89,Groceries,2023-01-19
46ef32b2-09e5-4b6a-8d14-22d7171266cc,53,92.19,Dining,2023-11-30
3ec51784-8c59-4812-afee-48b71212338d,63,861.17,Travel,2023-11-27
dd6a872b-2fd6-421b-89da-537f295a9645,1,325.9,Groceries,2023-04-16
85a038be-c901-4b03-bc9b-6dc9adf6c678,83,441.67,Groceries,2023-02-27
cfaf6f48-eb4f-4608-ab14-874f3904041a,72,149.3,Retail,2023-05-26
92b0c236-829f-4fc1-8145-c1db63d0d461,19,226.57,Groceries,2023-06-16
871608ee-586d-4fb5-ada2-3515affd039a,68,1238.95,Travel,2023-06-05
d2f36d10-8725-43fa-b84d-42b886b66cbc,97,130.26,Dining,2023-09-26
07fccd11-038a-4a43-9758-a25862c9b8cd,59,266.83,Groceries,2023-03-13
37bf02d4-c54d-45f6-9a09-833b86a4086c,28,101.42,Retail,2023-12-06
8d8b65d1-cc5a-415a-b3d4-8128d8e8f63b,46,1338.8,Travel,2023-06-22
b78397f5-3f58-4d0a-8085-52cef3492f0b,51,217.46,Entertainment,2023-11-24
6aee5da5-f45d-4078-93ca-be8534d71fea,1,376.72,Entertainment,2023-04-09
ea0f7042-4718-4663-bae8-2db0c3a2d0e1,81,1951.2,Travel,2023-05-30
1dda378c-35cd-47b9-b22f-d815c223b56c,11,250.75,Dining,2023-12-22
67629134-cb79-4690-9341-a5013ef719e5,68,294.35,Utilities,2023-10-23
9617146c-0ca7-4930-8df7-1e83120564dc,80,1074.6,Travel,2023-06-22
ce8ee69c-f837-4dc2-b04b-b2c21bec8d40,24,1579.77,Travel,2023-10-05
0f3bf5c8-3d4b-4c2d-8a42-fb26f3e9a1ae,33,117.06,Dining,2023-04-25
0d51cbf2-f37e-4457-ad9a-f57c8ccbd3e2,25,474.78,Retail,2023-12-30
809a9e32-5f92-4d91-a77a-8e6b9f1ff6b9,4,1176.07,Travel,2023-03-11
489b44da-ce03-4516-a64d-c0c4768cf45d,25,155.75,Utilities,2023-01-28
8ca96461-02c3-4236-b123-bf7c91b9bf61,72,293.48,Groceries,2023-01-13
b5917976-0795-49ec-ab80-bb26bef1e180,38,117.48,Entertainment,2023-12-19
077fe7f5-d50c-4d79-b5d7-7a1b69fce252,62,190.83,Retail,2023-03-29
96c1c7a8-f169-45c4-8bf8-f0a76f0f1aa7,74,497.32,Groceries,2023-04-16
f8ffdcfb-e09b-432d-b4d8-e98e93710eee,27,408.85,Entertainment,2023-02-13
9934d87e-a4b6-413f-80ba-12e662b5435e,46,451.89,Utilities,2023-06-29
85598148-22f8-40aa-b042-3a98cf7ff8c9,6,410.29,Travel,2023-01-22
31df9d58-0ae9-47d9-98b2-18b70a0eafdd,6,124.18,Retail,2023-07-14
efe62888-d34a-4a56-9e18-d307ca7bdba6,76,333.5,Dining,2023-08-25
1eaf06e4-b781-483b-8baf-54b9df2c3a2d,42,1288.0,Travel,2023-10-31
869bbb43-3305-40a9-84d6-26bc689e117c,58,56.81,Utilities,2023-02-08
809988f9-9c90-4f95-a327-a31b9e886f8c,26,456.43,Retail,2023-07-10
ed5dcef3-bb1c-4799-8646-258c636bf258,44,357.81,Entertainment,2023-02-20
29e5efb1-883c-446b-8374-5cc42b429296,42,288.33,Dining,2023-04-04
ffa17c17-0836-472e-86b8-2ae1ada93fe5,29,326.76,Retail,2023-02-27
90b2a1c8-735a-4b5c-afb3-147df46a832a,50,262.93,Retail,2023-05-31
2baec33a-1749-431f-b16d-de32d9cb6f08,6,104.23,Dining,2023-10-16
a597f981-6117-4c56-a64c-e7fe28da6d56,83,174.94,Entertainment,2023-01-30
be0f2776-fbc1-42c4-bd47-2a2156b6f120,88,415.84,Retail,2023-01-09
27df1a48-4e66-4fb3-8c20-f7d48a9ecf24,40,349.11,Utilities,2023-08-08
6d42b7ba-1676-44e4-afea-b73434c818cb,67,297.34,Utilities,2023-03-15
5b415088-3691-49e2-b635-536535c1cf6d,99,1268.71,Travel,2023-08-11
3df44598-264e-440c-9c2b-304762c36888,2,168.88,Retail,2023-03-25
7506901c-5bcb-467d-a165-f3fbffe176d7,100,311.18,Entertainment,2023-06-03
8c009f9d-8846-4b05-973f-ef250e5020ae,15,498.28,Entertainment,2023-10-29
64d81828-925f-4f5c-a1bf-cb2b70b956ea,79,316.59,Utilities,2023-12-27
6ac058a5-2c9e-477e-8ece-8596fd50caef,76,156.54,Utilities,2023-05-29
c7b1fb27-ce52-46a5-baee-834ca7fdcb65,47,101.4,Retail,2023-02-17
c28344d8-af92-4ebe-a842-ad8e746578a2,79,268.67,Entertainment,2023-03-07
d4eb800d-cdfa-4791-a241-9ffc175f62c7,26,98.7,Retail,2023-08-04
74f586cb-97e3-439d-bc82-7ba391f66308,100,231.58,Retail,2023-07-27
b99ddb7c-3d56-4fde-a05f-33d7db3581f5,79,262.0,Dining,2023-08-16
3b09a1ca-2d6b-46ef-a12f-acfc46f94a8e,54,144.15,Utilities,2023-02-09
d6f8b8cf-225f-4675-af22-4432e7e89c31,41,98.44,Dining,2023-08-18
36a3b7fc-d438-4af0-9425-c93cae16dc7d,73,288.44,Travel,2023-02-28
64ecd480-8cd9-4d0b-afaa-4d5bd2385918,50,90.63,Retail,2023-10-19
c7994fa2-bfbf-4bd4-a2f0-3fc3b3f8609f,27,141.72,Retail,2023-12-08
33a5492e-4924-47f4-a2d3-333fcc994653,22,1540.33,Travel,2023-01-21
824ade3a-6dc1-4310-832e-54d9a7d0df5f,33,341.61,Retail,2023-04-04
f00a153d-3121-4d25-9225-07514a0fb269,32,981.88,Travel,2023-11-13
76febb58-19ae-44d6-afac-21b7d600dc15,5,484.23,Entertainment,2023-09-13
9a574dc2-2a88-4666-8965-ec3890736a7b,9,284.67,Groceries,2023-05-31
5b295f7e-65ca-47e0-a6bf-05c182476eb4,54,149.7,Retail,2023-08-01
d53200ed-61e1-4387-b3ca-8a97dac3df03,77,258.66,Utilities,2023-01-17
eb272d91-f2f1-4432-b5e1-bd46c5fc1bec,53,365.29,Dining,2023-07-23
f7902dfa-5759-4ffd-b9b7-91849b6e910c,64,281.13,Groceries,2023-10-31
7abedb41-42c9-435a-8615-2cea6dd96973,39,565.23,Travel,2023-10-17
26d093f8-9ce0-41f2-b295-bdcc0ae0f064,44,104.38,Dining,2023-09-10
810cc5a5-cd5a-43e1-ad86-04f748688012,19,540.21,Travel,2023-09-21
8f18f3bd-44ce-4e38-b96f-ee63b751e2e0,13,892.66,Travel,2023-10-15
f7bbe5aa-aede-40ab-9e64-1870d1215f1b,60,261.36,Groceries,2023-09-24
a9d71575-aec5-430c-939b-b7adfd70c88c,69,450.26,Entertainment,2023-01-20
d25fbe65-2244-4dfc-98bb-3b7e376e8293,100,153.11,Retail,2023-07-10
bae69bee-a024-4cca-912d-8c2048f43184,46,366.09,Groceries,2023-10-15
fa886fe9-8b21-4c1b-a5c8-b6b206da74a5,89,194.43,Groceries,2023-09-05
6d5442e1-28bb-4024-a6b3-dcf5289eb741,49,422.32,Utilities,2023-07-28
78321bdf-e783-4685-bf35-179590ed7b52,83,374.95,Utilities,2023-08-21
92a6f13b-46a9-4f52-929d-9cbe1c2540e6,15,437.96,Retail,2023-10-24
3dd85d6f-d692-45b3-8108-9be7a98051b1,92,1089.93,Travel,2023-08-21
e5277a7e-2e91-4d3d-96dd-55ec123937d8,99,361.43,Entertainment,2023-11-25
217e3747-9a3a-4988-8d95-6a0965673902,33,91.19,Retail,2023-12-10
b3031c6d-91e7-4b74-b21f-e7db7680a25d,29,164.33,Utilities,2023-03-30
c71f1c78-bf1f-49e3-924b-fcad8f098ca7,97,1944.99,Travel,2023-08-22
92bbb803-9190-4524-af36-46fa02b03d92,67,809.88,Travel,2023-05-07
f28b4a1b-412b-4dc3-8737-a56a9e9aa84f,4,1924.57,Travel,2023-01-18
83741976-977f-4d5a-b243-e16ec04501bb,35,28.82,Entertainment,2023-08-16
0dda3f60-596e-4d0a-9a3c-3b08527311bd,83,308.28,Entertainment,2023-04-28
e4a3677d-7a37-420c-bbd2-b04458273c4e,96,188.73,Groceries,2023-07-31
ae3f05c1-88ca-41cd-af46-03f9062c5e09,76,189.95,Dining,2023-08-26
9c0f1cfb-ad51-44e4-8aae-f835d6d8496e,77,400.81,Travel,2023-03-25
e3b1edb2-385a-4b30-8993-06554c508ec6,22,79.54,Retail,2023-09-09
e8fca6c9-5f24-4e7d-80d7-724a8b218d63,42,97.87,Retail,2023-10-08
a3e5dc28-4de1-486c-b096-138e71bb3de8,80,133.72,Utilities,2023-09-29
9a3b7fa4-60ad-4aca-99c4-c96913c82509,32,473.71,Entertainment,2023-01-10
549ec3a2-4bc4-4652-bb91-34c3610a4a9d,23,69.18,Entertainment,2023-02-08
fcac3189-e17b-46e5-9f57-2c22f631d9e7,44,447.32,Entertainment,2023-02-27
408ebb9c-34a9-480f-823c-e61f6f754e54,87,204.45,Entertainment,2023-10-23
e7bac223-75fb-42ae-89bd-ee7d1fd2360d,8,100.45,Entertainment,2023-11-12
590a9215-bb0e-4e50-a7e6-e416f419ca59,4,384.89,Retail,2023-06-19
5b9bf728-d9c2-43a8-a848-6bb5e63a26b4,66,94.63,Groceries,2023-11-08
7119a1d4-c0d9-4325-9e7f-bfbbf5e88c4c,87,459.42,Groceries,2023-06-15
95a5d398-40c4-42e6-8dec-1cbe58babaf5,69,367.74,Travel,2023-05-11
baaa70b1-fa74-4716-b6ff-70a95c65ab1b,90,433.55,Utilities,2023-09-16
cda8f784-efd6-4bc1-bc82-04e3429df76c,52,481.24,Retail,2023-08-04
c17101bc-39bf-4257-9b20-8a906f0bb186,56,393.09,Utilities,2023-10-06
35513c94-47a3-42fa-9f32-e489d27f0f9f,81,373.16,Utilities,2023-02-01
39742ea0-dc1d-4b08-ba84-a451462dc222,23,378.73,Travel,2023-01-07
31953d4e-fccc-40cc-bc38-98571a9a9699,69,55.69,Retail,2023-11-08
f4f4a6ed-a882-4164-b40f-541ee98815fa,68,317.48,Retail,2023-08-15
47b58193-f219-4160-b9f5-21d540c41b64,81,41.98,Entertainment,2023-02-11
fc0e96bc-e8d4-4542-866a-a000a53d73e5,24,350.39,Groceries,2023-09-06
ffd068b6-9d75-4fea-a03c-3544590d0114,90,416.22,Dining,2023-03-25
5f821248-b82d-49f5-9d93-c366d92c283b,26,291.34,Retail,2023-06-06
92a0c499-66c8-478f-aa2f-b6bc170c914f,24,317.76,Utilities,2023-09-13
18b28eec-af60-44af-83d6-9e9617b454af,33,201.55,Dining,2023-01-12
19458cba-1b11-4e50-809b-634fdff4c3a2,2,84.52,Groceries,2023-11-03
d7b0e40d-1fe4-447b-9df4-43a6b721f2b8,23,103.76,Groceries,2023-04-09
b3231706-9418-4cd3-ac1c-7649d17a302b,28,205.88,Entertainment,2023-06-11
fa4ddf4f-aaf2-4630-a79e-6152d27dd558,5,213.88,Utilities,2023-07-15
ae5bc0d1-ad0a-4c13-a30b-02f256fff19b,96,279.23,Utilities,2023-02-19
f159a19e-46e5-48ed-92b0-b1cadae16800,28,1332.47,Travel,2023-05-01
655a3306-f052-43c7-85dc-21e3d764e2ec,62,160.92,Retail,2023-10-24
3ea72760-959e-4257-bbd2-b28c923f29c9,69,1096.6,Travel,2023-08-30
746a2fdf-e554-481e-a1ad-eddbf5387cab,25,334.55,Utilities,2023-03-21
778f942b-51d5-4278-9b1d-1814d8ae74f0,58,426.63,Retail,2023-11-30
811e2cf3-62e4-49ef-97a6-f4a43aafc5da,92,102.06,Groceries,2023-11-08
bab5b701-05ed-4280-9198-2da6b47726c9,91,333.48,Groceries,2023-12-22
a4484075-c4a5-4251-ba65-6a44a2366d5c,76,257.97,Entertainment,2023-06-08
9e32986f-f6fe-4203-b9d7-2f5cf2a9ff29,44,348.66,Groceries,2023-08-07
83f6db5a-5b5c-4e59-bb47-5d6e190b8e04,50,281.38,Groceries,2023-10-08
290237b5-230a-41b2-bb3f-8a06a874e803,35,532.21,Travel,2023-08-02
611c7b53-9c18-4647-9c3d-479e00c38d0a,91,176.21,Groceries,2023-07-03
424d939f-a721-4029-8145-f79d5e93e3fd,66,426.29,Retail,2023-02-10
7cdaa829-120c-4773-b694-7608b6b9d52d,12,598.14,Travel,2023-03-25
7766c702-f0a1-44c2-97a6-5e76a98bdd85,81,48.57,Dining,2023-11-19
e6a5bf6b-ce84-4a3e-a521-5cce03285215,84,457.06,Dining,2023-05-04
4488c49c-6c7c-4a29-9997-5f297159bc93,64,147.25,Dining,2023-01-21
d27070c5-d9e3-4ce1-a739-9da4172ab75b,49,454.94,Entertainment,2023-03-15
8151b0e9-a0fe-4ece-99df-256afb281f5a,100,497.16,Utilities,2023-04-28
d48a0282-ce8c-4b13-8e45-a45e5cea27bb,96,1398.48,Travel,2023-01-20
aa66b057-b0e1-48e6-a612-69e999aa429f,75,1559.38,Travel,2023-07-25
9ac65983-1c1c-4f08-9848-b50a1daf1aec,21,336.84,Retail,2023-06-09
4c4b538a-00c8-433d-bf91-1826a5ee30c3,37,1423.23,Travel,2023-10-06
e1f48d5f-8b1c-4077-962f-7bab2c4237a4,75,11.5,Retail,2023-10-05
8df2caa1-a06a-4549-be29-0d5dfbb5a573,98,167.41,Dining,2023-11-11
64c8831d-eb48-41c9-a56e-43ddf274712a,37,410.67,Dining,2023-04-07
da1e05ba-3d28-4d0a-b17a-e05445a19783,11,1446.81,Travel,2023-02-19
a773762c-1db7-4f22-aa73-624c1940586b,6,292.76,Entertainment,2023-06-07
156f5169-77e4-429b-bf96-6691481efae0,88,456.51,Dining,2023-04-03
8731f622-dbe8-441c-8203-5120eb2607a8,96,264.01,Entertainment,2023-02-19
f081f6b0-7f48-4049-aedd-ff0bb8de036e,98,445.21,Dining,2023-12-04
7b02716f-b26e-44d0-80c6-d498b4773c7c,79,118.88,Entertainment,2023-09-26
6da8b8be-2dba-45eb-a51b-8c808355ab85,28,242.13,Retail,2023-08-04
b909b880-2c52-4849-97e2-df63a113d576,7,459.3,Retail,2023-08-24
de249e02-89e8-49f2-a56f-8b92390ef476,63,199.38,Dining,2023-07-12
b4828b8c-e486-4f40-a906-6104fd023542,79,420.69,Utilities,2023-09-25
2d8246ce-eb35-4347-85a0-b1259c64a4f6,29,278.18,Retail,2023-07-21
b72fe0d2-0c24-409e-992b-7c3cee45a699,35,444.37,Retail,2023-08-28
59d22150-19f7-42d2-bcdb-5bec660257a4,46,1126.92,Travel,2023-12-28
64c34b9e-9239-48b8-bcdf-8498d99e9ab1,86,451.78,Retail,2023-08-30
a3fcb647-8a7e-4f9a-a56c-859c9d7a4d09,63,470.59,Retail,2023-03-16
33238b2a-1b73-49f4-9474-7926a1963c63,53,122.69,Utilities,2023-09-02
8876c33c-882a-4569-b606-b518a433fac2,71,119.7,Retail,2023-04-10
ee7f72f8-8d98-448d-b5c4-11bbe23d552d,76,158.85,Entertainment,2023-04-18
b84af44d-74a2-4bff-adbc-e734f030cf16,13,297.72,Utilities,2023-11-11
bf97e160-61ed-4fa3-a51e-f869601dfc3b,95,342.81,Retail,2023-05-28
bc5477b0-6329-40e8-99c0-4537d183f099,52,292.41,Entertainment,2023-11-11
ff58f022-59da-4a3e-aa1a-605839fcfe32,85,707.93,Travel,2023-07-09
bc6ae5e9-0191-481f-8971-28ff7224cedb,20,449.56,Groceries,2023-08-28
b2983d19-db28-4a94-b745-21dd1d091af1,63,394.41,Retail,2023-11-22
fc9e45e7-06ce-46ef-b451-5a51bc5d83d0,63,139.93,Utilities,2023-11-27
0bcf0e5f-ae31-44f3-8f8e-4018bd7cf55f,81,339.75,Groceries,2023-08-04
4f29453f-8257-4002-aae0-9b506369989c,8,426.25,Retail,2023-11-17
c95de424-f1f9-41a7-84c3-c79d3d734232,72,396.31,Groceries,2023-06-05
ff706a85-94fe-4917-854b-d5b3f9a57d65,17,235.62,Entertainment,2023-06-18
c6124438-6fde-490f-a966-c83f180ee991,19,262.82,Groceries,2023-08-29
ec79b645-e641-47a9-8b4c-9de8b0ffd56d,48,192.06,Retail,2023-06-05
44a855db-864e-4431-83f9-e711891ef495,86,123.93,Entertainment,2023-03-31
8d511de8-3908-4ba2-b0b3-48c4ff1dc67f,69,397.56,Groceries,2023-07-23
6e76599c-c3ec-459e-b80f-f1a10c1c6758,65,234.55,Dining,2023-04-26
9b50582e-3418-47b1-90e9-1d61fca498be,6,99.64,Entertainment,2023-01-01
3069f4fb-0721-4f34-9454-5ad3658c11ed,47,437.84,Retail,2023-06-01
6ed54825-cda0-4cdf-9cfa-6fddde99792e,45,247.9,Groceries,2023-09-26
cd0e5f06-1771-47f2-9e2a-3a950bb793e9,33,1047.13,Travel,2023-01-09
13fe3956-8dd6-4fb8-840f-d04450668cfb,54,362.54,Groceries,2023-11-11
60401024-7c80-4dd4-bf86-d08f8b0f56a8,87,70.65,Retail,2023-03-22
b2a99fd6-4a10-41d0-a935-134fd220cf2b,52,143.88,Retail,2023-08-21
d0ae1c4e-2feb-4359-b43d-b5838ace6b8e,51,121.6,Utilities,2023-11-07
da2d75d5-545f-4e7d-9dc5-540b6f324033,3,326.58,Retail,2023-05-23
6d1de27d-ff5a-432b-94a3-aa324a4592a9,96,152.55,Entertainment,2023-03-01
b8ce7998-e633-4cd5-89a7-f9a0e8559a2b,92,356.81,Utilities,2023-05-10
d5291fd9-f823-45be-9261-ae2bef0fc76f,57,406.5,Entertainment,2023-11-18
d8dccaa4-279b-47ae-bb8b-902c49f57761,2,445.69,Utilities,2023-11-25
429cdcdd-b968-4705-8af2-53d510c7e2e9,52,309.2,Utilities,2023-11-16
ccc91f6b-0e3d-41d1-b1d6-4b86bb185880,86,1236.72,Travel,2023-05-04
fdc4e691-8d28-420f-b843-64f68f042720,65,170.63,Retail,2023-10-26
5438de12-7cd8-41d5-adbc-e0fa2e4d8c83,58,232.02,Entertainment,2023-07-18
d963877d-eade-4b8b-9777-65ad46d749c0,53,458.26,Groceries,2023-09-25
69cd748c-b560-458e-916b-327dc9f11d59,46,156.64,Entertainment,2023-10-04
b08d9721-9929-4653-a0d9-368e75749805,46,469.56,Dining,2023-04-11
97def9a6-1713-4c85-b5a7-4f229fdb3ba2,15,291.69,Dining,2023-11-06
a58e4a3a-0b18-475b-b944-cd8f6d95bbf2,95,282.74,Utilities,2023-03-10
cc591f7e-5e9f-4078-a3b1-e1af9fbd3108,64,69.28,Utilities,2023-07-29
6a913af3-bab1-4517-a058-329485c11517,39,367.47,Entertainment,2023-12-10
33d94a5e-f680-4ccf-b352-4ebcdd83b0cb,81,1052.94,Travel,2023-11-03
bf4655bc-3272-4cc3-a0d2-b441c315bb22,14,432.35,Retail,2023-07-31
dfcc5a3f-37d5-4f70-b2a0-5bd660593cf5,30,375.85,Retail,2023-01-22
1692bb95-4b00-4a32-b7b2-604c852b1d2e,66,39.06,Utilities,2023-09-22
f00b90b5-c07a-45da-b3ba-cf9fbf2cb794,91,11.59,Retail,2023-08-31
07f720f2-4df1-4653-a708-4659a0dad645,71,206.75,Dining,2023-02-21
63c419ee-ca22-42fd-a523-1200415e4c93,3,496.55,Entertainment,2023-04-18
3ed00cb6-2cba-48b6-908d-c46143154616,75,165.2,Entertainment,2023-02-26
244d8e38-d080-4415-a64b-232d441753d6,99,251.18,Utilities,2023-10-17
7c0ae83b-f6aa-4678-9837-1e4311563878,90,159.23,Groceries,2023-01-09
f0bdd43c-a25f-44ab-a1f3-ad737a6719df,50,137.02,Entertainment,2023-06-17
1bc64e2c-6560-4a1e-b960-b3edfac56112,70,320.24,Utilities,2023-02-19
f418b601-cc29-4c3d-be63-5cc63aa01a40,16,159.58,Retail,2023-07-21
2457ce28-4e3f-47f8-81e1-172edbeef3f1,28,166.89,Utilities,2023-04-21
79b0fd6f-e7cd-4161-b0f5-ba917cd845f5,72,266.13,Utilities,2023-07-30
6a8d5153-72c3-47fc-823b-6d5e8e0027fd,8,1132.07,Travel,2023-11-02
2a23703f-4e19-4ac3-8f67-32ab9c022dcc,50,6.7,Entertainment,2023-11-18
0b5f39db-a92d-43bc-97c2-07567c538a09,94,208.26,Utilities,2023-09-03
4b8dc5b6-202c-4c5b-9d1a-44a719311d29,10,33.29,Groceries,2023-01-16
207c8b18-896a-44d5-b672-1c8fec29b91a,45,364.98,Dining,2023-01-31
c45e89fa-d426-4715-9eab-8c5e3a9d81de,30,196.98,Utilities,2023-09-19
e1199727-c335-4999-af7c-d3c2ad078791,49,201.38,Groceries,2023-10-31
4be45b6b-5059-4415-9419-d83537c39552,8,402.55,Retail,2023-09-08
aff2677f-e142-4d77-b812-50601f1f2c9d,72,148.6,Utilities,2023-10-02
619d6672-c93a-4cfb-8c4f-31c355256c97,2,407.96,Utilities,2023-03-21
046c4104-83ce-491b-ac0d-3c51b5b3cbb2,55,202.06,Retail,2023-03-07
f17f6a9a-1cd9-430b-a9f8-287f46fef376,79,242.24,Entertainment,2023-05-16
ccd2941c-4259-4921-8d60-bf4abb10810c,89,7.85,Dining,2023-08-20
e07bdb45-552c-40c9-90d0-d9eff735a480,38,1603.13,Travel,2023-07-19
f883d222-a166-41f1-8e15-06c2bf9b5bd3,38,201.95,Entertainment,2023-08-11
4a2037e0-e7e0-476c-b2f7-36660cf91372,87,207.67,Entertainment,2023-03-05
067859f9-daf6-40f3-a251-635367bb1c97,34,182.05,Utilities,2023-03-05
fe3619a4-b1cc-40dd-853c-34ecc2a6f71b,24,232.45,Groceries,2023-11-20
fc20daea-f7d2-4cd0-a347-73b512fc2839,78,1283.11,Travel,2023-05-23
b699676c-b70e-407b-96c5-6e3e37042bca,22,211.53,Entertainment,2023-04-18
ab952f28-daec-4b42-8230-5aa9f89f3e02,83,110.74,Dining,2023-06-24
b09e8097-45a3-40c3-85fe-82ffc2d4c26e,95,255.47,Entertainment,2023-04-14
e9808247-6604-4193-ac29-22b1342890aa,35,490.53,Groceries,2023-02-06
31f2090a-9491-4126-8bde-74108f2d4bf9,25,73.71,Retail,2023-04-23
a7deee75-e07f-4d5f-8b77-a12120ab2145,80,249.75,Dining,2023-07-26
4e4010de-9345-41de-a196-d7ea44ffa58a,10,223.55,Dining,2023-09-16
c120ceb9-06f0-4fee-af82-915712e59d2a,59,423.5,Dining,2023-11-13
88caabac-e52f-42ee-8b66-05ec7cb66dea,68,793.36,Travel,2023-03-24
d2a34e96-e233-4d5a-9602-cef7481d8617,99,43.09,Retail,2023-07-13
bcbe659a-bd44-427a-84fb-2e73c2a9d308,43,345.1,Retail,2023-02-03
b6df7aef-7ea9-433a-a2e4-65b5a4a73f7c,62,260.67,Dining,2023-08-23
944656a7-8ae1-4c42-84bf-8a264021f0fb,88,747.88,Travel,2023-03-11
3f1553bf-81bd-4662-b8ed-5ebfd079d9cd,68,497.57,Utilities,2023-09-23
77bba053-e8e0-4655-b1e0-8c36ab7ea850,85,327.3,Utilities,2023-03-28
47053f53-ac7a-409b-ac4b-3fb4163be951,53,378.41,Groceries,2023-09-02
2ff12f03-ceee-46de-ab3a-24ecf43104f8,28,75.62,Dining,2023-03-24
5a5923e4-615d-445e-b93a-ba50b9314be9,10,96.36,Utilities,2023-04-27
54240295-a936-40b5-b04d-4d5c0682f605,70,135.36,Dining,2023-09-07
9dcb633d-814c-4d17-aa7f-c81c3847e705,66,257.58,Groceries,2023-10-23
1167f054-9b86-4868-8f45-1d159034a854,79,227.76,Entertainment,2023-05-15
ecde5f72-4f46-45ad-bf26-8d50a368a5c6,54,54.79,Dining,2023-05-23
566506cc-3ae5-4421-8ea6-9419ad0b5cb5,40,1484.22,Travel,2023-01-13
8e66c159-9892-4385-9c65-3f6ed472f55b,68,1203.01,Travel,2023-05-06
cdd40f4e-55c6-4dd8-bec7-4f1baade0f80,35,404.6,Retail,2023-06-27
b7f3876b-ffd4-46c3-a824-167e9db2f10a,73,341.5,Entertainment,2023-12-23
69d866c7-c353-4c53-9b73-29b19bbf8522,62,53.28,Groceries,2023-10-24
5e7cf427-3887-413c-b649-4a4a10c30525,60,46.13,Retail,2023-10-30
4b473ed3-d139-4940-998d-28e8f04f0a9a,52,26.55,Groceries,2023-06-01
096f40da-5424-4346-9d8c-3d980219bbf1,36,478.25,Utilities,2023-11-15
ae9381b8-f3da-430f-9391-485fb7a6d4b4,91,218.9,Entertainment,2023-12-12
d412e537-c107-4067-a543-953c3b0b8b74,54,266.08,Entertainment,2023-06-02
7518db4a-c725-4134-abaf-2daffa0d4b17,87,294.73,Utilities,2023-05-31
fa85456f-d6be-4830-a832-595b2bf466a2,8,379.24,Dining,2023-10-14
6ad1fc21-9e6b-4b80-a163-ee431e98c283,95,177.98,Retail,2023-04-22
aa14e610-bd64-4227-b5c7-bc226629607a,66,434.51,Groceries,2023-03-11
3b74734f-d319-410f-a2bd-5cce36a407e8,84,447.66,Retail,2023-01-31
f26cc12b-26df-4f49-9f36-ed97338f51f3,15,444.93,Dining,2023-08-31
1e559f5c-b5c5-47fa-aa08-8ec186279c48,29,498.28,Dining,2023-06-14
7273a432-b814-4fa3-9eac-c6a443eee78c,38,232.39,Retail,2023-05-10
19e65f45-e654-4b25-af44-c183e10d59ef,72,113.33,Utilities,2023-03-12
4e104ae9-82d8-44a6-918e-227eafdc71af,99,1811.03,Travel,2023-04-20
e20e6d69-633f-4e65-b336-19e7b4e34acf,43,41.67,Dining,2023-02-05
e36b4654-7782-4760-8ffb-7bbd8c1d0324,57,492.72,Retail,2023-02-15
8e0cd9f1-b30e-43f4-8868-f6df1be48d53,5,358.02,Travel,2023-01-24
2465521f-8bf2-4615-ad84-5be8a6e106c1,78,260.26,Utilities,2023-12-11
3c0ad70b-b2ae-436d-8fca-ac51cbc6de04,97,172.67,Groceries,2023-11-07
aa9fb664-2965-41ca-a1a4-ffa081583c2b,48,162.31,Utilities,2023-02-03
65a4cd8e-2f8e-436b-95af-d857a8b3f2d3,94,1739.04,Travel,2023-09-20
89d6cdd4-8530-4e99-819c-97e44af2af31,28,309.49,Groceries,2023-08-28
0b1a6a75-9ec6-4b97-94d9-0e74b92115fb,51,1261.91,Travel,2023-06-10
b54a71e3-c09c-43d2-9ac1-4a95a5fb2d60,100,40.0,Groceries,2023-06-24
d9a9c75a-627b-435d-9cea-60e2a33d9170,85,485.86,Retail,2023-10-03
9b16c3d6-a7a5-459f-966e-b8684aa1822c,84,267.99,Utilities,2023-11-13
b5615402-41de-433b-a087-74ce4d8b2956,23,1386.82,Travel,2023-05-24
ba505737-5537-4045-a040-b4872bdec8aa,63,1765.59,Travel,2023-05-26
c3a9532c-0f5d-46f6-be96-e8dccfed43c4,37,1008.68,Travel,2023-07-05
fd081f47-73b5-434e-a149-6fff6fde6145,32,397.26,Travel,2023-02-16
9c8d1656-6005-42a9-8d6b-38822c115c03,100,1713.88,Travel,2023-01-09
38687307-338d-4028-a240-db68738813ff,21,204.1,Entertainment,2023-08-29
aae24722-5476-4f55-919f-42975668869d,93,326.7,Groceries,2023-04-06
bd9b863a-5792-4d6e-81c0-e6831bf8d49c,4,1019.31,Travel,2023-06-19
61f514e6-e4ac-4191-8352-27dbc2f0caf7,99,104.6,Groceries,2023-09-18
ed68eece-022a-47d9-8d82-098a064780b4,38,343.59,Dining,2023-03-20
c3531f86-3b04-416b-af96-b529c0b23883,31,1653.93,Travel,2023-01-30
97afd026-db6f-41ab-9853-b3ecc6623b04,9,339.49,Dining,2023-08-20
cdc00c3b-d7e7-4372-93cb-0b4d73aa1a05,29,286.11,Utilities,2023-11-17
8bc7bbfb-e4ba-4100-8de8-a8f3a0d39b33,95,1348.72,Travel,2023-05-08
d8047a2c-b144-4c04-9b52-84e07dd76960,98,1401.4,Travel,2023-12-16
d3ad035e-f88e-439a-bce3-825be622e7aa,8,320.32,Retail,2023-01-11
1a74339f-661b-4e3d-9590-578cf7999d71,71,195.99,Dining,2023-08-06
28e011a9-2144-4925-8f00-57cf7f9b142d,56,130.2,Groceries,2023-04-06
bbae972f-9ce3-489d-b693-6eeefd17e083,91,385.55,Groceries,2023-05-18
81131105-7cf6-422e-903c-bfdc2741d0bb,83,153.84,Utilities,2023-04-16
3877c9d4-614e-43ea-920e-34a889b42cfc,77,283.76,Retail,2023-02-22
0a2a3ccc-18cf-4602-b5e7-865bdac30678,85,492.43,Utilities,2023-07-22
98f05606-07ec-4616-b0bd-dc22c869fb34,40,107.37,Entertainment,2023-06-25
116db6a3-be7b-4946-92e6-710997fc37c0,28,200.45,Entertainment,2023-04-10
36a8ccbd-fb7f-43c8-9aaf-6e9520443945,27,415.33,Entertainment,2023-01-01
00839f96-f9f3-40f1-ad09-f6d44c83acb4,3,183.66,Retail,2023-08-20
63669ccb-872a-462c-bc07-aaa8dcacfbd6,90,264.03,Entertainment,2023-07-22
35e3d2ac-b17f-40c7-baa2-b466c1c1affd,63,314.28,Groceries,2023-04-22
84a53d93-fbf6-4526-bbc1-09e1d6751bb1,16,276.02,Retail,2023-02-02
9d8240d9-27d2-4d46-b0e7-c4443f9aa10a,59,223.74,Retail,2023-08-22
d75f221a-8713-4114-b6db-4ad160017ff9,73,436.52,Entertainment,2023-05-16
ce23b99a-3b84-46c4-8f75-8440d7016ab4,41,187.33,Utilities,2023-12-01
a091927b-f076-4acf-bd40-c6bc638be279,97,189.31,Dining,2023-05-22
f914e9ce-e09d-48e3-9f91-4b21f09993f8,92,387.03,Utilities,2023-11-29
9c5f9856-3849-4220-966a-b34ebbfc1461,77,1226.67,Travel,2023-08-25
04b8852f-65f4-457a-b72a-b5f05c5c54a6,25,498.8,Dining,2023-08-21
4149cc4e-db1a-4d7f-8c58-8f4074bc798d,21,140.13,Travel,2023-12-03
c478f82e-e365-4723-9514-d1d462c56a20,90,468.12,Groceries,2023-05-14
687ab3e1-7061-47d8-9cc6-668bbd50fe03,72,1690.76,Travel,2023-04-27
1ccfae9c-4376-454a-b96a-e66be7aa057e,47,367.04,Groceries,2023-11-21
290e2bcc-a5d7-4c7f-8a65-bf59fe552089,74,425.05,Dining,2023-08-19
80d8da20-8853-40bd-bf39-bc5778f9166c,11,451.59,Groceries,2023-09-17
3c04e1d9-af11-4dcb-a8b7-c0c88aa2ab90,86,38.31,Groceries,2023-10-12
2168698f-c5c3-458c-ae15-a38b33ec7c63,95,360.18,Retail,2023-02-22
b958a5f6-b87a-475d-a5ac-caef82e216e9,81,32.0,Retail,2023-05-27
5697b4e5-3378-46c2-a1f1-3288aabec767,8,24.46,Groceries,2023-10-21
d1573d96-4d4b-4262-a1fe-1449ad8388fc,8,300.04,Entertainment,2023-12-27
6ed6da3f-7e71-4ffe-94f4-7ad45de0e012,35,1807.99,Travel,2023-04-18
71678886-f1a0-43ab-b8ea-bbd28ba95b66,33,28.57,Entertainment,2023-07-17
2cf40081-5343-497b-b26c-9b81b7a00e84,55,1417.9,Travel,2023-02-08
8db2b421-9984-40f0-ad2d-b362d29903d4,4,300.45,Groceries,2023-12-09
e6537d0b-7396-422b-bbba-526779e99f8b,97,452.63,Utilities,2023-09-16
68a8bd33-cd09-4475-9fce-7311cbc85a78,96,161.99,Dining,2023-05-27
c806f632-29f4-4ecf-b96f-15a2d47369c1,53,90.92,Retail,2023-05-10
ce9e101d-6079-42e9-aa7a-0692c901bbec,84,352.79,Utilities,2023-12-28
7cdc18d4-f447-4c29-b90b-d738f6e1eb48,58,430.69,Retail,2023-10-27
d5646a15-aebd-4119-ae0c-592a609e74ef,66,148.73,Retail,2023-05-21
7b967cc8-c46f-4d1f-aeaa-6284dbe3f9bf,39,1289.35,Travel,2023-03-29
c2860f36-edea-4df6-819d-169eb7e29356,61,1026.01,Travel,2023-07-03
d4556668-1a14-4d50-a593-cbc24d1b321b,88,447.63,Travel,2023-12-13
9b115cf7-370f-4241-9029-9f26434fac02,87,336.78,Retail,2023-08-22
bd1481ab-7c36-488e-b264-80b4974bd59a,73,364.6,Dining,2023-12-04
d06941ac-038a-4ead-87da-e11b6bbe6056,51,1782.18,Travel,2023-11-02
4dd18242-de63-4706-8bd3-957aa3cf4e01,28,1851.49,Travel,2023-03-02
9094c809-d0f8-4550-952d-b110416f9fdd,72,313.22,Groceries,2023-03-24
cb1dbb12-3116-4d7a-9e89-15ccfec91c8e,66,246.54,Dining,2023-01-05
2a62ffab-5764-4221-a411-33a30b608676,31,351.06,Entertainment,2023-08-31
bd7bd8f8-9fb7-427a-8959-1dcfb96eb479,70,256.67,Utilities,2023-05-09
3f94873d-fc90-489a-ad7d-53a1c9db003d,24,164.81,Groceries,2023-04-19
9208b2be-e182-4443-bf18-01daa3c2d174,14,103.26,Entertainment,2023-03-14
e7d237bd-e0e2-495e-97d3-8540e649fc67,77,489.19,Retail,2023-01-17
a6a7457d-8cfc-48be-a2be-c1a0d645f77f,97,209.66,Dining,2023-11-25
d9e69321-1a63-4ea9-8da9-6f9674e25e90,37,311.47,Retail,2023-02-05
9823603d-8a32-43e4-93e1-372553c0ac12,19,383.73,Utilities,2023-02-19
bc129b5b-63d7-4c9a-a698-eae1e7521fef,57,335.25,Utilities,2023-02-02
e8bf2d81-09c7-4fd7-9795-2cd910bd15e5,75,499.72,Retail,2023-02-05
9d9b875b-fcec-4be2-8218-4fb97001e0c9,64,200.5,Dining,2023-03-21
f23f3cf2-2223-467e-8d0c-4123f862ff04,100,366.14,Retail,2023-06-02
cebe8a62-6b77-41fc-8ed2-c925657e4745,7,66.02,Groceries,2023-08-26
8d544163-31c1-418e-8bf9-97f5328e5a79,26,95.01,Utilities,2023-11-21
1239d166-fa09-479a-a15c-c2ba072f9c22,48,1417.93,Travel,2023-01-02
b12c422f-35da-4bb9-8d30-dfde79c82343,62,187.18,Utilities,2023-01-09
e07fa2e3-9f92-480c-8822-15e1162ecf1f,41,325.95,Entertainment,2023-12-27
a5649d58-6c57-4b5c-8aa5-ebc2693d9bd7,78,1739.53,Travel,2023-12-10
655824be-82c3-45ca-82f6-39d074144fab,94,210.54,Entertainment,2023-06-13
6378b272-29a6-49f1-80d7-8f374d6018ab,100,1660.82,Travel,2023-07-04
31cafd02-1044-4a69-be9d-32dcc86f4f4d,39,203.07,Groceries,2023-08-21
2846de95-81b6-4108-8b53-72603cec794b,48,260.22,Travel,2023-11-07
80d1dcd3-082a-4b88-ad87-97bebdac9e83,43,229.53,Dining,2023-05-10
01ebdb03-167d-4de9-ba2c-4be631c3ca4b,57,223.05,Groceries,2023-09-20
e5bdf02e-fb49-4453-bffe-7152a0693747,61,1314.86,Travel,2023-10-25
06ea6afe-d821-44e9-95fe-50892f4543b7,49,910.7,Travel,2023-08-16
2a6a3bfb-78b2-4561-b6ef-00a1e83bed5e,67,299.52,Utilities,2023-01-10
9cea82f8-494d-43fd-8df6-4ce6bc99f44a,94,170.71,Retail,2023-02-17
cff83400-b576-4934-a18c-1857f496183a,26,235.33,Retail,2023-05-19
978dfaf8-1955-477a-bdfc-8ae6cfe38c7b,91,183.33,Utilities,2023-02-19
18dbaa4e-ae4c-43b0-9c5d-b2b553439ae7,79,382.53,Groceries,2023-02-18
d9809f51-da48-47d8-96dd-369ae222bc1e,73,7.08,Entertainment,2023-10-04
b27677e5-c02d-4fa0-a879-a1325e938508,24,1775.2,Travel,2023-05-31
fd344f7f-a6ce-4fe0-80eb-c83088e3a5e7,67,326.13,Groceries,2023-07-02
153550c0-2ecb-48f2-80d8-60e1e229bbbc,54,195.61,Groceries,2023-07-22
7e4e56d0-7aec-472b-a207-1cc6e26f2750,19,91.84,Retail,2023-09-10
f5a1e85c-cad2-4055-acd0-4a40dac89fe1,2,589.73,Travel,2023-10-16
b961151d-2f39-40bc-9fb6-5cf3da29571f,12,34.81,Entertainment,2023-12-08
3d23e267-06c0-4473-af17-18e5751c5ce9,36,399.57,Groceries,2023-09-15
7965b573-8d73-4926-813d-5d2a7eac999f,55,412.98,Utilities,2023-07-26
97c2401b-cbe2-41ec-9108-07b4112e7506,13,260.57,Dining,2023-06-05
6d4ccd6c-e88b-4fb0-b8ab-9314a73d60de,46,178.14,Dining,2023-01-17
eeac53fb-0716-4463-b472-abf2af9115d7,52,348.47,Entertainment,2023-10-09
6cf7b07d-45c8-42fc-ab65-f26d87f97a24,25,474.63,Groceries,2023-05-25
20ed9f96-fa92-4e32-86a9-57fea6c88629,3,214.92,Entertainment,2023-06-28
aff5d86b-f533-40f0-9f75-36f2d6a8c3fb,96,470.3,Groceries,2023-08-04
1e48db4b-8891-43dd-a803-c377b2bb4807,31,222.13,Groceries,2023-06-19
52cb3a4f-9226-4120-91fb-26bdc7f49345,61,428.7,Retail,2023-07-26
22456a1c-46a5-4f52-b04e-3130362b4fd7,31,384.95,Dining,2023-01-05
773ac0cd-2c64-4773-9114-a47e1d3ab3bb,56,1455.7,Travel,2023-08-16
93cadacd-b4e1-4557-8215-a2df8a7dd6f4,64,374.55,Dining,2023-04-26
f0eeb3ee-34a7-444c-92b3-efcb8dc75371,54,113.42,Entertainment,2023-11-07
0642a59c-00e7-40dd-b2ff-2464bdc06cd2,21,372.8,Dining,2023-01-03
10621976-8734-41d7-a585-d1fa27b02427,27,38.32,Retail,2023-04-13
044b147e-459c-4bf8-abd4-a10c9cc3ab07,49,293.92,Retail,2023-02-16
9d8a1047-09b9-4e94-926a-26c11ec55a61,63,101.36,Groceries,2023-09-19
0495e03d-9a69-4e6f-9b58-21c728f9930a,46,90.18,Groceries,2023-04-19
74ab30be-2f45-4550-8846-cd66f9199f49,33,189.02,Utilities,2023-09-09
c1a7006b-85b2-44b9-80fd-e3bed1f341b2,90,355.56,Groceries,2023-03-06
04a00886-1bf3-46f3-84b1-5a84611269f5,83,318.56,Dining,2023-09-03
5fc86220-60c2-457c-8d49-3c9ccb4b6561,11,46.75,Groceries,2023-02-17
287039e0-630a-4baf-8e92-a06bf4a7fd71,79,268.58,Entertainment,2023-04-10
133fb5f8-ee32-4846-86f7-12c816b9afc7,83,450.28,Utilities,2023-08-28
bdd66c54-d2b7-47e9-a7b9-dade9bfebf11,6,358.82,Retail,2023-03-05
45f06d7c-82a3-4656-8a24-d3284b05cf8b,31,254.39,Groceries,2023-11-22
fc168406-eb16-4ed8-a1b8-794bf9a6a3c0,56,1189.91,Travel,2023-02-24
fe51888c-3685-4bb3-b6b8-dc0692a229a1,74,262.55,Groceries,2023-02-19
bab06e66-85dd-4e90-8485-5da634780a31,41,326.67,Entertainment,2023-08-01
183de918-d61f-4152-b578-95a3760ad968,95,345.38,Retail,2023-07-16
2ff7a7dd-817c-4fe7-96c6-228314beca81,25,212.65,Entertainment,2023-05-29
873ebe28-76ba-4bdf-a9a7-1fbb4d8b38d0,49,433.68,Retail,2023-08-09
38fd4300-0d69-4c99-adf0-2b4ccad6f908,67,1983.0,Travel,2023-09-18
1c5af90e-eeed-4214-96e2-6d19ec2498bd,4,74.3,Groceries,2023-08-09
18a57c09-5112-4b28-9163-5907186ff173,14,45.35,Dining,2023-07-02
1af1f155-b766-449f-a091-2494b5529cbb,58,1287.23,Travel,2023-04-28
4296b3b1-e06a-458a-abac-f9a6085dd2c0,60,288.43,Travel,2023-10-29
c8828f22-00db-458a-a9a3-0c266e1ba2f8,42,485.35,Groceries,2023-03-27
171e5a00-8b25-478d-bf1d-48dd1d8c12c1,13,1432.8,Travel,2023-12-14
2dce02a3-82f7-4d5a-9ea6-cc68fc59bb91,9,243.0,Retail,2023-12-25
1be0f1f4-e69f-436f-a1b6-f4871c6e0fd0,9,1597.3,Travel,2023-08-14
1501b6b3-dd1a-4052-8d70-5fe70e495b07,44,122.11,Dining,2023-02-20
f2692442-0fd4-4856-ac12-22f0c90146e4,62,199.51,Groceries,2023-10-09
aaca9fa8-2146-4170-81df-591f6fbc8ea3,88,232.05,Dining,2023-06-06
24aff5b0-be82-4326-8c6e-d8cd576eb9eb,85,339.84,Dining,2023-08-14
c6f1e8bd-9da1-4ad6-b166-32be5559232c,19,1033.08,Travel,2023-04-29
2e843469-2ac1-4f52-9ad6-0289386960e9,1,98.54,Dining,2023-05-16
53a12e8f-8c4f-43f3-8653-dbc0b68caccd,56,173.77,Entertainment,2023-04-17
086675dc-31c5-42b0-9de7-3bce782239ec,16,427.24,Groceries,2023-04-02
077b39b7-806f-4bda-be8f-9f3935848088,85,415.72,Retail,2023-05-02
010c482e-b137-4c78-a267-97ddc00d82b6,40,340.42,Utilities,2023-04-11
d4e1e2e3-5b96-432d-b199-f664ba8fc452,11,303.84,Utilities,2023-12-10
7b7e2e81-8149-488d-93fe-12fc9514938c,74,1097.67,Travel,2023-01-29
1e35c653-5e68-4280-8ef2-21132a38ebf6,61,159.89,Utilities,2023-05-16
f7d647d0-009e-42a1-9ab8-9fc6a1f00e8c,38,1223.77,Travel,2023-07-27
87ca52cf-d198-4f1b-a327-725c0ba0870c,63,304.08,Utilities,2023-11-16
277f00d8-b436-4e64-ba2b-8b87ccbd4b1e,96,127.92,Entertainment,2023-08-28
72d7a5ec-e744-4147-b73f-2e86dc399d7c,71,10.61,Entertainment,2023-12-21
46b6985f-ca8b-4792-b6e5-5c6d867cdbc7,20,478.56,Retail,2023-12-09
62562eee-f325-4297-896d-11cd9d747f4a,23,138.51,Entertainment,2023-05-20
caa1902f-3948-4a90-98ce-811b3fe15c8e,73,153.67,Retail,2023-03-24
0ce48399-7b62-449e-881d-e9e4461416a9,5,193.88,Dining,2023-06-26
974d6d03-bc11-41c9-96be-088c0a9b45af,59,415.42,Groceries,2023-09-04
77633b3e-de8c-44bf-bb7a-92db3e301887,26,211.61,Retail,2023-01-22
54071051-a33a-4062-a3d2-4681eed3f25e,55,77.75,Groceries,2023-06-07
18c9fc46-5729-4295-a9ae-10d53e581bfb,39,925.47,Travel,2023-04-14
18a9f955-bdd1-4770-8c0f-19f122c4026e,30,173.65,Retail,2023-05-23
5d361239-03b8-44ec-ae20-1e14c07e7f80,91,461.98,Groceries,2023-03-25
010e13da-1691-476d-b04d-2eeb88b8b650,84,446.33,Entertainment,2023-07-10
1e7cf961-9f25-4a3a-b12d-37bb0f0f0a47,60,1297.28,Travel,2023-01-28
d4aaeb06-f9d7-4df2-acb0-a777e74ca48d,56,85.64,Dining,2023-09-01
6c03f357-4cf7-462d-9062-65d61e1c3700,11,172.54,Entertainment,2023-06-19
612a2a67-0994-4820-b34e-16e5ab74f547,53,338.81,Utilities,2023-06-21
dea5d3fb-fdd9-429e-9410-243895931578,95,9.81,Utilities,2023-06-28
cef9e605-5bbc-4ea8-b6d5-dab6e063dcfd,47,478.88,Utilities,2023-04-08
7d39b08f-6d33-46f1-b7c9-c758361577fa,3,452.83,Retail,2023-08-27
388029e5-7b3d-4c19-925e-9e493463a693,89,217.33,Entertainment,2023-03-22
e3c9f8a2-49f7-4567-9da0-05cb494bd756,23,411.64,Entertainment,2023-09-11
52f969f8-049d-4525-a8d5-ba7851d9ccd9,40,1063.07,Travel,2023-04-19
9a230cf3-66eb-4461-966c-b974cdd6bb43,80,36.47,Entertainment,2023-03-21
144eac76-c0d0-4d25-a4db-be734625d8e2,18,43.42,Retail,2023-03-25
dd3d55b5-660f-4f0a-ba2c-110238fa4d10,62,247.79,Travel,2023-05-23
e475b5ce-25f3-4bd7-bfeb-c4aaa42457f2,85,143.39,Entertainment,2023-09-23
270b2e69-6671-47ff-9338-740da8feb0e2,48,276.15,Entertainment,2023-12-17
512ca169-d729-4d2c-a51d-903719d8eb75,90,324.17,Retail,2023-11-11
3b2fd2b6-6496-4b5b-9411-4ae99ea0eba2,38,1030.28,Travel,2023-12-25
aedf424e-2368-4e5e-961f-9776931bf1b8,65,214.28,Retail,2023-06-10
42b55760-d92f-445f-9d2a-ac86524af114,71,1103.42,Travel,2023-04-07
98fec8bb-f408-43b0-84ac-47aacfce0605,85,77.41,Entertainment,2023-08-31
2c6819d0-d9f6-45f0-8315-7d73c5ffce04,15,520.52,Travel,2023-09-11
df3dd96b-5776-4fe0-8c0e-baf8a26dd0cb,16,36.14,Utilities,2023-12-18
04d7fefb-3f14-4f68-b2f6-147eb5346766,74,413.21,Utilities,2023-11-06
f57d75c4-3e8b-4f59-98c8-06541f023672,35,831.27,Travel,2023-02-21
2ae0db3b-2d59-43df-8339-0d5e1d03e43b,39,484.36,Utilities,2023-09-27
1a812f5d-50c8-45ec-9bb7-c18b0a45655a,16,175.41,Utilities,2023-06-29
46eb07e0-8708-421e-b543-6f2b58e7cff9,31,110.22,Dining,2023-12-21
b9e638c5-d656-4061-8855-6924515cb24c,11,51.1,Entertainment,2023-07-19
69d2e2f1-0d79-475a-9278-064cdcb17042,46,54.29,Groceries,2023-08-04
90b040fa-325c-442f-ad98-1b7ba8831b03,38,406.45,Entertainment,2023-10-23
292c7b8d-ca0b-4af4-9818-413d072dab96,34,55.08,Entertainment,2023-10-12
9a7043b8-4863-4ba1-bb66-c7c16d1fe578,38,344.87,Utilities,2023-08-23
683824f2-fcac-4e58-8691-968987a5eddb,63,566.49,Travel,2023-11-21
a4a81c4d-e6f6-40be-98d8-4bfba9b412bd,85,468.86,Entertainment,2023-03-12
d0ae71e3-0856-4526-8af7-6f35dfa0258e,42,380.13,Entertainment,2023-11-11
12a92f42-457c-463c-8b42-1038f7148057,8,356.59,Utilities,2023-10-13
783ebf6e-9d6e-46f5-8fc2-424b3290d04b,72,296.65,Entertainment,2023-10-22
e16cf5f9-5f92-446d-9b67-2e89693e6239,79,386.47,Dining,2023-04-05
7a389bf3-7d61-4df6-9975-601af984d571,90,134.37,Travel,2023-07-25
ab73a74f-400c-42ca-a610-5eb67cf770a9,54,59.02,Groceries,2023-12-17
f521f716-4386-4bad-b7f1-63cd706f6d8e,16,174.36,Retail,2023-10-24
1006dc45-474b-483a-a433-a00464d294e8,16,165.84,Groceries,2023-08-01
57ff0117-44dc-40a0-8490-06c8497cb406,63,66.19,Groceries,2023-11-18
cdc79e68-4e09-45c7-ad57-18274b4d0139,100,115.67,Groceries,2023-09-10
f84b0227-59c7-4818-990a-958d25cedb74,96,158.77,Retail,2023-04-07
63b566ae-51a6-4851-a6e5-c89d29b2903d,26,304.87,Travel,2023-01-26
c802b3cc-1434-4680-9e95-5e1b4f94249b,26,459.02,Dining,2023-05-07
e9b90b26-ff9d-471b-b07c-4ce41274eefe,79,310.84,Groceries,2023-05-03
b5cb06ca-253b-4527-9fd1-2f33520f8519,38,227.81,Utilities,2023-09-21
48f1c641-25c4-4851-81bf-85d616139801,82,151.51,Utilities,2023-09-24
3b732e81-4886-4958-aefe-5118b9476899,88,224.85,Dining,2023-05-22
c7607f38-6c1c-4c98-95df-e3d29cd1a83a,56,411.75,Retail,2023-09-08
1ae04504-59c8-4e01-9204-559db6800a72,19,390.06,Groceries,2023-05-31
e355989a-ade3-4547-9c06-26b42ab81e70,9,305.38,Dining,2023-04-26
d2254bd0-730e-483a-8582-c399589c5c3f,20,129.5,Dining,2023-02-14
33cf298c-f841-471f-a2d1-623d533dcfd4,85,169.3,Travel,2023-05-18
a95cb6b8-c0d6-4a9b-b089-e4258a214884,72,173.94,Groceries,2023-01-02
ba1b03c0-a0a4-4c69-9dab-86fd7e191e1a,59,308.5,Entertainment,2023-10-09
92b72990-592c-43ed-90f1-1a9ab13179da,2,293.74,Groceries,2023-10-06
a957a518-a1ba-4ffe-aff6-85626d9ba867,70,351.95,Utilities,2023-01-10
a06c9455-1ebc-4d31-8623-2825c4393ee8,14,23.69,Dining,2023-01-28
cde67e01-9f73-4e19-b8fc-9590e04c92b2,39,418.77,Dining,2023-06-15
9ad0368b-71c0-4297-bf99-c09264d62064,83,336.23,Dining,2023-07-29
e433dc9c-20a6-4b7b-b353-ba62a00b830f,21,453.98,Retail,2023-10-17
98c868d3-cafc-4610-bea1-5ff61b0c27d4,85,43.54,Retail,2023-04-20
1a9167ef-23f9-4daf-9aa0-eb500658c8b0,86,1575.73,Travel,2023-06-23
ba9a6076-9db3-473b-8fa5-5dc25dd6694d,1,345.29,Dining,2023-12-25
c2b2e3c6-5401-42fd-8c85-18888341a881,28,83.3,Utilities,2023-02-25
8214ab8b-3878-4e10-82b6-afe2d5ccb275,65,102.23,Dining,2023-12-13
87646306-8b5d-41ef-8c13-61025ad3b72c,60,62.16,Utilities,2023-10-14
a75e0ef9-8db2-4e5f-b3ee-131fd24db53d,75,301.84,Retail,2023-06-01
b67d85ad-bb9f-4ce0-8b09-af7c588b4da7,10,648.55,Travel,2023-06-03
70b1b154-db61-4fd4-96e3-bb1d9fcebe40,65,1366.64,Travel,2023-10-10
1cfecf30-1e1c-41a0-8ba1-48347fddf9a8,14,209.59,Dining,2023-12-12
913926a1-a95a-4e28-98a0-a5423bbd4a52,85,108.03,Utilities,2023-09-27
0385378b-2010-44af-b571-bee26c028271,49,365.05,Groceries,2023-09-05
408b6a40-180d-4282-9607-cf997c3da70d,7,490.61,Entertainment,2023-02-11
fca9c754-c5f3-4b91-a806-d4bd1ff473ce,4,25.69,Retail,2023-07-11
6609929f-541a-4ab1-a4bc-d7d5e19193ed,63,314.23,Groceries,2023-06-19
ac048022-952c-421b-a504-7450f917412c,67,100.67,Retail,2023-06-20
87d5e996-ad65-433c-b0a6-c20b8363eb17,69,241.89,Travel,2023-12-05
664c2912-aadf-4aa1-a448-ec4ee0114a5e,56,332.34,Retail,2023-06-26
a8a46293-6440-4a18-b7b8-fc668a13cf39,64,56.86,Utilities,2023-11-30
6b0c31f7-ae93-4039-b22d-a31fdfffe2c2,16,168.84,Groceries,2023-01-26
1ddb3f66-9dc6-45b3-a88a-003cc187f21d,35,181.67,Utilities,2023-10-06
451a1405-4fce-4e30-ba83-1d4787f9926d,28,119.08,Dining,2023-02-15
a112efb3-6b6b-4398-b7ca-44bd6705d3ef,99,451.13,Dining,2023-10-27
01db3473-ec17-4cca-b7b8-4ab3e4dd5a5e,16,197.28,Entertainment,2023-04-05
9a90d7d8-403d-43e3-9a28-dd601cb12c0a,94,271.27,Dining,2023-04-12
3030e936-14e9-46da-81f3-3554aecccd55,24,473.55,Retail,2023-09-05
211f6a41-ba56-437c-ba45-05fa03543a78,35,1420.16,Travel,2023-10-18
c4c473aa-56d0-4e27-a1cc-00069a9432ce,40,214.33,Dining,2023-08-30
01b12740-9e61-493b-8a3d-600ae2449324,93,333.14,Groceries,2023-01-18
bcdaa35d-757c-482b-8009-fd5af1d398ff,70,53.81,Groceries,2023-01-17
4b013584-0df0-4e0a-a1cd-b8357e005700,8,94.92,Groceries,2023-05-31
2e744bf0-6147-4f01-a532-604d45c5d8f7,7,650.16,Travel,2023-06-18
13b643a7-cdc8-4ea1-9f7b-2def3a8d62b0,55,175.87,Dining,2023-03-27
a3415cb3-ce52-4acc-8e2e-17b9394eaaa4,100,214.97,Groceries,2023-07-27
944a1480-1c87-4094-bf27-79b8562c2f53,57,369.54,Travel,2023-04-15
8807c6c9-05aa-4697-890a-3b049b423da8,83,177.68,Entertainment,2023-08-20
29d8565b-2226-49b1-a2fe-b969c8b2ac7f,87,387.18,Retail,2023-10-27
f5f63cb4-8fbf-41b2-a484-661162f8ca63,14,255.17,Groceries,2023-05-26
a2f03449-51ce-4af9-8e46-97fc7f072786,36,15.86,Groceries,2023-02-24
5b1a0125-f9f5-4811-9ad1-356fa55cc10c,1,304.85,Groceries,2023-05-02
2f7d6f72-caf9-4084-b423-b26d67f990ee,61,175.53,Utilities,2023-01-25
6cd9a16e-1869-4843-8422-01d959630449,87,450.26,Utilities,2023-03-09
e29cf225-771e-429a-80c5-3173765ae84e,83,1233.95,Travel,2023-02-12
29462c81-520e-4393-a6a4-48435a71bd56,37,325.53,Groceries,2023-05-18
e93144d7-378f-477f-a5ac-c0829dd3772c,52,120.55,Retail,2023-09-21
2072358d-0341-4f95-9892-c7bded6e2cf9,70,48.08,Dining,2023-04-25
35650d6a-bacb-4fb6-adbe-63f10b751181,4,248.22,Dining,2023-05-08
0ccbe17f-a0a2-49c9-9704-1359e4d4eaf6,63,73.03,Groceries,2023-05-24
3cd5d7ad-e0bf-4e63-9859-6d039f064632,38,357.31,Entertainment,2023-02-12
0385c0d9-7a18-4ade-83e7-8df4864c6459,69,267.09,Travel,2023-05-03
21adbec9-9cb3-41ed-bd81-2b7fd14c4f1f,60,1852.64,Travel,2023-10-16
7a1b49cd-5f3d-4849-8cb4-833e34958754,77,905.17,Travel,2023-08-02
d661cee6-a0e1-49d6-8a4e-5744534a9ec0,69,25.76,Retail,2023-03-23
79f9781a-c31b-4ec2-939b-fcf7e6e5ef3c,100,243.22,Groceries,2023-04-13
2408632e-de1b-4df1-be48-3c831edd18ca,84,453.3,Groceries,2023-09-02
82b128f3-1402-4d1e-bf90-9244e9591d60,91,258.83,Groceries,2023-11-16
a8b5dc92-9e11-439b-a98c-784bcb7a4c38,47,422.76,Travel,2023-11-09
c1a380c2-63a7-4260-810b-db301966efcd,47,138.25,Retail,2023-06-19
fe77cbf9-99a9-434d-86eb-0fbc86f569ef,14,166.95,Dining,2023-06-26
8300ce63-d472-4684-95dd-ec812738100c,77,417.42,Groceries,2023-03-04
25ac8305-cd88-42c5-9935-4cdcb079f633,79,385.89,Groceries,2023-04-05
da66b9df-9cc6-40f4-8c4f-9812eb959f75,91,59.46,Retail,2023-01-29
505228a2-ed13-4bcb-a055-3976c9ba2d7a,68,41.47,Dining,2023-10-24
d2128171-042d-4500-9866-9af8db00168a,87,351.8,Retail,2023-07-15
613e6131-f7a1-4499-bc03-4b66df9f1b3e,12,345.18,Retail,2023-06-17
dc8ebc54-9cb2-4b67-8dca-e65fb6caa684,71,227.33,Retail,2023-03-22
fc81377b-47fb-481f-97e4-6cd2b30d3a22,59,21.48,Utilities,2023-05-06
dcca1594-a084-43be-bf27-00d3f0bf0e8b,45,436.0,Dining,2023-03-12
caab82b7-c50b-4746-889e-52407a980fd4,24,1111.13,Travel,2023-11-09
0e182e25-52ea-4515-99ce-9a2a616489f3,26,611.8,Travel,2023-10-23
84ea6beb-e34d-4db0-b4b3-63c25a65cf98,56,78.89,Retail,2023-05-05
a022083d-699f-4473-b2a7-163498abd05e,27,154.64,Utilities,2023-02-11
96e338a2-f9b1-4d4b-9964-dc951921e738,75,1509.38,Travel,2023-05-27
10045333-8434-4c5f-9ce2-9eaf7ad9d713,64,90.12,Entertainment,2023-01-18
e0271206-066d-4491-9964-d397e8f0de7d,89,472.84,Utilities,2023-02-13
b8fe3488-62a0-4bf7-b4b4-b5723dc7541a,100,367.05,Retail,2023-03-01
2683fb50-969d-4ac1-9940-769e6a549bdc,53,181.4,Groceries,2023-03-06
21d5f447-f0c8-4d05-a473-d8af018618b8,29,1923.51,Travel,2023-02-21
8604d069-61c5-46b0-b6b8-041dc81a860e,75,68.26,Dining,2023-09-08
5f64c899-3919-4870-a89a-ca9ae2a12aff,69,120.38,Utilities,2023-12-13
4d46e810-24be-4e0b-a9f9-3be371a7605e,98,338.56,Dining,2023-08-05
03cc4f09-dd7c-4c88-8d5a-8ce5e5e3b9bb,93,467.3,Utilities,2023-01-25
f89d4e50-1961-4782-add9-ea2c5de8e08d,13,1567.91,Travel,2023-03-04
c32ea4d9-2f72-49e3-9195-767ae5cf1176,11,252.98,Entertainment,2023-12-30
31cf6bd7-789b-4f92-a69d-1aa0ad61638d,55,395.28,Groceries,2023-05-13
3e386155-ef49-4118-89f7-959b9f21e1e3,32,494.66,Retail,2023-01-21
471789c6-7ec4-492b-a8c2-0b1ab7742a67,21,409.39,Retail,2023-01-21
0d139ff1-cce2-443d-8f18-be169da86c73,46,346.56,Entertainment,2023-11-06
fd974b0d-2643-438a-b112-3d688ec1b967,22,238.61,Retail,2023-09-29
67464260-2ae8-49ca-99f7-a2cedc7909df,27,249.08,Retail,2023-03-22
497ac9cb-bfeb-4208-b8ca-299a467a7077,39,393.02,Utilities,2023-09-10
166938e2-e293-478e-abd5-3ec2c16f7697,46,24.34,Entertainment,2023-06-26
57f476bb-3c71-4834-bfbc-4da573a65abc,59,224.55,Groceries,2023-06-16
4aa669fe-14e2-4110-8dae-bc7967a12250,43,358.8,Utilities,2023-03-31
b0f90100-3603-45f0-8b0c-051d8af0ff80,45,370.74,Dining,2023-04-13
05dea457-1259-4c12-b3ab-d42ad78eb7ca,88,355.61,Dining,2023-11-05
da9d2fa0-f614-4aa4-bbca-223573a374c3,3,63.0,Dining,2023-01-21
0d8acabb-3512-46a1-8612-10d1baf3498a,93,10.06,Groceries,2023-11-17
6e935553-36ed-4744-818d-753824f98a02,23,133.46,Retail,2023-05-28
6dad0ace-6f95-4175-af4c-22712726dedf,19,132.86,Groceries,2023-05-30
7fa7a7bd-59c2-4752-8baf-7473d642526b,24,447.78,Utilities,2023-02-05
63ab8d24-0b1c-4da7-9dc9-5265c64e4f32,53,111.46,Entertainment,2023-12-09
44d310a7-d2f6-4a89-8391-56ad22eb9494,2,467.49,Dining,2023-09-03
bf8dc9dd-8c31-4443-b903-b02e4c962a85,28,77.35,Retail,2023-04-18
e8b74ad0-1d35-4b50-8652-3f14ab748e3d,58,39.91,Utilities,2023-07-20
d4a51bcf-0fab-43de-84dd-092b3bbec514,73,429.23,Travel,2023-03-01
76fec679-6c98-4cfc-8116-33913b119673,88,1092.87,Travel,2023-03-09
bf0900af-f45b-4fda-be3e-a4016bd1c692,3,485.92,Groceries,2023-07-10
0302942b-3789-4991-818f-420e7f098a03,56,291.69,Groceries,2023-02-20
afdeb6d5-2afe-448f-a856-b89d4c943742,68,129.55,Retail,2023-08-04
af8cb664-7bf8-4cfe-add5-a39e4130b7d2,65,402.34,Entertainment,2023-09-16
738c410d-df9e-4ee6-9627-79d8078fcfe7,99,854.93,Travel,2023-04-20
b7a7e491-360e-41f8-8165-a41004f99da5,30,1350.62,Travel,2023-05-22
5e625320-2fb0-4a93-b851-23c764223c98,35,139.9,Utilities,2023-08-22
9e79fe47-dc92-4446-bae5-efeb7efbaeee,90,192.36,Retail,2023-07-16
9130c856-83c2-40b7-9cc0-7e67dbaa8390,89,225.67,Entertainment,2023-09-04
1e9eb937-4df4-4a7e-b809-e57a210465b9,84,375.51,Dining,2023-02-14
b1486856-1699-4092-bf04-0a554de34a9a,13,93.29,Entertainment,2023-12-16
fb168cbf-4c4c-464b-9e7a-b53dd287d0ae,9,609.55,Travel,2023-07-22
f3c10ee1-e677-4deb-b52b-4b033ccdd6c4,18,1316.34,Travel,2023-03-21
24e06ea6-5bca-4db2-a7c5-6e6130205310,14,427.23,Utilities,2023-03-15
b13f15f2-01b4-473a-8841-8ef885ab8ff1,71,205.8,Dining,2023-11-11
b2ed775c-adbd-4a52-bc9c-8d5bdd7896db,65,213.52,Entertainment,2023-02-16
f77b78d3-6aff-464d-abf9-1e47fa8ee370,63,374.37,Retail,2023-06-04
a697debe-3ef4-4d69-b401-f419ca3cd03c,100,487.19,Utilities,2023-05-03
ff9d5a85-fd23-4321-9b09-c46e071a5d1e,94,119.47,Retail,2023-05-19
8df71ed7-b4f2-4ad4-b51f-e48a71a1281e,75,22.51,Utilities,2023-12-27
636f9226-ed2c-4df6-b761-dab77f441699,47,460.99,Entertainment,2023-09-26
6595ac07-28a6-43bd-87d1-9cd7957f1aca,1,137.9,Utilities,2023-12-19
b3268fa4-9b6c-4332-8bb2-fa5c32bd036f,30,35.12,Utilities,2023-11-27
3ffc1b52-4276-489e-841d-6eee7b7d2dfe,38,277.59,Groceries,2023-10-31
0f6b6864-b67a-458d-8a39-b61bdc6d3cda,79,172.58,Utilities,2023-02-13
6f19d40c-6573-4a30-9d0b-cacd230d3f88,92,79.85,Utilities,2023-02-12
bce3172e-46cd-454f-b036-3580683c58f4,50,222.94,Travel,2023-04-08
508dbd3f-6279-46aa-a5be-79214ab30e02,39,228.74,Entertainment,2023-09-10
7dedbf89-6286-41c7-be69-66a97422fc17,11,224.56,Dining,2023-02-18
44917804-adc0-4b5a-9d00-b3a81bebed87,20,157.78,Entertainment,2023-11-02
4927ae9d-6c76-44eb-b528-c68a8b9c2cc3,68,413.43,Entertainment,2023-07-12
cf6eb483-83fb-4b7d-aa30-11f136109614,94,193.75,Entertainment,2023-02-06
5362beaf-2f04-4531-9a02-1af388e7998c,56,74.53,Entertainment,2023-12-15
d78eebae-f4b1-495a-887f-cab6b72f8cb2,17,1518.3,Travel,2023-08-23
494e0ba3-84c7-41c9-9ec1-c777172a577a,100,194.55,Utilities,2023-02-20
a92f8549-0b72-46f2-9e9d-10182e69775d,74,386.72,Retail,2023-02-21
7a53cc48-cdcc-47f6-9118-bb0a9e01abb4,63,312.56,Retail,2023-09-03
56b4a41d-6da5-4c6a-8a75-1da6e4f997a9,20,452.68,Groceries,2023-01-17
1253c2c2-b766-4906-878a-2e8e369b2f2e,11,351.22,Utilities,2023-02-25
1c6a75f4-d66e-4791-9261-4916eb9facfb,87,1032.26,Travel,2023-02-15
52143606-0fab-4a17-bb08-e22d4c57abce,67,416.34,Utilities,2023-03-09
86eea02b-9d75-4c9a-b174-85d56b867ddb,88,51.4,Groceries,2023-12-06
59427913-2abe-445d-ab4b-3217c5e7eafd,46,584.01,Travel,2023-11-19
79efd8e7-c659-4a79-8d2f-2ec69335cd4c,19,53.35,Entertainment,2023-12-19
415a48b5-bd37-4e60-ad96-30f22623731b,98,160.68,Utilities,2023-08-31
b3fd3b1e-5d47-4753-a293-1d1959b9e088,48,211.11,Travel,2023-05-31
4f9f7aa1-23b5-4712-8ca9-70d254422910,59,74.4,Dining,2023-08-15
ab3ff9a0-6238-4f84-a065-0877f9cc7cdb,88,28.19,Groceries,2023-02-14
c3fafaeb-92fb-4f72-8303-6ec020d493e9,51,486.56,Entertainment,2023-02-15
b42d9af2-a8ed-4d80-910b-d3cd89829bbc,70,287.06,Dining,2023-09-11
e21bf282-a115-4b23-8470-00e011fe7458,89,132.73,Utilities,2023-09-25
b874e279-e61f-4f4c-aa77-ec13ad1f3614,83,1424.44,Travel,2023-08-19
721d0202-f937-496d-9869-00838090abb7,7,489.71,Groceries,2023-08-29
ffe87adc-f467-4515-849c-805d26fb12b7,11,84.55,Entertainment,2023-03-02
81b388d9-5864-49c2-a35d-87b90bca6f63,73,451.38,Retail,2023-06-13
90020c3a-9389-4307-a51b-6923a2d292d2,58,108.48,Utilities,2023-11-04
9d758727-752f-4a96-91be-e3f68307ac26,37,365.48,Travel,2023-09-20
dbe083b2-f014-4553-b985-8caad3322c0f,49,287.93,Retail,2023-11-13
4b932264-0777-4eab-a92e-f38bbea8666d,67,297.35,Retail,2023-12-21
61cf2e19-aa4c-4b50-86c6-e17e8e102243,50,410.53,Groceries,2023-04-23
8668d38f-f7b6-44a0-8d50-a4e3e0279faf,15,395.85,Entertainment,2023-04-24
b952977e-f65d-4e02-8902-40efe5eb492b,65,177.96,Groceries,2023-05-11
aeb2be34-2cbb-44f7-9fc6-ac8f73f14098,48,211.01,Utilities,2023-04-09
f810b902-4f12-43ee-a77a-d3e9bf1cf399,25,231.08,Travel,2023-05-07
b462c0da-5e84-4207-ab02-01aa0307e6c4,37,444.99,Dining,2023-02-05
8c357707-df7b-4e0e-9245-178260e9ce09,61,441.57,Dining,2023-06-03
48f3af14-df6f-4975-9053-44ffc7227164,15,127.99,Utilities,2023-01-13
9bfa2213-1e0a-4e78-a28e-69793a9f7280,81,199.87,Utilities,2023-08-31
eed4cd9f-6624-400f-b1f1-402733ac61ad,83,52.52,Groceries,2023-04-13
1adb02d9-70d4-429c-8eb6-14ba68b7341e,64,340.85,Entertainment,2023-12-07
3f9e1333-e044-4c40-ac59-6387acda56b7,90,8.74,Groceries,2023-04-17
1994760f-d4e7-46ab-95a8-e5fd388994ad,79,159.89,Dining,2023-12-24
da4470cb-1a41-4438-b857-90f33c2bc42f,37,245.67,Retail,2023-09-21
d568b7d7-43fc-44cf-9169-797a7e861749,11,433.64,Retail,2023-11-29
1bb17f60-2a37-4afc-8560-96159a4ac994,35,164.0,Dining,2023-07-19
cda061a0-efd0-4d84-8e80-6cd71723eb25,68,416.37,Groceries,2023-08-22
be6c3907-b4f2-4a6d-bf79-2b213be003a4,24,410.04,Dining,2023-07-07
c8e62031-d957-49f4-bdd7-18eb27a014a8,5,72.95,Retail,2023-07-14
53780705-5b29-4f7f-b527-1322cf22d2d4,84,200.78,Entertainment,2023-09-05
3e437fb9-636a-4bd3-9e7d-4216201448da,93,387.54,Entertainment,2023-03-27
040f414e-664c-425d-8bc4-7983ada3b7cf,65,495.07,Retail,2023-04-25
fbaec39f-de6d-4dcd-bfa3-1c9c74b3b369,29,748.06,Travel,2023-03-06
78444a92-ae55-431d-932d-0efc460b366d,79,960.35,Travel,2023-12-20
383a3544-de03-4c97-9f31-6cbbf0b727a7,57,172.91,Utilities,2023-01-06
6cfef6a2-98cc-40e7-8e21-5f2499fdac5d,61,340.16,Entertainment,2023-05-31
ca282fd4-16d1-4ab2-b902-f7d2507e4f94,84,1577.15,Travel,2023-10-22
55fca754-f4d3-4f68-a217-6e1d4625ba8e,50,1152.6,Travel,2023-10-02
e527f7b8-e3e4-4177-8bcb-d2f8f27db15d,31,317.78,Retail,2023-11-11
bcd15af2-c918-4671-b926-e424ca11719d,90,286.06,Retail,2023-06-11
e33addeb-a72d-43d7-a4be-b7c5ca85f257,16,296.07,Utilities,2023-03-02
2e584fb5-1ae6-402c-91e0-9d44537879aa,69,253.16,Dining,2023-04-28
3553d502-6662-4c69-b9e1-074e9354e44d,28,440.06,Entertainment,2023-01-07
5c9170b9-44e7-401c-8e12-fbed43aae5da,80,239.08,Entertainment,2023-07-10
50af253e-1295-4b99-b9a1-9eafe8c3d7f2,95,423.91,Dining,2023-05-02
2fad0499-37ab-4d4d-aaae-b9ecb16300a5,80,422.72,Dining,2023-05-14
0f8fb254-a672-4456-b553-5af35e644d2e,60,401.51,Utilities,2023-06-02
8502a2a0-ef9f-4ac1-a2db-a22be8472287,47,313.64,Utilities,2023-10-01
68ab56b6-9712-4f9f-9057-7549340d16d7,5,321.0,Retail,2023-08-31
8a54cc45-085f-4480-807a-1546c4afc576,60,463.32,Groceries,2023-05-23
854f3d66-f3fa-4d53-bd6e-666c67b98c6b,98,267.14,Utilities,2023-12-26
fb03ef3c-9c72-4fc9-97d3-b561eac59ee0,84,62.21,Entertainment,2023-05-27
8a7b8250-f645-4726-a243-2bbde64a4b44,90,50.45,Utilities,2023-06-15
f5d267ef-dc78-41a6-ba0a-8f5a1c7ac456,70,238.23,Entertainment,2023-01-05
aaefbbe2-d18b-42c1-bc73-a31d5833da63,29,1852.62,Travel,2023-09-10
530d75c1-fb9c-4bb0-b1a4-37f53727c89b,46,417.73,Groceries,2023-04-30
b0dddb1e-6eaa-45fd-b283-9eaf02c08fd9,47,571.41,Travel,2023-04-27
2c893794-5295-44e4-8954-c96edf47acf3,69,610.19,Travel,2023-11-08
5842d9b2-2e5b-4bf2-8166-6f1b1f57fa5b,47,274.97,Dining,2023-07-31
ee8bfbe2-23e4-468e-aa30-90f0a78a5706,18,1358.41,Travel,2023-04-26
4a4f2bb8-c539-4b3f-9f77-9fab5163f722,58,269.51,Dining,2023-10-05
aa81c94f-4e21-45f3-a4fa-327454b1042b,38,253.02,Dining,2023-01-02
b07da771-1c65-47a7-b110-453117df47fc,70,8.85,Utilities,2023-07-08
1c0e4b43-b18c-477c-a52c-d8870b17b0ca,15,151.76,Groceries,2023-05-27
171d0336-ed8f-44e9-befa-25888a826f0c,24,488.64,Entertainment,2023-11-20
c6f61077-800f-480c-a057-a7571cecaca9,56,223.73,Dining,2023-11-14
00c7020c-ef05-4c87-b938-24ace03d37bf,61,238.14,Dining,2023-12-26
298f0b54-5fdd-4f6c-bb1a-03a1edfcafdd,25,456.14,Dining,2023-11-11
b64d8936-9c3d-4ca9-83fb-b21d47ceeef6,6,355.43,Dining,2023-03-07
e48b4106-51b3-4856-a29f-f46e434eb318,5,114.46,Dining,2023-11-19
9ca46a59-05ef-43b0-99e5-ef3e9a92e1e5,64,220.76,Utilities,2023-10-17
4d671930-312a-4e97-b613-018ed53b0e1b,70,461.89,Entertainment,2023-07-28
e8fddf14-bfe4-461f-9d8a-c4c2f585df1e,79,488.71,Travel,2023-03-02
4210c975-292f-445b-90a3-fd76493e4614,22,1245.77,Travel,2023-04-16
3ebcdd76-ef42-4fff-80a0-7d4cf3ebc272,78,429.08,Entertainment,2023-03-24
0a1d0979-e662-486e-a6cb-cc3e1b5e198b,43,121.2,Retail,2023-11-23
fce2db30-d270-43e1-9e00-a67498fc2e0f,10,226.46,Dining,2023-06-30
84ead498-f553-4a4d-9898-b657b3bfd3cb,7,212.93,Utilities,2023-06-15
d2ce8424-88eb-439c-9ad6-3b7b49dd78bb,61,570.64,Travel,2023-10-24
a2f51882-e496-4462-afb4-e33b0d772476,2,27.06,Retail,2023-04-14
a2d705e3-b611-47bb-99dc-5dfd84f64f6f,13,460.52,Entertainment,2023-06-30
2e9df93c-64de-40de-ada2-acae97a51fe1,42,39.67,Groceries,2023-07-16
6fd546f5-98c0-4e4d-a0d9-460324e0e60a,93,460.67,Entertainment,2023-02-17
d57fe5dd-3389-4346-9098-ad88491d198d,26,118.84,Utilities,2023-06-11
4707e6b8-7783-416d-b8b8-66e749831e16,54,391.23,Utilities,2023-09-11
2301fff1-a1ea-4c8e-8cf5-11540ce57696,88,429.39,Utilities,2023-05-28
dbd7c064-2057-4de6-b5de-62d21a9027f5,18,451.06,Entertainment,2023-01-13
7b404ec7-d15e-46cb-8842-dc567f632597,34,315.94,Groceries,2023-09-06
cc601f51-3239-47ed-96fd-0a44189d2104,11,129.54,Retail,2023-03-11
478c4394-4071-4be1-9036-5c99a2a18beb,98,1286.98,Travel,2023-11-26
975c6481-f582-49b0-97a1-7d097c601ca1,93,190.37,Travel,2023-04-09
94ba9ac4-c7a3-4a39-9d90-2492f06c3d0f,7,455.38,Entertainment,2023-02-13
7b3841d1-570b-4f54-903c-8d34b864cf31,43,428.5,Utilities,2023-07-09
e6db645c-d4ca-4a3c-81b6-82ec2c608352,53,19.79,Utilities,2023-05-28
402f5b31-fca8-4ed0-848c-d835607a396a,54,1959.91,Travel,2023-05-21
60009c33-5809-4251-87e1-e9c12b581817,99,28.89,Utilities,2023-07-22
f2857aba-f840-403e-8554-63b9bd68c6eb,72,276.35,Dining,2023-11-10
14b25fbe-a50a-4b3c-8bcc-cb558757ac97,65,397.91,Retail,2023-02-05
398ad52f-ab4b-457b-8442-a6d491d5c152,66,247.86,Entertainment,2023-10-10
c1b47270-7090-4c49-8b9b-9a83abde58aa,24,258.78,Dining,2023-12-08
28c3b671-4a54-4235-a99e-4748a1bcfc2d,5,375.13,Utilities,2023-06-16
9f7bb1ad-0cc8-40b9-9618-3558eecb656f,38,75.35,Utilities,2023-08-25
149d1e17-54b2-42e6-98c9-fd9eaa4997d7,49,309.36,Entertainment,2023-03-07
e7c6a357-7120-48d8-b123-91f3c05e63c3,41,133.87,Entertainment,2023-05-24
b58a9625-1b21-471a-852c-940e5224f75c,30,1537.42,Travel,2023-11-27
26bc8756-42b9-4218-adf0-c94fbac03ce4,66,46.57,Dining,2023-03-27
6d82b559-6633-4261-9dd1-7f2bb5e541d8,39,413.67,Utilities,2023-01-08
9bb234fc-ba06-4260-8e2d-4ea79f5a24ea,99,119.96,Utilities,2023-03-11
01adaf8f-e903-474f-86bc-98c024066de2,35,496.6,Utilities,2023-08-17
75db1099-fd07-4b4a-8d8a-9b2ac174d27d,73,296.98,Retail,2023-03-18
a0108f9f-6fc3-4bee-a2b6-f63525fefcf0,74,41.68,Dining,2023-10-29
51c13ee0-bcd9-47ae-abf4-ee182c0a3877,42,194.31,Groceries,2023-08-22
d36240cb-7f5b-488f-b2f1-7c9ce26e02b3,13,123.46,Utilities,2023-07-22
7dccd291-786f-4a2f-ac35-8c31c641e1cc,40,467.3,Utilities,2023-09-25
5a5c0ede-6e6b-4e15-980f-80e44d2b7ae4,41,281.49,Utilities,2023-09-15
d6884f9a-409c-4a5f-8071-69acbb8f38d5,28,350.24,Entertainment,2023-09-27
7ba87700-58be-4847-a0cd-b66c3b02a977,50,790.21,Travel,2023-06-04
71e98ffd-3bf1-4b6c-bc78-b48077cb55e5,65,133.48,Utilities,2023-08-15
54c2b6cc-2e1b-438e-be7e-1f874667cc49,61,304.98,Groceries,2023-07-15
9e1021aa-df06-4321-be47-53a3bd8804ec,71,334.25,Utilities,2023-04-17
2b08dc6c-c6be-4576-bf92-f758aa0425ec,79,798.86,Travel,2023-01-07
5fb0d93d-c516-4ddd-acbe-2301fd08f417,4,429.82,Groceries,2023-09-23
883190a0-7fa0-4f63-be0b-75a9bb53e857,94,372.97,Entertainment,2023-02-04
198897a0-e35e-4ffb-9b5e-283cfadaa561,93,169.32,Utilities,2023-07-22
caa26429-bf0d-475e-b0fb-a87384ac6f77,28,1776.56,Travel,2023-08-07
cb385d38-c392-429d-ac4e-dddb1f63e410,10,45.81,Dining,2023-11-06
6f9029fb-7554-435a-bcd2-a1f22d2c47e0,57,146.39,Retail,2023-01-28
8b8e91e1-ab3a-49f5-83a1-b4ee70b6c2ae,50,134.13,Entertainment,2023-03-30
9e06e1e8-9215-4038-8548-cec3cc373dfc,91,305.89,Travel,2023-10-10
0a125c5a-9387-4a0a-85a9-8312283019d0,72,1761.16,Travel,2023-01-14
6e9bc7f7-ebda-401f-9514-18dcf977e6d8,84,183.86,Dining,2023-08-13
99e29ec0-bb2c-4592-be19-a3dbdd0f15f9,21,169.62,Utilities,2023-06-01
100bc91b-e51f-4a49-93d2-9a17b1389dca,10,27.88,Dining,2023-06-21
f7b9add9-67a2-4a5e-a26b-d1250dd4541c,83,306.86,Utilities,2023-12-09
13f61249-f3d3-4854-a8f1-4c4bcc8e7998,21,121.06,Travel,2023-12-22
7d3aad7f-9917-4e42-b26b-267330e0b2dc,42,496.35,Travel,2023-01-28
7502627e-5892-4824-a53a-6287910b8dda,3,145.89,Dining,2023-03-17
c372bb54-3d03-4f90-82bd-10510aa583be,64,100.77,Utilities,2023-01-21
3f637438-2750-486a-b4af-dfb0541a05e4,90,63.43,Retail,2023-11-13
4830277a-5b28-4dce-a10b-19fab5d81892,40,258.65,Utilities,2023-02-03
6060f877-54af-4822-a06c-b0d315c6a47b,19,1563.16,Travel,2023-06-18
f7261afe-4ab5-47ad-a18d-f2f84ec85eea,61,61.55,Groceries,2023-08-08
35308e73-55a2-4906-8fbf-18c1ba9b5886,50,303.87,Utilities,2023-03-29
47de63c4-e7dd-428c-83b5-9d6c11fab4b9,85,338.83,Retail,2023-02-09
5c41ddeb-d952-4c31-a1ce-eee7c284ba8c,88,499.92,Retail,2023-02-22
4e048079-53ba-4f2c-a070-9f496e2a3a51,39,322.82,Utilities,2023-08-10
7f3bb65f-6846-48a0-adaf-51499490ad65,29,134.49,Dining,2023-07-14
9bb7a32c-0d4e-44a5-bf39-bacc0fa30d06,25,30.67,Utilities,2023-08-15
e1629c7a-7f57-448f-9233-4e29c3b76c72,96,381.76,Entertainment,2023-11-01
f14844f2-5c55-41b1-950b-9d2e48e2a5eb,89,52.24,Retail,2023-11-17
b89646d9-4d40-49b4-a61b-6c5d1f757df0,22,241.9,Entertainment,2023-07-24
234fd787-d88b-40eb-8b2a-6ce0259eeffb,11,236.74,Entertainment,2023-02-09
8b727f4e-b92e-42ba-ac82-9c8cf9a95658,10,177.83,Retail,2023-01-16
70b7b07b-ce95-45df-bb56-03c75b0e727b,96,311.37,Retail,2023-05-06
8d0d95f5-8848-4152-bec1-d348c50468ea,99,338.17,Dining,2023-01-02
9e3adf25-7044-42d8-b25e-532d98cf2a12,25,418.04,Groceries,2023-10-26
137e9ed9-3785-493f-8fe8-2523e9fd4c77,94,291.47,Utilities,2023-04-11
3119dac9-740e-4270-975f-2fc9a78678ed,26,198.9,Utilities,2023-07-16
48802124-629b-4ae8-903e-d33c58974045,79,409.14,Retail,2023-06-18
246c839e-f3c3-4b91-a1c0-0cdf3c10ab7c,90,124.35,Retail,2023-06-13
f3f5f1a6-48ef-4823-a03f-3acfd41b9825,86,196.28,Groceries,2023-02-10
b4e50968-2e4d-4150-af1a-12e9176a8853,31,219.16,Retail,2023-02-27
aea554ef-035c-44c7-b4fc-c89c6413b96b,71,1122.46,Travel,2023-04-24
fe2f4784-9893-4a68-bb01-151b3d60c4e9,57,263.01,Retail,2023-08-20
6bc7d5c9-9ea5-4257-b3ac-7457723ac6bc,8,47.33,Groceries,2023-08-17
c6a18fb3-447c-4ec9-9815-c803d36c5744,64,58.04,Dining,2023-10-30
70660ece-7c4a-4b2b-8141-739496b9d176,21,442.07,Utilities,2023-04-30
8ea7ba18-8a55-4e0c-8feb-1d4e763d7f26,6,903.74,Travel,2023-01-05
96a3df24-06ae-4d22-9175-6c9144ff5407,38,282.53,Retail,2023-08-03
8881a061-5561-4084-894a-c6d4a564706f,71,456.26,Utilities,2023-02-04
9f49253b-0d2f-4a7b-86c6-a837728f4ae9,1,45.29,Utilities,2023-08-25
2f3f274f-7a76-4449-a40f-18d743d233d6,27,1599.7,Travel,2023-06-24
34922567-dc21-44ab-89b6-ff6b97676019,89,301.01,Groceries,2023-07-27
809b7ba0-eb8a-4963-97bd-7140ac56dd49,51,866.94,Travel,2023-11-26
71be51c0-4a38-41d4-8d09-88320b1941a3,3,352.88,Entertainment,2023-12-19
f762a205-c8b7-4b06-bf49-971d252867c9,47,295.9,Travel,2023-01-05
661ec8d1-0e9f-4369-9aed-a9dfe06b63a3,69,511.07,Travel,2023-11-07
7db67eab-409a-46d9-b5c3-90f7a64ade13,80,69.14,Entertainment,2023-02-27
74e7051c-d543-4a10-8dee-115380d63a3a,55,198.04,Travel,2023-09-10
d2e02744-7465-4355-8299-a08b1e0f5a24,51,1975.12,Travel,2023-11-20
0167acab-b2c8-4d52-855a-fdd9fa8aa3f8,96,21.65,Dining,2023-11-02
67e620c7-aa87-41eb-84e1-b0afa847138b,4,120.48,Groceries,2023-05-24
ecd86ef2-9691-4062-bf4d-72e628029e3d,86,86.28,Entertainment,2023-01-05
fcecacd3-6e5e-463e-81b6-30007a259059,72,159.54,Groceries,2023-07-24
32f0b6ab-6a7f-4ac8-aeac-1f962d68c78f,54,114.72,Groceries,2023-09-20
000e76eb-0174-4b0a-b98c-6af9fa49b4c2,34,263.25,Utilities,2023-05-03
97644b6f-b6e7-4ac5-9d0c-4db4d1b3f580,42,219.68,Utilities,2023-10-27
b6a98852-db49-4f5c-8284-9580942afdef,91,231.62,Dining,2023-02-20
d9c046e4-acdd-4d58-a6eb-c98c115dc2cb,53,376.72,Entertainment,2023-09-19
09b9c48a-19fb-47f7-9b9f-72e451ec7a01,73,198.07,Groceries,2023-05-04
50ae5ea8-a82e-4ae1-a93b-e0226ac6045e,52,401.79,Dining,2023-06-29
fdeac3a2-c8a5-4569-ab44-b0c47a81b534,56,347.66,Travel,2023-05-31
eaf6c185-8c34-4cc8-a631-b1ee6f962278,72,491.11,Utilities,2023-05-01
937f7e60-0574-4216-a2ac-6878775130d1,91,74.8,Dining,2023-09-11
f8b066e9-49e9-4d07-8d54-8805e796f9fe,63,254.97,Dining,2023-03-29
7fd19bad-e1d6-473f-823e-875f8d8b8476,86,1642.79,Travel,2023-05-15
62e3c5d9-0dc7-4ed2-a1c7-a20e11e7f7e2,54,432.54,Dining,2023-10-07
6e9565a1-31c5-4ccd-81aa-6fe6819a1bcd,28,127.06,Utilities,2023-05-20
5a39f45a-6361-44cb-8e90-57e22eed795d,60,122.05,Groceries,2023-10-25
841c4778-c18a-4b39-b234-010536bcb160,85,160.61,Retail,2023-07-31
efb5b4c2-0e44-43bd-b0bd-e4601f178e4d,26,19.87,Groceries,2023-07-18
cd6f1848-ca0f-48ef-a271-4fa1fff504b1,1,413.93,Utilities,2023-12-26
59c89558-7174-484d-afce-5af5cb294bc6,72,1234.2,Travel,2023-01-27
18d444d5-cf3a-47ee-b91a-fed3c66189c9,55,241.94,Retail,2023-03-20
eefc24fe-f384-4356-8edf-f3bbb38a6876,99,1926.78,Travel,2023-09-17
632cf20c-6ff4-4a8a-a194-80d817cfb193,46,236.07,Entertainment,2023-10-22
dc4ac730-3a83-47f1-8fe0-871296ba5018,11,470.84,Retail,2023-06-14
81ec6ee1-2fce-4a7b-8df3-e57258802bfb,67,70.7,Entertainment,2023-05-08
b0737a28-f442-40aa-9fe5-b66532da1504,75,259.76,Entertainment,2023-10-08
f923513c-586d-4767-9d93-4cd844849f2b,96,175.87,Retail,2023-11-04
59a9b6d3-f791-4fec-9dd5-02f3f2a22397,20,431.11,Groceries,2023-06-10
f2ec4bb7-41d0-49fa-a959-55d1a1a60d0a,77,1401.54,Travel,2023-08-29
87d80cbc-d4e1-455d-ac3e-460a253c5cf5,4,203.35,Dining,2023-04-30
b8690bfe-74dd-49d8-997a-75cc15af23b3,86,167.43,Utilities,2023-11-07
f0c1a90b-883e-4b76-8e5f-f3653b26a571,85,468.7,Entertainment,2023-05-25
9080599b-a2eb-425a-b0a0-0e0cdc4fb9ab,15,15.92,Entertainment,2023-02-19
068e11b8-03b0-4495-bec3-f1b82f15a4e1,50,484.8,Entertainment,2023-08-29
5964bea7-af9f-4930-89fe-3194ffe2f4e1,99,337.13,Dining,2023-08-29
7f5fd569-3725-4e05-996c-60c81f23d813,72,236.39,Groceries,2023-01-19
05e5411f-9cef-424f-a806-527e0da6f9fb,68,427.07,Groceries,2023-05-22
0f0cf61d-b9d3-4a0a-844f-0214a24dad21,74,72.24,Entertainment,2023-08-05
1887000d-661a-4576-856e-3bf68c151e94,95,415.88,Retail,2023-09-07
0938f3c3-5405-4e0b-90d9-5c90ef2ad35c,16,239.52,Retail,2023-01-10
df8f5364-d3ca-42de-8406-45b259c75a3c,58,8.23,Groceries,2023-01-31
1f7be500-be09-44ea-b9ea-5956716c9be3,55,209.37,Groceries,2023-01-25
9216456c-1b9d-40be-897e-920157a5923a,1,280.07,Dining,2023-12-25
c0187eee-ec95-46e4-89c7-0ab3643762ef,62,560.75,Travel,2023-11-02
cd7b2a26-6f04-4f31-802f-2707f7486418,54,365.57,Utilities,2023-08-27
4568aedc-f0dd-463b-aae8-cc30d574e5c5,15,12.95,Entertainment,2023-11-26
7a9cb1e1-4701-4c2d-ae3d-97e66102f9f6,80,1308.19,Travel,2023-06-24
582464f0-4a82-4c06-97dc-9976836814cd,75,147.19,Dining,2023-12-23
dd4499c1-e569-4b57-8a48-aaf9a01dffe0,60,198.2,Retail,2023-06-03
98b1b256-30f4-4ad1-bba5-4eb5ce71e34c,64,443.73,Dining,2023-04-12
9ed4e98f-6f43-42dc-8034-81199267047d,96,162.27,Travel,2023-05-07
20359ea2-1edf-46a8-a60e-d7d7ff9eff97,49,1371.45,Travel,2023-06-28
c5d39b3a-a0ca-4e34-8ef2-7f5e94a56160,32,24.68,Groceries,2023-07-11
29564b55-9bac-4525-87dc-03454987e64b,72,113.93,Groceries,2023-03-10
4472fff2-6b33-41b5-b2b1-f3bac9f35b63,17,148.26,Groceries,2023-07-18
8e973e0d-f33a-41b8-be66-6b7de3065708,17,54.58,Dining,2023-01-25
54a7a4f1-1ad8-4068-871b-9e07a71bed22,27,238.25,Utilities,2023-06-15
01039171-4594-466e-ab96-e1805730170d,69,25.08,Retail,2023-10-13
a9572d83-6338-4414-8004-a0647a2b5f95,79,282.53,Dining,2023-06-01
d4b79ef8-a9e0-46aa-b4d9-cf7843f415f5,89,15.59,Entertainment,2023-09-10
f5600df0-26cf-44ac-9fbb-8db97d5a50ca,40,373.23,Entertainment,2023-02-07
9da2b567-a400-4992-b800-b3220eecb7cf,95,190.07,Entertainment,2023-10-08
39a354b7-3033-47d0-83dc-0a76e0142430,95,124.81,Utilities,2023-07-20
7fa756ac-5e93-4182-9756-c9b901f21d22,80,350.74,Utilities,2023-01-25
5c6ce0f8-b2e7-47de-9d46-7853b98d94a1,33,301.08,Dining,2023-10-21
ea601810-61a2-43a8-9961-3773b3a169be,15,198.02,Entertainment,2023-04-20
b6203615-9fed-4990-9cb6-8209107a849f,83,1342.33,Travel,2023-12-22
39a02739-0935-48d3-ad1f-162e2e13f06d,47,164.35,Dining,2023-12-05
418b7d10-3857-4317-a30a-c5f44d18fd54,41,351.2,Travel,2023-09-17
64042c75-ab44-444b-96ba-2b2bacddde1f,18,250.97,Entertainment,2023-09-08
2173c4fc-e77d-4240-b4ac-14f187256531,58,371.53,Utilities,2023-07-13
2670d5f8-e66a-40be-bce6-e209b26beb70,100,570.8,Travel,2023-03-14
551315de-c34b-4d1f-9afb-7161833b0b61,70,170.88,Entertainment,2023-05-27
d1957a73-b7b4-4198-b89e-3a4d600274c5,32,568.56,Travel,2023-02-02
a13df3a6-3156-4551-8bc8-39b8829b3b03,57,41.38,Entertainment,2023-04-21
53171d77-9548-42f9-a02f-fb23d513b365,29,24.79,Utilities,2023-08-09
0552fc19-7cc6-41cb-a82b-02440ba9bdac,16,29.08,Utilities,2023-10-07
cdf416fb-9680-43ed-8f13-93493904bc54,7,41.17,Retail,2023-11-25
e4e78622-88a9-49d0-8323-83de57fa9061,87,206.5,Entertainment,2023-03-05
08868a5e-0f0a-4a53-97b1-a029f6881fa2,98,309.99,Entertainment,2023-09-03
ec0e4a81-07cc-47d1-91a3-65fa59454443,26,358.13,Groceries,2023-04-04
fdf0f26b-3f40-4e16-8f89-7ea33b20c82b,96,1262.73,Travel,2023-06-27
19e79ac0-2222-48c9-a135-307718909836,82,390.96,Retail,2023-06-19
b75a3ea0-5688-456e-934c-26744cbc84c0,10,124.64,Entertainment,2023-11-03
de4c44a9-fc79-4a94-8f14-fc61fd873ed7,1,236.03,Groceries,2023-09-04
81178b76-6e2e-4260-9007-d5318c2fc356,85,78.55,Utilities,2023-06-28
d8f15f83-72de-4ed0-a2c0-0df73ba1c736,72,374.96,Dining,2023-05-11
771da165-e4d1-40cb-bd1a-c0eb6971e7a9,59,463.8,Retail,2023-03-14
415d2d8b-51b2-406c-9658-ae8954c2c245,77,12.55,Dining,2023-10-09
51938c1d-93aa-4328-b70b-f1e3589b647d,3,150.37,Retail,2023-05-08
dc3e0a36-cda1-410f-a953-1f6af01bcd84,55,147.57,Groceries,2023-08-04
f83863b6-2b0d-4870-8fc9-976c76e1584d,45,84.5,Groceries,2023-01-25
96824957-52f2-4542-9b67-6d7842d538a7,93,236.96,Entertainment,2023-01-19
62b1d762-fa4d-48a5-90b2-d56ff6d33694,52,166.27,Groceries,2023-06-16
4a4e1e3f-0c59-4b40-a24c-1f2c1a818605,17,261.18,Groceries,2023-05-21
ebc47557-706c-46e7-9b1a-2c63984d16ea,69,137.79,Dining,2023-05-23
18566249-9550-44b6-9f36-b7d51d254670,4,69.62,Retail,2023-01-30
30fe8c7b-76ea-4752-b04a-25db6bd371f0,96,105.89,Retail,2023-07-17
8550b177-ad88-471f-905e-2f7e56564ec5,55,361.92,Entertainment,2023-10-31
465aafbf-b6d0-4535-9d8f-830653458cc1,77,86.15,Retail,2023-06-21
eb66957a-1214-48cf-b485-b082806a49ec,99,290.96,Dining,2023-08-08
7da67a4f-0282-4b87-a451-993f9464d1c4,50,253.24,Entertainment,2023-11-30
2c5a5755-4b27-41eb-b8fb-bef153a2881b,46,189.92,Dining,2023-09-18
b95dbb9b-d53e-449e-8acb-f4f8bb196fe5,36,321.36,Retail,2023-04-07
9de0bbd2-e25c-49e2-9376-c5741fb5210d,65,224.77,Groceries,2023-02-25
bad7380d-0032-4e53-9725-bb336238b742,66,87.06,Groceries,2023-10-09
26e9c7e8-7f2a-4ff3-a7fb-83e0f7442479,21,186.02,Groceries,2023-10-24
896d92fe-bfbe-4842-9797-ee1d38dc00e2,53,43.42,Utilities,2023-06-10
986003aa-38fa-4dd3-aa32-04c1e4079e45,100,216.67,Entertainment,2023-07-23
326330ce-baac-4b2d-8e1b-ebc2aca6c138,18,130.64,Retail,2023-01-24
0622ca0c-0d9a-422e-acc4-54dc34c0eea6,5,1242.24,Travel,2023-03-21
0d2df145-9ed3-4c2e-b173-8b0268de8056,68,1510.0,Travel,2023-12-30
3485c1a1-23c6-4ddd-935c-8849138da573,1,435.97,Dining,2023-09-10
223de4df-51f4-4be4-9b00-645ceb7b4098,7,104.18,Entertainment,2023-07-23
6f95ac31-783f-4f81-bc1a-6a641f0969c5,63,27.04,Dining,2023-12-14
9a17925a-b378-4514-bb54-7da65831121b,39,241.28,Groceries,2023-05-30
0421a0fc-cc0f-4105-8db9-e689d253dc44,94,1468.78,Travel,2023-04-10
f2f15dd2-ec7d-449a-ae9a-bba53ff88cf5,63,420.3,Dining,2023-06-29
95003193-0c42-4e36-81e5-c4f47b401f30,82,380.7,Entertainment,2023-05-11
ce903c39-a25c-4ffa-bd08-fa49c85bbe9d,29,111.14,Entertainment,2023-01-09
04bc5475-df55-4585-bd47-53b5ddd349cb,44,143.69,Dining,2023-02-04
e9156d09-fc44-4405-b84b-1e65d3a2c1b4,82,488.81,Entertainment,2023-01-27
a1efde04-854e-4c79-8146-55e262e294d4,65,85.62,Retail,2023-04-24
d7c9e2f9-370f-4ac3-bf8e-98a37f4f9abf,69,1180.17,Travel,2023-12-12
7bc45356-ab19-44c6-b604-1a62ca9d5bd0,92,342.92,Dining,2023-11-08
9d08e4cf-7f72-4e4b-b2f5-28db30501b22,66,70.74,Retail,2023-04-20
e5a4b84b-6923-434e-8478-e787fcf65240,97,101.57,Dining,2023-07-07
2584c58b-e96b-46a6-ba52-8deadb186504,7,168.15,Retail,2023-09-29
14c2fde3-ed30-4ebf-af07-26098a47fdb4,26,196.89,Groceries,2023-03-13
b3dcbac8-cd26-4908-9b98-1ca4a5a8646b,16,485.67,Groceries,2023-09-02
29e2f645-3c6d-4d60-87d8-510a61bc6758,96,60.36,Utilities,2023-08-03
0bf95d2e-b85a-4b0d-bc54-13903e0e7aa2,42,909.89,Travel,2023-06-21
0fef4c61-9460-44da-958f-c9089ab4d56e,26,413.0,Entertainment,2023-01-06
784023be-e260-41b1-ae08-ef0f86162c57,18,416.85,Groceries,2023-03-11
f749cdf7-11ca-4075-b28d-c3643645f34b,20,85.75,Utilities,2023-09-02
c06b39f7-9712-4a26-abc0-6a4d47239d24,24,1840.96,Travel,2023-10-25
819857bb-6b70-4a0c-b740-ddfddeb720a5,77,112.49,Retail,2023-11-09
304c83bf-6768-4f24-a6c6-683fdabf5de4,61,1733.55,Travel,2023-05-18
e73faee0-3e53-4876-98cc-41205b11a252,47,473.23,Groceries,2023-05-25
e69292de-7e6c-4ccc-90af-7ca1856b8b4b,23,90.73,Utilities,2023-10-18
dc84482f-b8e7-48ec-87f0-e0146b4b4022,75,351.54,Groceries,2023-05-20
89afd22c-092e-4821-a6b8-5b9e79c36e85,68,44.4,Entertainment,2023-06-26
e08981d0-079c-4102-ae3c-efd3333c5340,84,311.29,Dining,2023-11-28
a139925e-2d65-4e46-b64c-3898e7c5f0dc,15,903.99,Travel,2023-01-26
965fef0a-0bf3-4c61-97e5-61f2ab9b0a21,83,442.83,Groceries,2023-06-23
3be391dd-438a-4e7b-a65c-316366691606,44,172.68,Groceries,2023-04-04
f3807965-70e3-47d0-942f-4272fd9b4019,58,1370.72,Travel,2023-11-15
d5ee2f82-4688-4290-b000-8581df3a449e,61,67.37,Groceries,2023-08-28
0035b0ef-3fb8-43f1-aa13-0cb461d39d9b,18,449.45,Utilities,2023-10-02
dc09c9f0-a445-4ef4-826c-3961b825fbc3,8,232.2,Utilities,2023-10-31
bb6c4120-c99c-44ff-afe8-608ff90a2579,23,246.44,Travel,2023-12-22
3ea6a8e8-b281-4527-b7d3-90417dc6e568,92,782.03,Travel,2023-04-13
a93079c2-277c-4bb1-82b0-4d8108cb72bf,43,436.0,Dining,2023-02-11
983e419d-5ba1-42a0-b6cc-3a5817dde3d6,12,73.22,Groceries,2023-06-21
64925ab0-0998-4183-bf7a-343ab6d888ad,54,1375.32,Travel,2023-04-03
6c962858-3908-4ea6-b348-031447ec37cf,41,1662.13,Travel,2023-05-04
3d90bc08-27bc-4dc6-981c-385b516d1aef,18,189.65,Retail,2023-11-28
3bcd9b47-a7c8-48cb-9688-07f0a455a15d,82,232.97,Groceries,2023-11-19
e9702d60-6998-4ab1-82bc-bf11405b7c62,88,18.0,Retail,2023-12-03
5598b8c6-6654-41c1-ae5a-a3cd63f863ef,87,496.08,Groceries,2023-01-15
3e37d5d7-2c3a-4936-90a7-c6abc444687e,100,262.75,Dining,2023-04-04
43db1da4-9200-4f9e-95a8-fb5bc57df929,36,1087.96,Travel,2023-11-16
4c48b6d2-e584-476d-a9c8-62ff758d800b,66,356.81,Utilities,2023-12-17
e56f003c-7492-4b6c-9c5c-03e137086728,73,450.24,Entertainment,2023-10-12
23c40098-fdd3-4541-9ed7-3bf54848304b,85,286.31,Dining,2023-10-21
b3d6623f-975a-4e54-98d2-04aad039e939,39,483.09,Entertainment,2023-02-26
1650c47b-5a32-450f-8058-aece9c638e1c,63,282.43,Utilities,2023-03-14
ece2cefd-08a8-4193-b87d-bb31443fb445,88,303.95,Groceries,2023-10-26
7d7a5e02-96c2-48f9-8b89-1e972660bab0,81,366.99,Utilities,2023-11-03
f9b59484-89d4-4970-ade0-47001b4d0950,36,210.87,Entertainment,2023-11-25
90b1d64c-065c-4f3d-bd99-f599c17a78a3,91,378.55,Dining,2023-04-19
05dc29ff-a10c-4caf-a7d4-59ccd99f7aac,60,371.94,Dining,2023-09-06
c2eba4fe-8382-4a8d-b637-e45aa56c5d95,74,71.71,Dining,2023-12-16
b7fd7e65-a6bf-455b-88bf-4abc6bbdf1f2,73,371.32,Entertainment,2023-12-06
71463ca0-98c8-4c24-8e09-b08ce68fc85b,24,386.49,Groceries,2023-10-02
f74d447a-0c35-4f69-a11a-aed05f4640e0,48,151.99,Dining,2023-09-29
04ab5641-582a-4d1c-9b11-a58f1526df77,59,8.19,Retail,2023-08-16
b0a59fad-ffea-4f9f-a426-72d25f14cea0,90,109.26,Dining,2023-11-11
4555f22b-ec1a-4fa6-86cd-5584babce451,75,333.47,Retail,2023-12-30
5ea35c4a-f94a-4a97-97b2-b9721d31abae,95,494.43,Entertainment,2023-02-17
02cf746a-4163-4446-a6f9-6005bb1d132e,25,255.68,Retail,2023-02-23
982fe490-fbe0-4683-86f4-82f13e21e694,65,382.76,Groceries,2023-03-16
9ea74d0c-9c60-484d-8275-d95064691121,38,173.7,Groceries,2023-04-01
71b1ec97-e6af-4310-9b2d-7279ff82341b,92,53.57,Dining,2023-04-05
412b3bb3-b69b-4f1b-a76c-929640543177,56,306.22,Entertainment,2023-05-03
f8fe2ecb-6151-4967-abe9-19f4f78500ca,93,462.03,Retail,2023-03-28
777bc2e1-0b42-4b47-89ab-01dbe1fe36bd,100,476.74,Groceries,2023-11-08
9ddbc60a-2fdd-4f5a-ae50-a01604cdf709,16,401.28,Dining,2023-06-02
5b7a8714-24c4-43ae-89ac-bc958c62cfd2,4,146.94,Utilities,2023-07-19
2e15ed71-3f39-42cf-9914-a4260c8cf339,24,243.94,Retail,2023-08-16
17053ffb-956e-4f51-a8a0-97af25650f2a,71,486.02,Retail,2023-12-20
67763b15-e576-4eea-8881-74304b73019b,47,381.82,Dining,2023-03-15
757b32a3-807c-4abd-bfed-8db6e4f4394a,31,99.04,Retail,2023-03-02
e0dc9b55-7db8-4c51-ae4a-71324053ecf1,80,222.12,Utilities,2023-10-17
4762203f-2ebf-4c77-a554-fe0e2feef592,72,497.24,Entertainment,2023-03-06
878d361f-1854-47c4-a79c-795448139d1a,27,399.78,Utilities,2023-03-13
e6d44242-c87b-405a-a627-44154920571c,81,343.52,Entertainment,2023-10-13
9cf7a804-2657-4f32-92e3-cf032cefdb78,89,436.0,Entertainment,2023-10-02
1bc55d6c-7ac3-40b9-b280-f96b8915dc7a,58,298.82,Entertainment,2023-07-14
f4117c23-3131-44e9-bd42-4c12afe4d5b7,56,210.59,Dining,2023-09-11
fd1103e6-c863-404f-b8fd-253513b12427,65,16.57,Dining,2023-01-03
5f2e3fd7-f478-46ad-8e4e-01ad37210e59,39,193.28,Utilities,2023-03-28
2319f5d1-3c63-4e6d-800f-24c05151488a,90,470.49,Utilities,2023-06-30
6a139869-ea06-4e75-9099-86516cebe166,34,238.29,Dining,2023-02-19
585730b6-f5e6-466f-8335-f36bd5934a00,77,57.77,Groceries,2023-01-02
8fac8362-3a46-4e40-9e63-170e15940009,7,274.46,Utilities,2023-01-05
159fb2fe-bba7-4677-9ca5-770104046a7d,83,285.89,Retail,2023-08-31
4ea54439-2a24-4578-8655-51508eaf7f03,92,258.94,Travel,2023-04-16
4c667cd9-9760-4fe3-9257-13963619a959,10,111.59,Groceries,2023-09-14
e9e8bfda-41a8-476c-86b1-c4f7db52b558,48,182.41,Entertainment,2023-12-28
0b6b865d-d827-4db6-a765-8ec21ae82deb,65,1622.54,Travel,2023-03-22
ed3bb088-8e39-4fc3-8d14-259b8063dd20,4,427.02,Entertainment,2023-11-04
7b42ad63-d334-40c2-b288-14140a1fed6f,84,235.64,Groceries,2023-10-07
cbbb26f4-5ff1-4652-a4f7-f9ec94afa02f,16,196.4,Entertainment,2023-04-02
d892cbdb-99b4-43b8-a7ce-de2f010234dd,4,111.58,Groceries,2023-04-18
6e1504af-77a1-4d77-87dc-fb73a113a639,73,980.66,Travel,2023-03-11
cde19506-c281-496f-8c13-3971a907ab1f,13,478.96,Entertainment,2023-04-12
5aef5fe4-6d8f-4299-8234-a53afc1368d9,6,463.97,Entertainment,2023-09-04
0d2982c7-e114-4c65-b6f8-bb473bf46147,64,227.12,Dining,2023-12-23
fbaac3b5-62ea-426d-be49-17c9ca5e3fac,68,207.12,Entertainment,2023-07-19
cdbf069b-6a40-4aee-b8bc-c39f895be693,87,283.43,Utilities,2023-12-20
9b8ef015-5bd2-45b8-892a-12ffbd05cc44,77,432.72,Retail,2023-08-08
41de2b49-ba85-4a64-9a4a-93968f7b38f8,25,105.44,Groceries,2023-12-06
e2177d14-3316-4c18-bb63-e4afe38e6cb5,69,229.19,Groceries,2023-05-23
6d20241b-6a66-408a-912f-5e11b6cc124f,34,486.6,Entertainment,2023-09-30
5468583c-813f-4c05-974d-e4817d1adb2f,31,126.96,Utilities,2023-02-09
bc5fe318-481a-4da9-9896-699dc0d842d4,90,370.68,Dining,2023-07-07
bff4b1e8-7d34-4737-8fb4-b993a6baa626,13,363.72,Entertainment,2023-01-08
89676b2e-129f-427f-96f7-b732592831c0,4,1733.7,Travel,2023-11-09
c57d3cba-896c-4f73-bc9f-752cb61fb4da,9,163.01,Groceries,2023-09-21
c0b4c6c1-644c-4aa7-ab54-cea0cac73dcb,98,374.76,Entertainment,2023-06-28
6b926d77-a43a-401d-8d3c-88db5e671c37,63,106.54,Utilities,2023-06-05
8b6f0eea-ded3-47bf-b116-2faeaf43283e,4,167.49,Retail,2023-12-20
5b1f10ca-dda5-42f5-abaf-7bcb67bb0f6f,61,153.55,Entertainment,2023-06-29
e9667734-0939-49fe-a6f0-b0c022f051c4,40,385.48,Retail,2023-11-27
8d9bc654-a84c-4431-8409-b0a19c7a0ebb,64,95.85,Retail,2023-07-04
daec1a9f-b05a-4cac-8ac2-8c8a425e8642,53,1634.26,Travel,2023-02-14
8aa435a9-6e14-4c4f-8ec5-88183e31ab63,43,372.71,Dining,2023-10-01
0ce034cc-5d0c-4665-ad2d-fe025691aabe,75,474.45,Utilities,2023-08-03
54587f6a-9e5e-4160-ae5c-54c427cd96af,97,439.2,Groceries,2023-03-26
83054275-8b86-42c5-8447-19ffb996466f,18,474.48,Utilities,2023-07-13
9d79a4df-a59e-4b34-9328-ead4818ce07a,8,425.1,Entertainment,2023-10-30
62a1372b-0a43-4c8a-8a02-c7fecb2bd486,85,245.88,Utilities,2023-09-09
7d7d6b5e-4c05-4e9f-a367-db99215b9d6e,57,77.53,Entertainment,2023-11-27
bee7ff3f-5627-462d-b2e6-651fa2df1a67,10,113.05,Dining,2023-06-28
9b0dfa18-a220-48ba-87c4-5062ffe5bc2f,61,435.38,Dining,2023-08-06
e5b76709-af42-4759-bb8f-9d4d65320613,20,831.0,Travel,2023-01-20
dfd01486-5789-4019-91a0-89faecb8121a,87,12.97,Groceries,2023-04-20
84db900c-356d-4dd8-927e-ccdbbe62ef1a,93,247.66,Retail,2023-06-18
1b54b646-17d8-4aad-b86f-4730fa89e95d,4,186.42,Dining,2023-07-23
c2b3c3a3-465b-441a-b8a9-4fd40eddb75e,15,20.89,Utilities,2023-02-20
5be91f89-864f-48d4-abb0-fb20dd9ae9fc,85,268.2,Entertainment,2023-03-15
820e421f-e216-4320-98bf-8a71209d167a,75,450.7,Groceries,2023-06-29
0187cf10-9049-4247-8e37-8502f3c37999,86,147.21,Groceries,2023-09-25
629012e8-54a0-45f2-8114-7b4ecb2fc7b8,88,380.59,Groceries,2023-05-24
1dd9aaf8-93ff-4077-b32e-ac007c3be336,76,316.99,Retail,2023-10-27
ef48d60a-d76a-43c4-80e5-df482388c0cb,82,217.78,Utilities,2023-06-28
a1719de7-4271-4384-b4fc-506b663293e7,50,1307.8,Travel,2023-12-08
2ad99f95-af48-4e78-bc39-aabd29a07778,13,240.56,Travel,2023-06-24
4b59bc9f-df17-4b10-82ff-8c9bdbe13b0e,71,438.08,Groceries,2023-11-04
5fcbd87b-f022-476e-a9d1-d545c19496aa,16,456.83,Utilities,2023-08-10
5238b290-a977-45ae-ae2c-8d43b60b4bd0,68,464.82,Groceries,2023-12-25
fe1cbe13-3e1c-417c-b7ad-2d4b48b880b3,10,129.86,Entertainment,2023-01-28
7c098b0b-ab73-4936-aa99-e51bbfd54c75,73,402.22,Entertainment,2023-08-01
f0372eef-f6fc-4615-8971-652fd69b995b,79,195.38,Groceries,2023-03-21
f8b84ed5-df7b-4db5-9440-d05dea0cabff,20,55.17,Dining,2023-06-12
9b4caaf9-3119-4d6c-b428-cb83c69b6831,34,305.11,Travel,2023-01-16
98cd2d49-04c9-478e-af75-bd4c73363185,28,393.68,Utilities,2023-05-20
1ad75fde-d37e-45ca-ad3f-4ab1c5458e95,34,344.06,Retail,2023-11-07
075f4f5b-3f7c-4b27-9f32-d460eed74e45,62,67.3,Utilities,2023-05-12
5da47b4e-7701-4b43-a566-1a1073ef0f51,53,205.31,Utilities,2023-08-22
7dc32333-f583-4e13-a85b-70f9dde67f49,30,109.57,Dining,2023-05-23
8b95c2bc-858f-4b3b-a2d6-cdbc245cdc23,93,298.18,Entertainment,2023-09-29
88ce0c2f-737a-4bd3-885a-72ec441af54e,16,452.55,Entertainment,2023-10-07
381eb92c-57fd-4f82-8bbc-f2115004289f,70,231.86,Entertainment,2023-01-06
aed3d52f-7788-419b-a094-cd946809614e,27,914.97,Travel,2023-10-09
0aadf4e7-b1e8-470e-94d3-9d80007d938a,77,166.24,Utilities,2023-01-27
8fdacc2c-9aa6-4e06-b488-aa8f13e04a3c,44,122.87,Groceries,2023-04-01
9f8b4340-7897-451b-a35d-5357d25580be,60,65.25,Entertainment,2023-08-17
0b5e36ae-6d4a-4e88-a933-7d27cfe8c741,38,112.97,Retail,2023-05-28
6cd7fe26-7280-430e-b7c9-ef2424503473,64,310.52,Entertainment,2023-03-14
519319ae-fbc1-44c6-80e9-0c02cf51951b,39,428.1,Entertainment,2023-02-26
93227fa2-4eb3-4895-95ed-6fac8fd929a2,56,230.65,Utilities,2023-10-14
d6ced963-0cbf-4ae5-8a76-90392e48d199,62,472.09,Retail,2023-12-16
50601ebe-87af-463a-952d-efe0eb459c5f,74,401.1,Entertainment,2023-05-09
fc38eadc-c69e-4afd-961b-7161a424c602,38,68.92,Utilities,2023-10-02
1ffcec9e-4af0-4ce0-825f-d9e7ff872be3,32,318.26,Entertainment,2023-01-29
b9592ea1-8575-4b81-bd84-88dc817316fb,40,553.99,Travel,2023-05-21
d048dfde-fe63-42fa-ad26-e4c6fcad7fd5,11,219.57,Retail,2023-04-22
bcbdc39e-31fb-4041-8c94-779f4d0fc408,34,126.97,Travel,2023-03-28
5e27ad85-872f-45e1-b54e-35048e227f47,14,190.17,Retail,2023-05-30
e7843f5d-0282-49e9-b177-2e555334eeed,83,499.03,Retail,2023-03-05
1dca58ad-0a82-4ab1-8aa1-f03899095f53,76,90.23,Entertainment,2023-09-15
af676f43-973a-405d-9ab2-fa3c503fbe85,72,73.91,Entertainment,2023-08-10
21a49309-6a4f-4999-9c7b-da82f7ee0b94,26,93.66,Dining,2023-01-27
1e4b9c04-139f-4c4d-9b21-407193d63fff,95,259.06,Dining,2023-12-05
246e8b95-226b-40a8-8374-a5b99336507a,17,331.12,Groceries,2023-08-13
6e57e07d-477f-4369-963f-b1a04206de52,69,1708.3,Travel,2023-01-16
fdf503c6-35f4-4d68-9bb1-c64055d7e94b,73,141.72,Groceries,2023-06-18
77bd84f0-01ef-49a2-90e2-9eb6e1084d50,31,103.42,Entertainment,2023-03-25
eeb912ad-9240-4633-a831-930cc688849c,8,409.61,Retail,2023-06-04
471933fe-ed7d-4471-9589-4f9001504b05,27,380.59,Retail,2023-03-07
49207bb6-7d64-496f-995c-da74386be9d8,87,274.75,Dining,2023-02-04
2b338a38-858c-4d3e-8270-9f0ed8703483,50,70.51,Dining,2023-08-07
0b8eff4f-8b67-46c1-8e3f-ecb6758e68fa,19,69.49,Groceries,2023-12-18
08c4aa8d-9afa-47fb-95c2-0141ca2f1257,48,121.28,Groceries,2023-11-13
304c546d-7f19-47a2-a4e5-1545559099f3,75,462.15,Groceries,2023-10-29
f49e234f-8114-4746-b8a8-66f8372ece0b,1,228.66,Groceries,2023-10-27
f854adae-1b1b-4a6b-9368-e67affafa7d0,63,448.0,Dining,2023-12-14
68a8d31c-d744-445e-ada6-91a9d51eb613,29,748.21,Travel,2023-08-22
77e9ef1f-8b62-429a-a12c-4c257a04fb4b,21,396.61,Groceries,2023-01-14
5293dc0a-f58a-430b-8209-7baca71e395f,53,467.6,Groceries,2023-05-04
9ba8f78d-3dc9-4b8b-bc9f-16c87ee807be,18,137.82,Groceries,2023-01-26
c614be7d-8298-476e-aeb0-d9e392faeedd,38,207.92,Dining,2023-08-14
915806fc-2371-4585-96ed-10ea0807d2cc,74,445.35,Utilities,2023-03-26
0e30b6ed-d2d8-4b34-958d-e1ab52663455,81,71.14,Entertainment,2023-04-06
80e26bfb-65fc-4b26-8934-e35aae498d79,42,478.55,Dining,2023-09-05
9d44dc78-fdda-4857-90f8-d7e38b754106,40,250.77,Dining,2023-02-09
339a3ffc-2260-4d4a-b410-013b8e78ea3e,79,24.46,Dining,2023-01-07
3851f78a-5624-463f-9584-2ffd77eb1a3c,87,246.93,Entertainment,2023-11-19
c522aab0-237e-4a36-a1a8-8170ffffe656,8,450.33,Retail,2023-03-29
78040ffa-b072-4b64-a2e1-a2f2f44eb083,90,521.65,Travel,2023-04-28
37ced896-9ee2-4a4e-9338-7c6750fbadd6,78,386.53,Utilities,2023-11-22
8105632a-e587-4f5d-9191-b0a15c03a7f8,80,183.33,Dining,2023-03-03
9c94df78-2ea6-40ab-90b2-b0b632ae5fce,28,466.86,Dining,2023-11-28
89e2f6e5-24ce-4684-91e5-46ab5b5f679b,80,1340.19,Travel,2023-07-06
33154b29-3849-4621-a476-6a880c1a83f6,13,218.57,Entertainment,2023-05-06
457a881a-275b-40e0-b530-5e44c2af5202,26,114.95,Groceries,2023-07-12
0c8c1f40-6847-46ad-924d-12fe42e0bd53,56,194.7,Groceries,2023-11-05
1593edef-f727-4c84-bc5a-7af32bcb1833,18,72.0,Dining,2023-10-12
cc5cd0b0-50d6-4076-8dec-bbf18dbed49a,13,96.55,Entertainment,2023-09-11
b87a6951-0b1d-448f-9bec-a79739ef9fb8,90,218.96,Groceries,2023-03-01
fa2fd19e-cd98-46d2-9207-ff63432153af,46,333.07,Groceries,2023-07-18
24cbb6e4-6cf8-401c-9413-18b6f5fed9e5,93,272.88,Utilities,2023-11-10
a468fa2a-458e-4454-9729-f481229f7adf,51,444.56,Entertainment,2023-09-03
01f5d999-a480-4181-9a4c-a5e0dc7a2b2e,30,386.37,Entertainment,2023-08-20
6e85d3e0-9164-4d15-ab2d-cbe9a219064d,72,156.34,Entertainment,2023-12-10
fc8d4704-2f2f-4655-92a8-d16b9f12b6a7,28,314.62,Dining,2023-12-28
e0329337-f029-471b-a784-cb98fb258a72,99,147.5,Groceries,2023-01-12
1b38e97a-c299-4ded-aa85-aee4c638b20e,34,401.37,Utilities,2023-02-05
d2a8b4bc-e3a4-4eaa-8d65-38585d7d22c5,20,333.69,Retail,2023-09-02
f3bda321-3039-4021-a1af-b9799998ab61,10,268.79,Retail,2023-10-07
bf2da440-3cf9-48f4-90d7-5acf7b4606a5,41,71.23,Dining,2023-10-18
a5e89479-f517-46ec-9e3c-fd8900a230a4,37,220.36,Groceries,2023-09-03
2bb48d1f-718d-489c-8074-0a75e6ec4c9b,78,62.0,Entertainment,2023-11-24
9a1130f0-33f7-45fa-b058-15ecbb2356ef,35,189.28,Entertainment,2023-05-25
d598d9d2-3fcd-4aa6-a442-b9e068738e08,40,476.5,Dining,2023-09-22
b29b2dfe-fd90-4081-948b-4c72cf97c8e6,15,1420.45,Travel,2023-06-03
ec859e1f-6794-48a6-aaed-b6803c10f67b,25,304.56,Retail,2023-05-06
2ddfa9bc-75d0-4a92-9968-1c51bdb11d40,23,1311.71,Travel,2023-02-28
894bdf6d-dddf-4051-bf95-73a980d99386,86,155.5,Groceries,2023-07-18
9940e961-6790-49e7-acde-b7404dfbec7e,44,387.72,Retail,2023-03-17
35ad7b71-4c2f-4f06-ae6a-c9cdf9abe1d2,56,266.03,Retail,2023-07-12
0af5856b-b033-4679-b2a3-fec36d23d345,25,1423.32,Travel,2023-04-20
1b65229a-0a45-4b36-88c1-9dee726d510a,42,430.03,Entertainment,2023-06-12
5649826f-b196-492b-8714-e67289504d75,22,243.85,Utilities,2023-02-06
a721c780-0c54-48e8-8d09-6327c25f003c,53,103.69,Dining,2023-05-02
08b25301-366b-4ffe-a0d7-b354dcf53f2c,74,1239.05,Travel,2023-05-05
9d99c898-8b53-48c3-a9cf-9d1b3ca3c060,4,158.6,Retail,2023-08-07
1fe4fbaf-7e2c-42fe-a40b-83897dc5b3c9,79,403.63,Dining,2023-12-23
b8a1fc50-d4b2-4de3-b3da-7a3bab88e03f,93,374.7,Retail,2023-07-18
93516c0a-1c9b-45b8-8465-fe80a9957eae,3,353.73,Groceries,2023-03-07
46864189-f210-4d9c-aa45-e7cca220a8b6,17,472.11,Entertainment,2023-03-19
56db39a1-7613-4bbf-8359-4d9da23ebee4,79,146.0,Dining,2023-06-09
59df1bfb-adb8-40c3-b382-a9b7c7e1cdb0,5,134.64,Utilities,2023-03-17
b9efff21-ab54-4af9-b10d-cfaf8773d0da,77,309.26,Dining,2023-07-14
64b2122f-aefc-484a-8bae-51536a834a6b,94,1362.38,Travel,2023-08-24
a461024b-bbe6-4517-9662-23ac3d4a178e,96,146.06,Groceries,2023-04-16
1c4c0633-21db-497c-a758-97cdbd2114d5,13,218.45,Retail,2023-11-23
5277f83d-fd20-48eb-8b91-83eaa5b41710,75,64.79,Dining,2023-02-04
96f0f2c4-affa-4f0e-80d9-233e9cf440c7,32,483.09,Utilities,2023-06-11
ad4f64b3-2d01-4395-b6ef-023a6e331b7c,70,78.74,Groceries,2023-01-18
ff3f4259-62ca-47b7-acc5-aca710b2b291,100,195.6,Utilities,2023-10-12
c887f2d2-f4ba-4dcb-b388-b64375707abc,15,400.92,Groceries,2023-07-11
6aa47b09-ce8c-4d47-939d-2725f632f22f,16,433.28,Travel,2023-02-22
d5930a0a-2ee4-4f7d-9e07-6a276a6bdb51,98,899.03,Travel,2023-07-26
f236206e-5e62-4197-92b7-8b56b46fcb9c,98,257.13,Utilities,2023-09-26
1aa31d75-8b51-4de6-ad75-e1bdef6697d5,4,1896.51,Travel,2023-12-06
6902d595-40b1-429b-96b9-f227779d4bfc,58,141.08,Groceries,2023-03-21
3ec8f63e-eac2-40e6-bffe-e5754da1ed1f,93,304.26,Dining,2023-09-14
661035f4-109b-4f3e-850a-bc17e944b876,98,58.74,Groceries,2023-02-07
799716ce-7087-43a0-9100-d2e17ab6639c,42,161.44,Retail,2023-05-11
d0c37d7e-a7fa-4ce2-af9a-9f65ec4d4460,46,130.81,Retail,2023-08-09
703cdfe3-b71f-4612-b68c-b1312099aeda,94,162.33,Dining,2023-08-27
4e3ee0ee-ee31-4780-a006-722f7bef0d27,91,473.95,Entertainment,2023-11-14
86f9547a-ddce-4ce0-abf2-3084303e0352,62,1531.7,Travel,2023-05-28
762a5c51-16ff-4889-90fa-abda1eaccf01,47,426.12,Groceries,2023-06-25
0c3a78a5-afa3-4678-941b-d7f223e2039a,68,359.21,Entertainment,2023-03-05
01949ac3-0123-43e3-89a8-16865d7477ca,36,43.0,Entertainment,2023-09-16
68fdf538-a35f-41f6-9e29-a9365f1d306b,25,490.41,Groceries,2023-12-16
cb50532e-281d-4719-8f01-bfea5b615906,64,50.95,Entertainment,2023-05-30
0fa2cdc8-ee62-46e1-8a2e-2979f6c21795,21,457.42,Retail,2023-07-01
3a219f18-4641-4b50-97ee-05d561b96cd8,78,101.13,Dining,2023-07-15
cc17bfb8-3bec-4278-8f0d-c1dc0a915c79,37,247.25,Dining,2023-05-07
e34ecfdb-fc24-4ecc-8c2d-98a2b634595b,100,176.7,Dining,2023-04-12
80cc0d76-49e6-4101-9204-4a13f2421830,1,73.24,Utilities,2023-09-17
2234ef4e-6360-411d-8377-3ac57d813257,49,239.85,Entertainment,2023-09-30
7d4eb562-ce94-4cea-a8db-9f4850bb7c45,40,200.03,Utilities,2023-02-27
58af59eb-33a2-4e28-a22c-728c098aaedd,60,216.9,Entertainment,2023-06-05
f27075ae-ee9c-47a7-99fe-d415d55e859c,18,48.29,Retail,2023-10-25
1e277622-5752-4a01-b109-a488aa5d7f3c,48,460.94,Dining,2023-05-18
896f320d-dced-4b57-b6b2-5af264eb513c,45,470.02,Entertainment,2023-12-27
366494cd-6e49-4395-8b0a-9c92587ecd87,1,291.24,Entertainment,2023-12-21
6643865d-9367-4a19-a3e7-f4934cbbb218,91,984.61,Travel,2023-05-29
f24b6f01-1720-4417-a257-85e5ec8b7ecf,71,409.92,Groceries,2023-04-27
25a27d1c-e1c4-499d-a67f-a65d44ad758a,28,154.79,Travel,2023-03-21
ab649326-c0a3-48cf-b04c-3ba356085b8a,71,192.08,Retail,2023-10-30
7ad175d3-36d8-4108-b170-2a36ffa4942a,75,1104.37,Travel,2023-04-24
3adf1751-722f-4211-9d9f-7a1db475e766,50,381.86,Utilities,2023-10-08
23d9a7b2-5564-4327-9205-57ac09d37f60,51,384.26,Utilities,2023-05-22
39cebc92-a198-456c-9ca1-41fd8bcd7a61,89,313.54,Groceries,2023-06-05
aab0641c-d1d6-48c1-966a-aeb983a2b78f,76,1149.33,Travel,2023-04-16
bc555567-3328-4210-9d30-e358ac117d68,77,360.31,Entertainment,2023-05-30
0e7469ab-bc1f-4d07-bdca-7b05f43bf37b,95,62.92,Dining,2023-05-26
dfcbcf55-51b8-4866-9274-886cc96fb065,5,7.71,Dining,2023-08-25
43344859-edf8-4712-b5b1-0e0bae0628c2,57,314.18,Travel,2023-02-20
a2593494-3ace-4b06-ad53-401700187631,35,481.14,Entertainment,2023-09-01
97b017cd-e083-4662-8a4f-1f48a36cb8ce,33,122.06,Groceries,2023-12-08
0150cb74-baa2-48fc-8f37-fe5676b3d96e,36,314.39,Dining,2023-05-09
907f2eee-285e-4d96-a927-42432a89b2e1,6,1533.27,Travel,2023-09-01
b7bb3556-da26-48b9-b1cf-b46f230cb53b,26,328.21,Dining,2023-04-21
e65fed44-1a36-4663-ad33-71932fae0f74,71,315.17,Dining,2023-04-01
67e30601-535a-4cce-941e-8546469889fe,75,233.16,Entertainment,2023-05-17
cd702335-6033-4881-acb9-b7314e43f6b4,52,397.88,Retail,2023-05-16
4c5282dd-4915-4f58-a8e0-7c5ef003be37,74,379.87,Entertainment,2023-06-14
b39eacff-4c24-489d-b656-e66fae4b709e,26,1606.07,Travel,2023-06-20
54b5694f-758b-4ed0-bfcc-931605d51698,24,401.4,Dining,2023-04-19
92da01c6-0bc3-49b5-88fc-38714d703242,11,152.8,Groceries,2023-01-02
a3f6bbe5-8c9b-4d74-abb5-95bcadc7a126,76,414.16,Groceries,2023-05-22
1ed340c6-e4f5-4d46-a9dd-2519846b0bc6,39,117.88,Retail,2023-05-27
7251cdfa-0fc9-4873-b78a-5fc44dd1397f,90,42.71,Utilities,2023-05-09
a2c56fc6-ab1f-4d5c-bfe6-1a62252f7aa3,45,69.36,Entertainment,2023-05-12
df9c04f6-b25c-4b4a-aed1-6f4438ec99af,54,491.19,Groceries,2023-01-05
32b8c1ec-2d9f-4dda-931e-74168225a217,73,121.91,Retail,2023-04-10
2ef5acce-2e5d-4afc-b1a1-0b2ac902f1cb,77,27.08,Retail,2023-07-09
28d124ba-bad8-4219-8b9a-572f22d27ad1,22,305.47,Entertainment,2023-12-15
a498e1e5-6fcd-44eb-b0e7-544b7118a283,11,293.85,Entertainment,2023-03-23
fbbd254b-c17b-4719-a319-7efb50edd34f,13,301.65,Dining,2023-11-23
968499f1-a205-4417-a6ba-916bc1c0a56f,64,360.39,Retail,2023-02-11
ccbf982e-2620-4958-99d2-3e965bb4b36a,43,286.73,Entertainment,2023-12-10
f9cb30b3-45e1-4f8b-9d3a-282a592e8968,7,178.57,Dining,2023-02-05
6625f26f-e4df-422f-8456-c3b401355261,95,265.3,Retail,2023-01-25
4844bfe8-8e39-44ca-a1cd-e542d24ea499,16,139.9,Groceries,2023-04-14
f28f4333-8de9-4349-8f72-4e03dcca9966,51,219.76,Groceries,2023-01-04
74934aca-3f79-4027-96b3-a4b4f838e58e,22,193.99,Dining,2023-04-13
90832713-90e6-4f52-af6d-b59179a92fa6,1,1027.33,Travel,2023-05-05
fae6df87-cef4-4275-aa4e-214d8b323278,36,492.22,Entertainment,2023-06-22
99afa8eb-52d2-4eed-9ccf-e3f2232f57ba,26,253.26,Groceries,2023-10-01
0f76f85e-2495-48b1-be45-47b5f9f6fb60,91,15.51,Entertainment,2023-07-08
37122e8f-b371-4bea-a5e2-91767f101855,9,27.36,Dining,2023-05-11
23bdb3b3-99da-4fd7-9ef6-2954452c22a0,80,97.81,Entertainment,2023-05-28
048d5d5e-c854-4bff-8b5b-370b63880ef8,95,382.76,Utilities,2023-10-20
d5b5ab0c-98ad-44a1-8c24-f032c86bc0f5,38,96.31,Dining,2023-11-12
260391bc-af64-45a6-9a4f-b887cf8a4ca0,80,363.55,Utilities,2023-11-11
266a36ef-9a9b-4719-b46e-0c0e1390cd32,76,273.31,Retail,2023-10-12
6e687b42-efbc-4075-a551-b8e19433527d,44,342.4,Entertainment,2023-08-29
8d9d31a3-3373-4e27-b862-16e607fdd275,58,306.68,Retail,2023-07-02
6e9abd78-5cad-40a6-8561-f27a1e964150,81,90.25,Entertainment,2023-01-24
36b0a0f7-d560-4447-9aa9-ac4997207a44,87,476.91,Entertainment,2023-07-15
b2efcf92-d7de-4a61-bd31-ae8fc8dc71fc,90,812.61,Travel,2023-01-08
2350dc1e-493f-4a29-b921-be4cbdf7e7a9,60,419.83,Dining,2023-04-03
686df585-a882-41aa-946b-1aa5efcc3faa,3,177.29,Dining,2023-08-25
8c69ec6f-d286-477f-ae5e-24ca7e7d7c6a,46,200.72,Dining,2023-08-27
1faa45d6-121a-46f6-a215-aebc33d574e3,47,462.3,Entertainment,2023-11-02
158fe458-5b3d-4951-8f44-7449fa4cb927,41,428.25,Retail,2023-08-22
c16abb96-5529-4ff0-8c8d-910758bf2be3,92,383.1,Groceries,2023-07-24
98c9fd10-697d-45ba-9680-8f4f62ff25fa,16,1213.99,Travel,2023-10-20
2b3607b1-a6d4-4d55-9983-ea2f055ea05e,26,99.98,Utilities,2023-08-10
765264e0-3ccf-46cb-9c6a-421c7f5dd897,100,42.19,Entertainment,2023-08-16
f099508c-81dc-4b4c-9408-56ade4fe9dd4,55,338.86,Dining,2023-02-22
c778bc8e-4915-4c7b-bc18-f826ec715de0,10,287.37,Groceries,2023-04-22
4d84b37e-02c7-4d1a-b151-420526b2bc32,72,290.5,Groceries,2023-11-09
3b88111d-6fcd-4163-b9de-71f9a3890f18,9,493.43,Utilities,2023-04-23
0dfbb0fc-b35b-437f-8a80-4d9823d7604f,91,424.64,Dining,2023-07-23
44756c38-c27a-437d-95d6-f97492305af6,5,345.0,Dining,2023-11-10
6526f9f6-13dd-4e14-a41c-debe2a09ff7f,70,497.89,Dining,2023-06-07
02022aa9-30f6-48b6-8fdd-265179c05b01,22,240.61,Utilities,2023-12-20
70507806-0f82-40b8-b43c-f0ac6417b364,85,488.44,Entertainment,2023-03-26
bc04731e-814f-4b74-90e2-ac531ed08804,55,720.06,Travel,2023-04-25
b5f3773e-f54c-4fd1-a8dd-8919d7fa01da,82,396.99,Retail,2023-09-13
2fbe425c-8924-4185-88ae-420b1a9bba32,39,495.57,Retail,2023-10-30
ab5b5c81-3689-484d-a2fd-6dd6c6d64789,94,1268.0,Travel,2023-03-06
6ada2e87-8161-45f8-b430-709bb07c4832,69,1708.6,Travel,2023-12-28
9b7256d9-810f-4df8-8d79-1a9e2b88261e,64,231.35,Utilities,2023-06-18
0a347f72-be29-4bbd-80d7-6a38d4b6dc3f,49,445.94,Groceries,2023-02-20
bae57984-1756-45fc-a2d7-15d322d640a3,20,280.07,Dining,2023-03-01
d703a083-c8b1-4749-b305-934f30ec2079,3,1514.35,Travel,2023-12-17
66266114-55c4-43ef-951a-03b7f86265b2,26,350.56,Dining,2023-11-08
be609c94-83c6-4990-a26d-a6f1a05106bf,27,87.38,Dining,2023-04-14
1c1efd13-34dc-4c5f-b1b2-c3607dc69f9e,9,1760.91,Travel,2023-04-21
8211505c-b50c-4ea4-8655-3f512df45504,61,136.19,Utilities,2023-03-13
6101371a-fd9a-4cd5-93ea-b83123439828,31,1158.03,Travel,2023-06-18
feb88789-5b64-46ff-8ddd-5ea0e5a611cc,59,58.18,Entertainment,2023-11-08
9e449c50-5f90-4b20-8f57-e2efd15a1878,18,456.97,Dining,2023-12-09
060c1ba7-c897-4a87-a2bd-9713c34eab56,93,202.95,Retail,2023-11-06
781f0b95-2473-40ac-aeb3-f70ee422480c,40,237.96,Utilities,2023-04-22
94fbcaa4-4514-4672-998e-fa362db9f9f6,41,358.93,Entertainment,2023-08-16
9fb9dc18-6a96-4217-908e-5a2927d1e139,97,134.57,Dining,2023-08-30
1ea80c50-768b-4594-a114-67ecc1b6ac9a,92,309.56,Groceries,2023-02-19
2974b64e-84ab-4c6b-b63e-a3a900eb714b,62,101.01,Dining,2023-09-03
4b8f0fc5-09c1-43cd-8825-72e500549041,31,54.15,Dining,2023-12-16
0c265370-af59-4647-9f48-35dc29109add,35,1246.03,Travel,2023-07-18
d0b874e1-ee9a-4e7c-af9c-63a1cfcbad8f,21,476.18,Groceries,2023-08-30
083f27de-34d0-4cad-be74-92611e5d6c55,30,11.94,Retail,2023-10-26
74fbc29c-bb2c-4793-8900-f109a2f2df61,34,633.98,Travel,2023-07-09
2ca2daf9-fe7d-4883-beb1-a7834c43a4b3,90,198.49,Travel,2023-11-23
2dd2e585-8ada-4a84-bb45-6e577c6c377b,98,63.88,Dining,2023-09-27
afb645d2-2a98-4381-85e4-f9d183075702,60,76.89,Groceries,2023-04-21
2a669aaa-3d52-4eab-abd6-493edbbec971,30,72.35,Dining,2023-03-01
bb963d59-7974-4aeb-9ac9-b69e2f30bebd,53,359.43,Groceries,2023-01-16
052d44d9-2017-47b3-b739-204c1ad1a0dd,57,101.42,Retail,2023-06-13
67441f3e-bbd3-44d2-97ca-c8aedec3c716,15,42.71,Entertainment,2023-05-23
4e9a3ac5-95ad-462f-a640-3d25dc40c64d,76,292.19,Dining,2023-08-17
31a54d0b-d51b-4a43-9b2c-5c7772f3223a,39,71.96,Utilities,2023-05-23
0e22542d-3fb8-481a-9d93-cda9d862475e,26,1314.68,Travel,2023-11-10
9f57930a-ff81-4e6b-80da-d1a3fc20d811,100,110.28,Groceries,2023-03-31
e588ebce-0f0e-44d3-baa6-cf7327416998,55,602.32,Travel,2023-04-21
a35ed1d1-85b1-4ada-9ab8-92550590f428,7,391.72,Groceries,2023-05-11
30cf43f6-926c-4721-ad86-25aa1ba7bb28,16,1590.44,Travel,2023-10-20
179e4543-2b1b-4d51-87e8-fe6777f38cc3,92,294.55,Retail,2023-05-15
a1b7dac6-eaef-4e26-b821-0fecf149e7a5,65,25.43,Dining,2023-12-22
dbfbff38-c7a0-4446-b32d-1fe74fb4ef64,94,348.49,Entertainment,2023-04-30
396cef64-dff8-4d9d-936a-89158af4d5e9,41,354.92,Entertainment,2023-03-30
bb58803f-d5e0-4a1c-a4e3-9625854bfb62,30,10.79,Dining,2023-10-03
e1bf337e-1d09-4d7c-8dcb-4762203553cf,18,406.04,Entertainment,2023-04-16
3032e6ac-8988-45ba-993a-895f74892cb2,61,40.37,Groceries,2023-08-31
bb8c8fd9-0432-4578-b839-b107b47b1d14,97,1374.11,Travel,2023-03-20
f84535b5-0807-4a90-b761-7186f7f31d71,77,200.58,Travel,2023-03-11
1192df90-1e04-49e2-a391-4a995d6c8651,59,473.71,Entertainment,2023-08-08
078f7027-464b-484f-9eec-5f25e19dd33b,76,33.91,Retail,2023-09-05
0ab1bc10-d640-432f-8bd7-3494424ea1fe,82,89.26,Retail,2023-09-04
bf75ae40-2d19-4fb6-b164-64a7485b2b9c,13,358.36,Entertainment,2023-04-06
6be2a347-2f52-4417-af09-194cea2f057e,43,228.91,Retail,2023-05-06
62b0bbea-6140-4e99-bfbb-dd4fb73699e1,51,487.37,Dining,2023-02-18
27dcdb35-7095-4495-b995-c96e416313e7,15,1461.54,Travel,2023-07-29
f08dd598-3c79-44dc-a707-873fc6de038c,95,208.74,Entertainment,2023-04-04
931432a2-c919-438c-89ed-168ff7701ba0,7,1941.09,Travel,2023-03-11
320c74d2-fd58-49e2-86fa-30b7d5433b72,27,85.63,Groceries,2023-05-02
27efcc48-6e7e-4cb8-b814-804132cc46f3,67,140.5,Dining,2023-01-18
54a8055d-53b5-4c68-b442-620745defde5,93,198.08,Groceries,2023-02-04
8c6b993f-efa6-4f1f-9e22-337cadc6ef0b,68,234.06,Utilities,2023-07-11
84c5079e-45ea-41be-be3b-38b11b3965e2,56,15.04,Retail,2023-08-08
784d43d4-c266-43fe-8c2c-e5aeb4366760,76,99.2,Utilities,2023-02-24
5003f96f-33f3-4736-9938-3f22367d3552,95,429.54,Groceries,2023-11-08
b8b8a1cc-138a-4412-bc40-2cd61a25833b,66,294.16,Entertainment,2023-01-07
06c9910b-5b16-411c-a9d1-1bcc024087a0,50,5.18,Dining,2023-06-08
18be0ccc-412d-4509-a57b-501ee989184f,31,67.1,Entertainment,2023-06-25
873b8e12-e17b-45b0-876d-37ff91733843,83,284.38,Dining,2023-01-22
fcd0aaee-fb07-4f96-bac2-e49259c0aa08,11,33.74,Entertainment,2023-02-20
0850d34f-af92-423c-8b9b-ff100575a6d3,80,996.5,Travel,2023-09-13
64cf2a40-407b-4586-8835-342348090404,88,422.64,Groceries,2023-08-24
83632dd6-7b6b-4ee9-af60-4555317103e4,89,72.15,Groceries,2023-09-17
6c2064c3-7aa6-45a7-b84f-9340f644b0f4,6,203.43,Entertainment,2023-05-12
292b81cf-74a5-442b-9df8-6b2082d091bb,27,351.48,Groceries,2023-01-26
0eea4086-c4a5-4916-86c0-23e73a2ee1a0,39,494.95,Retail,2023-12-28
a744be92-b371-47ea-8f2d-b6d0e586555d,42,297.4,Groceries,2023-04-04
0fe4e49a-5020-4900-82e2-0d6f6b9c3ad7,46,452.07,Travel,2023-01-20
76971c64-8a19-4788-8283-ec60d57298a1,53,141.83,Entertainment,2023-09-20
a75b8085-e4ed-417b-adb6-755a0b39f8d1,60,86.18,Entertainment,2023-03-14
efbb7ab6-d868-4187-88e9-b817f4ba55ad,11,569.24,Travel,2023-10-22
9f99d5e0-6c85-40d5-8163-0c8edd51ed53,20,423.65,Utilities,2023-03-26
7225e026-f3b6-4803-8b5b-849cb3036e90,13,116.95,Retail,2023-02-03
a35506ea-b042-4696-b58c-241d90be5917,39,64.51,Dining,2023-04-17
5202727f-233c-42a9-8598-3807761e295a,88,36.82,Groceries,2023-05-15
d5f90f7e-2267-4188-b07b-2c2b7e9b5951,45,190.68,Travel,2023-09-08
0e100e07-5d85-44ab-bf17-1ea9e2dbb29d,38,122.13,Entertainment,2023-11-18
223892bd-af6b-4eee-b792-743a5615ebd7,30,47.95,Retail,2023-07-04
b1731e51-5782-4a7c-89d0-c19b3aeb1ecd,98,645.88,Travel,2023-03-05
7e28a69c-a3b4-4370-bf8a-4489c180714b,91,13.52,Retail,2023-10-05
05ed8c04-60d6-449e-a77f-4837ef1bc93a,37,340.94,Dining,2023-05-25
1d37fa73-7ad8-452d-bc20-fb590cbdb4cd,60,463.24,Retail,2023-07-02
505c2c90-8949-4f2c-b90a-13cfe0d36293,83,60.18,Retail,2023-06-29
0dfa3629-92c3-42fe-b512-074ffb6d3f59,41,435.03,Retail,2023-09-25
9a8fdf4c-f333-4100-90f7-b70d006b2f5e,75,92.72,Utilities,2023-04-24
0c08ed0f-58e9-4fae-8a29-977ad585de6d,92,38.36,Utilities,2023-09-10
259697ed-0845-4957-a043-81dd909d5b1d,14,19.92,Entertainment,2023-01-31
c2b88a8c-9e1f-4648-92d1-f1e2c0e8a8f9,38,40.33,Retail,2023-05-07
9ba6f9cb-d050-412e-ad74-6cdf31b67b79,39,184.22,Retail,2023-09-06
fa783c98-50bf-4bac-b2a8-18eef4034a14,29,142.79,Entertainment,2023-01-27
48c0b8bd-6bb9-4087-bf1c-c2a4922e65bd,19,195.85,Groceries,2023-01-07
af8db6de-4408-4109-99ff-19bfd736e64b,58,274.31,Retail,2023-09-28
69ea316c-e568-4bc9-bb64-4765f2afc375,10,446.56,Dining,2023-09-05
3b5695fb-67a7-4a3a-a959-4e37a6311352,19,499.04,Dining,2023-06-11
994218b2-457a-46c3-a654-402b3cdee8ae,62,246.2,Groceries,2023-05-13
d3d3f979-aab4-45e6-8f64-91cd53079da7,71,419.21,Entertainment,2023-12-03
9f6a0d13-f12d-4746-be4a-a6e7c4dbf504,62,638.29,Travel,2023-02-19
73ca91c2-826b-432e-bf33-f5102d65ad8c,35,1016.65,Travel,2023-08-29
5d73ec76-7b1f-4382-9bef-1897557d48a0,48,1341.35,Travel,2023-10-16
ccdf283b-d64f-43de-95e3-27ff8bd67288,40,476.1,Dining,2023-06-11
fa74a626-a75b-4de8-bf8c-d9f0620ddd10,73,381.61,Utilities,2023-02-07
0496c1f6-f381-4ba9-8983-0e965aab7c84,76,372.91,Utilities,2023-07-17
73684788-a91c-471d-af33-25a6d42b9e6b,41,103.99,Retail,2023-10-25
1a0c84e2-5b81-4019-8227-1ee280e13cdd,54,178.99,Groceries,2023-05-20
caff4f91-c73d-437c-b99d-17ad0a55992a,100,183.37,Utilities,2023-01-14
3764b128-5e05-40a4-8478-02e0e0c3866d,10,119.03,Retail,2023-06-10
ab8ba112-1de6-44a0-8ffd-f36f04418906,83,159.85,Dining,2023-07-30
5ad59d9f-bf1e-40db-b7b7-dfbb5dc5b497,48,160.9,Entertainment,2023-02-20
e9824be0-4c06-44b2-b4c4-01b8a9801bc5,15,294.68,Retail,2023-08-10
db4bf226-7814-40f1-9659-b907abfa0658,68,97.97,Dining,2023-04-10
c55d1af2-3edb-4302-9112-7d43dbb05554,54,349.18,Dining,2023-11-24
f20f42f9-37de-4da1-a0f4-887c31b5d241,30,466.85,Dining,2023-05-21
6a6de0fb-0797-4b2e-b03c-4197d062c249,93,347.57,Retail,2023-08-27
1ee9b36c-211b-43b6-aaf8-467b5acb957b,50,401.13,Utilities,2023-08-29
4d085ff2-57f0-47f3-8a43-57eb4232f8e4,27,130.07,Entertainment,2023-05-28
723d3b69-ff3c-43f2-87d5-a6ace1cd9a8c,70,646.1,Travel,2023-11-17
57a6ac35-01da-4714-9440-b88b3cf38044,56,356.4,Groceries,2023-09-05
fd539feb-2a5b-471d-b5f2-25521b564295,37,208.6,Entertainment,2023-03-31
663b549a-6459-4b04-84a9-d9f09cfd19f1,30,301.57,Retail,2023-02-16
335961d7-b718-4abc-aee1-b71c9a5e2158,3,358.11,Utilities,2023-08-04
8dc781b6-c012-49c7-811b-2e84905ed0ae,60,113.85,Dining,2023-02-04
05ab8b06-8a94-4534-a363-75e05c841c6b,92,488.01,Dining,2023-10-14
c55d9a6c-2771-4b43-a6d7-0c9f9168c250,42,1196.32,Travel,2023-05-08
a6d0c107-9e61-4ef1-94cc-5e5c63ecb604,60,157.4,Dining,2023-11-06
a55d9864-cdd0-4be2-ae12-eb5d1bc5c9d8,60,95.87,Entertainment,2023-05-21
bde1226b-7b75-4905-a246-2d00ea3d12e5,1,291.97,Retail,2023-10-26
fcd91862-77fe-42a5-9caf-fdcedf8023e9,34,171.62,Retail,2023-10-24
f89a2ef1-ffba-42ad-a00c-b888d4d57309,26,212.53,Retail,2023-09-17
7d9729de-b1b2-48dd-a4d3-b4c0a0e8ec2c,26,386.87,Travel,2023-11-20
93adda7a-b9e0-4525-94db-52adae2c5de7,1,234.56,Utilities,2023-12-15
c943df23-01d7-4c23-9474-f91bf3c2c4dd,73,281.84,Groceries,2023-10-26
b3a7fab5-8abc-4d19-a470-aff68a851d8a,53,458.83,Groceries,2023-06-10
92b932ec-d2e8-49ea-82ff-a443db1b5121,18,1093.45,Travel,2023-01-21
dec852b6-a6b5-4dc1-ae86-0a10e7c56614,11,677.79,Travel,2023-12-13
8bd4ba7a-5aa2-45ca-9dc4-217a4423c14d,9,324.77,Retail,2023-01-21
56079d7d-c8c5-4f39-ae73-2832168fc450,21,294.58,Entertainment,2023-06-04
bb0077de-40a0-4eea-af5a-f4d5d8851079,50,935.3,Travel,2023-06-06
ea4a0198-ca22-4ffa-bd4e-d5b26c0c1eb7,98,399.27,Entertainment,2023-06-26
0a91cd46-891a-4c9c-8e4e-7c50420b91e3,80,493.3,Dining,2023-10-14
35a5149d-c0cd-46bd-8487-bdd934a95476,95,180.19,Utilities,2023-04-19
f13b0c2a-332d-4e60-afed-5675e0bef03e,21,346.72,Dining,2023-08-22
0f8bccc1-2f10-4afa-aa5f-de549910049b,96,390.24,Dining,2023-12-01
b45639fb-5552-4706-abc2-745e9a9f02ed,91,452.73,Retail,2023-11-22
3754c6a6-1a46-41e9-9337-8cbf9f26f094,96,369.04,Retail,2023-04-16
febf053d-8f4c-475f-aafc-c7fd68fb04b0,86,429.3,Retail,2023-09-12
0eb39b32-a164-47ae-8fc8-dfc5a135ed03,48,249.09,Retail,2023-06-03
67644488-f04f-4e2d-97bf-447bc5fc2b59,51,561.22,Travel,2023-01-05
7cf7893c-1eb8-4bf5-8e0d-7d3a8c93cdea,76,426.58,Entertainment,2023-06-06
afdce7c2-03e4-49fa-9cc7-addfdd4238fe,64,434.81,Retail,2023-10-03
d76e13e4-4d98-40ad-847b-fc4597f9ed65,94,39.48,Dining,2023-06-29
d92d9154-5d4d-4baf-be45-2909378832b7,37,416.02,Utilities,2023-01-21
739b8eb4-302d-4e73-ad11-8d9f71ee2df5,88,184.51,Entertainment,2023-09-05
013b2389-c371-40a5-8425-91fcfd737087,50,188.81,Dining,2023-08-05
add681c7-f7e7-48d9-bc6e-49d7cb4f0faa,48,1367.26,Travel,2023-03-01
da1f9cf5-6a88-4c01-94ab-03f97ccd82eb,14,259.42,Utilities,2023-06-26
d676e8bd-8946-419c-9ba8-6ac2289e7d43,3,185.07,Dining,2023-04-17
5f5634a4-3b8d-4338-9387-184698127527,35,190.48,Entertainment,2023-08-03
c27c6f2a-d35f-45b0-9f22-289ff89f8a29,42,31.68,Retail,2023-06-22
8bc46655-7912-4ccb-b149-d4eaee098a65,43,462.94,Dining,2023-06-13
41bc7ae1-57ab-467c-a8b0-876d204f890c,14,354.33,Utilities,2023-11-12
e35cb014-e844-4746-8701-1141186a9f66,70,280.59,Retail,2023-04-05
319f1478-59b2-41a4-a649-35b26de0e3a8,21,257.14,Entertainment,2023-10-30
12fb0d11-5e01-4d02-9cb9-33592adf7cd8,43,1695.52,Travel,2023-07-21
d39f840e-afd8-4257-8be9-5b9ab64ba9e2,66,363.89,Retail,2023-06-07
d97dbd2f-19d7-42a8-93b1-034ca0895e22,84,487.1,Dining,2023-08-23
91b73809-e7fc-4acf-a1c8-cf31c7b35edb,69,498.74,Dining,2023-07-22
4e59ca21-00c9-4145-9da2-c09885aa035b,39,266.78,Utilities,2023-08-28
a5f400ad-eaec-483d-9c0d-dfc5585b8a64,54,197.04,Utilities,2023-01-08
880f7a9c-bd18-4ca0-8cfa-0dcc071a5181,88,58.51,Utilities,2023-10-30
559415ea-5951-436f-b34b-78b32309ae22,27,283.43,Travel,2023-04-21
0e0cf497-47bc-4f9a-979d-81ba23cb6981,19,1818.89,Travel,2023-02-03
de9a5664-343b-43b4-b068-cf9b18d8781a,43,18.4,Groceries,2023-11-27
c5ea6e14-9f7d-487e-b4d7-0b6819ca2007,34,476.86,Dining,2023-10-23
e0413250-5103-47b0-86d3-2eff204a46d4,16,417.77,Dining,2023-12-01
7cd5ab1d-9019-4f9b-93f0-1a5aae6f0730,97,430.66,Entertainment,2023-07-27
eb3b0218-c073-4992-b41e-8e9c6d7d6ddd,19,1950.92,Travel,2023-06-08
25efc20b-1fca-490d-b94f-d431ae224f5e,43,342.47,Retail,2023-02-27
1fe03558-8f10-4704-8991-cdbe9c6edb04,66,324.3,Entertainment,2023-04-17
b71e0912-7851-4b86-9141-44364d73c05c,44,120.22,Entertainment,2023-03-25
2424fab7-70f1-4a30-b64a-b3a9e210438d,68,184.95,Retail,2023-09-04
bffe2a46-fae8-427d-97ac-269b287b4abc,90,223.97,Retail,2023-03-31
06d0382c-d4cf-4bb6-9edf-8348658c9be3,46,388.08,Utilities,2023-08-24
e6019d7d-f855-4e12-be73-c1a22d62d813,63,86.55,Groceries,2023-03-06
fe8bc4c0-8b19-417b-aea6-c2b10f1ac8d2,37,296.08,Dining,2023-11-11
bbc30325-581c-47e0-a736-cb42dad7437c,42,361.63,Retail,2023-09-03
